0.015,19.071,-0.59079,-1.8191,0.013,0.021641,1.1141,-0.17955
0.025,16.071,0.57412,-2.3751,0.023,0.024082,1.7153,-0.23411
0.035,12.082,1.324,-2.6848,0.033,-0.077707,2.0544,-0.23107
0.045,8.3776,1.9129,-3.0929,0.043,-0.15928,2.1731,-0.1979
0.055,2.4304,2.1697,-3.5521,0.053,-0.20682,2.3523,-0.12218
0.065,-1.2823,1.7096,-3.1503,0.063,-0.13561,2.4672,-0.054706
0.075,-6.4581,0.90985,-0.95948,0.073,0.0023982,2.4141,-0.0066607
0.085,-9.358,0.059734,0.83809,0.083,0.16812,2.1163,0.056644
0.095,-11.743,-1.0578,1.2241,0.093,0.23169,1.8397,0.047222
0.105,-14.8,-2.0252,1.1942,0.103,0.22026,1.7945,0.02775
0.115,-18.068,-2.7266,0.76517,0.113,0.2101,1.9466,0.039476
0.125,-19.243,-2.2906,-4.3016,0.123,0.20205,2.6413,0.020721
0.135,-18.283,-1.8567,-7.1241,0.133,0.21393,3.3062,0.029368
0.145,-16.055,-1.5805,-8.8986,0.143,0.25728,3.2208,0.08667
0.155,-13.175,-1.2142,-8.8295,0.153,0.2897,2.4586,0.12896
0.165,-11.554,-0.46208,-7.5029,0.163,0.35252,0.43829,0.18113
0.175,-10.449,0.10081,-5.2623,0.173,0.42371,-1.2885,0.19898
0.185,-10.561,0.20909,-3.1326,0.183,0.32581,-3.2068,0.076702
0.195,-10.846,0.69232,-0.88618,0.193,0.18487,-4.1531,0.038804
0.205,-10.356,1.4174,0.9885,0.203,0.057432,-4.3958,0.040789
0.215,-9.5782,1.7065,2.2699,0.213,-0.011805,-4.4249,-0.0075695
0.225,-7.1068,1.4776,5.4589,0.223,-0.076449,-2.7219,-0.17838
0.235,-4.4457,0.82183,7.8171,0.233,-0.019904,0.14791,-0.17422
0.245,-4.2875,-0.17796,4.663,0.243,0.044383,1.3326,-0.095552
0.255,-5.2574,-0.59087,2.5071,0.253,0.061846,1.4027,-0.032318
0.265,-7.6205,-0.57515,1.4034,0.263,0.041223,1.2409,0.018171
0.275,-9.9869,-0.63675,0.39851,0.273,0.032532,1.0923,0.021638
0.285,-11.147,-0.37748,-0.49065,0.283,0.076611,1.0632,0.046838
0.295,-11.785,-0.46083,-0.98819,0.293,0.13527,0.94173,0.025317
0.305,-12.37,-0.21705,-1.1818,0.303,0.080313,0.66942,0.026449
0.315,-12.232,0.16748,-1.6258,0.313,-0.036752,0.31951,0.059192
0.325,-11.443,0.36919,-1.1903,0.323,-0.094782,-0.012276,0.058347
0.335,-10.097,0.94224,-0.53445,0.333,-0.098618,-0.47076,-0.017633
0.345,-9.7449,1.0332,-0.064455,0.343,-0.063547,-0.73444,-0.095435
0.355,-9.6811,0.74957,0.24014,0.353,-0.053268,-0.68038,-0.11531
0.365,-9.3692,0.22098,0.49034,0.363,-0.077623,-0.48216,-0.1067
0.375,-8.9493,-0.44496,1.0977,0.373,-0.028489,-0.22407,-0.084143
0.385,-8.6531,-0.82743,1.2171,0.383,0.057932,-0.061284,-0.067955
0.395,-8.7652,-0.96879,0.999,0.393,0.11302,0.0086078,-0.034512
0.405,-9.1323,-0.787,0.62303,0.403,0.13133,0.034661,0.0024028
0.415,-9.4671,-0.48799,0.3599,0.413,0.11525,0.055446,0.012719
0.425,-9.8503,-0.34798,0.13171,0.423,0.097763,0.068352,0.02699
0.435,-9.9338,-0.17218,-0.39976,0.433,0.068254,0.086133,0.036449
0.445,-9.8363,-0.051665,-0.8926,0.443,0.02212,0.09333,0.026994
0.455,-9.6719,0.11225,-1.3843,0.453,-0.037093,0.066616,0.019562
0.465,-8.9298,0.23501,-1.8578,0.463,-0.083079,-0.080312,0.0075664
0.475,-6.7337,0.18234,-2.0589,0.473,-0.042903,-0.509,-0.045043
0.485,-3.4687,-0.093752,-1.8138,0.483,0.074223,-1.0819,-0.11046
0.495,0.083148,-0.55964,-1.5048,0.493,0.34436,-1.7678,-0.11056
0.505,4.0559,-0.98917,-2.764,0.503,0.82175,-2.4054,-0.045691
0.515,11.752,-1.9552,-8.5378,0.513,1.0254,-2.8407,0.14244
0.525,23.814,-1.9777,-8.6857,0.523,0.40905,-3.7743,0.64424
0.535,36.963,1.0559,1.1399,0.533,-0.38036,-3.3538,0.86927
0.545,41.698,5.6746,2.0227,0.543,-0.51556,-0.40395,0.3902
0.555,28.408,6.4535,-2.7037,0.553,-0.30645,2.2926,0.010558
0.565,15.962,3.4979,-2.6585,0.563,-0.35794,1.8274,0.37611
0.575,13.461,1.7825,-4.0365,0.573,-0.43416,0.28155,0.60925
0.585,14.573,1.2604,-5.9393,0.583,-0.45811,-0.67513,0.62171
0.595,17.408,0.12001,-4.6151,0.593,-0.65884,-1.0432,0.3542
0.605,16.856,-1.1517,-0.14993,0.603,-0.68454,-0.12319,0.037005
0.615,15.152,-1.9847,2.3027,0.613,-0.52175,0.49503,-0.082614
0.625,11.181,-2.7196,2.4801,0.623,-0.37551,0.76767,-0.054582
0.635,6.5163,-2.4443,2.318,0.633,-0.31932,1.0011,0.035018
0.645,4.966,-1.4458,2.4395,0.643,-0.26699,1.009,0.020524
0.655,1.965,-0.19988,1.8657,0.653,-0.24037,0.81365,-0.018257
0.665,-0.7047,0.8203,1.0773,0.663,-0.2884,0.45606,-0.049837
0.675,-2.5201,1.0992,0.45009,0.673,-0.33869,0.027177,-0.057778
0.685,-4.1056,1.1066,-0.3137,0.683,-0.3496,-0.3253,-0.011819
0.695,-4.1585,1.2301,-0.89677,0.693,-0.37784,-0.63082,0.034221
0.705,-3.4199,1.4834,-1.0066,0.703,-0.41665,-0.66888,0.012078
0.715,-2.558,1.5083,-0.43966,0.713,-0.45747,-0.52033,-0.0028164
0.725,-2.1193,1.313,0.3874,0.723,-0.45403,-0.19634,-0.027219
0.735,-2.4293,0.8526,0.92615,0.733,-0.42958,0.056212,-0.046738
0.745,-3.1192,0.16052,1.0318,0.743,-0.42833,0.21225,-0.042017
0.755,-3.7672,-0.47939,1.3565,0.753,-0.39616,0.3133,-0.026608
0.765,-4.4873,-1.2573,1.5709,0.763,-0.31605,0.31622,0.01007
0.775,-5.1523,-1.565,1.3083,0.773,-0.20743,0.21751,0.10095
0.785,-5.6265,-1.7656,0.85474,0.783,-0.14638,0.16466,0.1711
0.795,-6.2725,-1.7683,0.4438,0.793,-0.076288,0.12344,0.22382
0.805,-6.1339,-1.1279,0.30061,0.803,-0.040646,-0.0053833,0.23098
0.815,-5.2682,-0.36402,-0.047671,0.813,-0.029491,-0.15782,0.20395
0.825,-3.8749,0.17416,-0.20418,0.823,-0.028426,-0.31229,0.14749
0.835,-2.481,0.3896,-0.063152,0.833,-0.0069207,-0.36911,0.076779
0.845,-1.6004,0.37355,0.092485,0.843,0.012054,-0.32187,0.049485
0.855,-0.8407,0.21853,0.0080663,0.853,0.034194,-0.23151,0.033614
0.865,-0.047597,-0.084222,-0.28059,0.863,0.050613,-0.12892,0.044529
0.875,0.46879,-0.33988,-0.69244,0.873,0.032452,-0.096328,0.048874
0.885,0.91565,-0.49102,-0.95567,0.883,-0.00048416,-0.095686,0.033817
0.895,1.2824,-0.45077,-0.89525,0.893,-0.019938,-0.076654,0.019962
0.905,1.3909,-0.27482,-0.88615,0.903,-0.022426,-0.01755,0.020175
0.915,1.3039,-0.037328,-1.1167,0.913,-0.018839,0.074405,0.026049
0.925,1.0937,0.1305,-1.424,0.923,-0.038013,0.10849,0.017527
0.935,0.64728,0.17197,-1.7676,0.933,-0.092861,0.13335,-0.029649
0.945,0.48993,0.23454,-1.5752,0.943,-0.13495,0.098906,-0.086869
0.955,0.24097,0.31117,-1.4825,0.953,-0.19725,0.056224,-0.1439
0.965,-0.24246,0.28713,-1.35,0.963,-0.29827,0.042916,-0.18387
0.975,-1.1773,0.21264,-0.95372,0.973,-0.38353,0.032734,-0.18562
0.985,-1.9942,0.035267,-0.44882,0.983,-0.42034,0.0068408,-0.15369
0.995,-3.1121,-0.12012,0.19063,0.993,-0.41025,-0.01613,-0.090691
1.005,-3.597,-0.32888,1.0297,1.003,-0.38629,-0.071226,-0.018966
1.015,-3.765,-0.59035,1.3222,1.013,-0.35595,-0.1159,0.047326
1.025,-3.8795,-0.73223,1.2626,1.023,-0.31034,-0.071757,0.087061
1.035,-3.9419,-0.84059,1.0645,1.033,-0.23801,-0.07133,0.11251
1.045,-3.7649,-0.97249,0.60822,1.043,-0.145,-0.17485,0.12551
1.055,-3.7024,-1.1673,0.14538,1.053,-0.0061062,-0.3896,0.12432
1.065,-3.8698,-1.3987,0.32504,1.063,0.1313,-0.68639,0.1248
1.075,-3.7576,-1.5117,1.0523,1.073,0.22624,-0.94603,0.12812
1.085,-3.3467,-1.3288,1.8192,1.083,0.26773,-0.97694,0.12897
1.095,-2.8573,-0.96706,2.5278,1.093,0.29462,-0.84795,0.13067
1.105,-1.9505,-0.53921,3.057,1.103,0.31423,-0.69369,0.11205
1.115,-0.83492,-0.379,3.1389,1.113,0.32054,-0.60042,0.073412
1.125,0.29266,-0.43014,2.7592,1.123,0.29343,-0.47525,0.028922
1.135,0.95158,-0.27892,1.889,1.133,0.20759,-0.34926,-0.016824
1.145,0.14975,0.13107,1.1573,1.143,0.134,-0.26189,-0.044601
1.155,-1.1228,0.54226,1.2258,1.153,0.080027,-0.24768,-0.039055
1.165,-2.0333,1.0307,1.7701,1.163,0.064577,-0.27957,-0.025586
1.175,-2.1906,1.2951,2.1,1.173,0.083733,-0.30964,-0.025865
1.185,-1.8675,1.1929,1.9873,1.183,0.084167,-0.33585,-0.033359
1.195,-1.0213,0.7496,1.6907,1.193,0.081703,-0.39114,-0.039201
1.205,0.30646,0.19903,1.7638,1.203,0.11651,-0.44196,-0.026134
1.215,1.263,-0.011551,1.9475,1.213,0.15563,-0.42524,-0.0027568
1.225,1.8041,-0.13866,1.6171,1.223,0.15348,-0.3225,0.049299
1.235,2.0441,-0.60094,0.61816,1.233,0.10743,-0.22107,0.10556
1.245,2.7779,-0.79995,-0.063209,1.243,0.05871,-0.20399,0.12856
1.255,3.9498,-0.53816,-0.79282,1.253,0.035675,-0.1944,0.088391
1.265,5.0094,-0.25376,-1.5948,1.263,0.031299,-0.16307,-0.017448
1.275,6.185,-0.30785,-1.8111,1.273,0.030893,-0.22602,-0.16619
1.285,6.6871,-0.96366,-2.0974,1.283,0.026829,-0.24098,-0.22532
1.295,6.8798,-1.6036,-1.734,1.293,0.024512,-0.087399,-0.089886
1.305,8.1019,-1.3362,-0.58113,1.303,0.026876,0.071437,0.086134
1.315,9.9628,-0.21138,0.43304,1.313,0.059556,0.25229,0.18606
1.325,11.604,0.97663,0.51721,1.323,0.14891,0.46593,0.12221
1.335,12.184,1.0679,-0.80033,1.333,0.20124,0.61274,-0.035587
1.345,11.858,0.1333,-2.376,1.343,0.13688,0.66642,-0.20758
1.355,11.521,-0.71383,-3.3431,1.353,-0.017675,0.56475,-0.34093
1.365,11.815,-1.2408,-2.9748,1.363,-0.12142,0.34985,-0.34233
1.375,13.042,-1.1802,-1.6626,1.373,-0.029772,0.24853,-0.21712
1.385,14.569,-0.49534,-0.88833,1.383,0.14454,0.28468,-0.055992
1.395,16.199,0.32673,-0.959,1.393,0.27287,0.40341,0.13687
1.405,17.896,0.94622,-1.3236,1.403,0.31403,0.6292,0.29421
1.415,18.562,1.4433,-1.7692,1.413,0.25718,0.7722,0.30017
1.425,17.891,1.7031,-1.9641,1.423,0.099312,0.78313,0.17779
1.435,16.845,1.2916,-1.9553,1.433,-0.065204,0.75932,0.015327
1.445,15.509,0.45099,-1.8276,1.443,-0.11601,0.74357,-0.0083024
1.455,14.239,-0.12663,-1.6001,1.453,-0.20479,0.70363,-0.0072966
1.465,12.749,-0.080691,-1.1266,1.463,-0.26879,0.69611,0.07056
1.475,11.273,0.29267,-0.69016,1.473,-0.3127,0.75111,0.13905
1.485,9.1127,0.76236,-0.66696,1.483,-0.39731,0.82489,0.1167
1.495,6.0403,1.1867,-1.2735,1.493,-0.50906,0.95355,0.019365
1.505,2.5484,1.1996,-2.0582,1.503,-0.56899,1.1945,-0.08686
1.515,0.49651,1.136,-2.679,1.513,-0.55782,1.4663,-0.14996
1.525,-3.2596,0.47041,-1.9872,1.523,-0.41161,1.9473,-0.15234
1.535,-7.569,-0.39195,-0.42527,1.533,-0.16664,2.5879,-0.12658
1.545,-9.4608,-0.74076,0.49382,1.543,-0.16671,2.4758,-0.11314
1.555,-12.035,-0.97499,0.70088,1.553,-0.1944,2.2944,-0.085946
1.565,-14.481,-0.74486,-0.62372,1.563,-0.23684,2.2246,-0.054503
1.575,-16.703,-0.26046,-3.2994,1.573,-0.16974,2.7878,-0.0010523
1.585,-18.095,0.13543,-6.4211,1.583,0.033012,3.9308,0.091341
1.595,-18.195,0.24938,-8.7114,1.593,0.24925,4.7702,0.15887
1.605,-16.163,0.37726,-9.2757,1.603,0.38077,4.8943,0.19123
1.615,-12.617,0.56092,-8.0368,1.613,0.48787,3.3428,0.19059
1.625,-11.803,-0.3039,-5.8358,1.623,0.41436,0.63484,0.074249
1.635,-12.696,-0.74732,-4.9187,1.633,0.025287,-2.5862,-0.093439
1.645,-13.322,-0.069035,-4.6484,1.643,-0.33294,-3.8388,-0.08688
1.655,-12.967,0.85646,-2.769,1.653,-0.58963,-4.6186,-0.016368
1.665,-11.956,1.0762,-0.2532,1.663,-0.44692,-4.5275,0.0091801
1.675,-10.412,0.99267,1.7805,1.673,-0.19851,-4.3678,-0.064257
1.685,-8.7691,0.88796,3.0301,1.683,-0.010402,-4.1071,-0.16774
1.695,-6.4162,0.39402,3.3296,1.693,0.06842,-3.281,-0.28332
1.705,-4.1602,-0.24392,3.1384,1.703,-0.11791,-1.9368,-0.34466
1.715,-4.2778,-0.50617,1.6798,1.713,-0.299,0.13299,-0.30418
1.725,-6.9907,-0.67825,0.52356,1.723,-0.16938,1.5576,-0.20339
1.735,-8.8108,-0.84221,1.4201,1.733,-0.061781,1.4733,-0.20238
1.745,-9.5355,-0.78164,0.52312,1.743,-0.030271,1.2784,-0.19987
1.755,-10.648,-0.93023,-0.68527,1.753,0.031028,0.94079,-0.15456
1.765,-11.511,-1.0523,-0.99375,1.763,0.087756,0.66923,-0.070784
1.775,-12.001,-1.078,-1.0993,1.773,0.10046,0.30149,0.00048482
1.785,-11.893,-0.78279,-1.5958,1.783,0.12004,-0.048246,0.030692
1.795,-11.532,-0.0079766,-1.5632,1.793,0.13108,-0.48864,0.027334
1.805,-10.773,0.54478,-1.3136,1.803,0.096894,-0.96469,-0.0056238
1.815,-10.412,0.71975,-1.026,1.813,0.073839,-1.2476,-0.043193
1.825,-10.264,0.5432,-0.020323,1.823,0.069491,-1.4412,-0.06424
1.835,-9.8204,0.073992,1.0503,1.833,0.06869,-1.6316,-0.072604
1.845,-9.4536,-0.39008,1.3917,1.843,0.063168,-1.604,-0.048659
1.855,-9.1112,-0.69143,1.5294,1.853,0.069397,-1.2973,0.034492
1.865,-8.602,-0.6434,1.9953,1.863,0.087181,-1.0336,0.075948
1.875,-7.999,-0.31824,2.1934,1.873,0.13989,-0.66702,0.09103
1.885,-7.7095,-0.1869,1.956,1.883,0.1875,-0.37564,0.076738
1.895,-7.8333,-0.17784,2.119,1.893,0.19193,-0.27426,0.051409
1.905,-8.03,-0.1217,2.473,1.903,0.18168,-0.26619,0.055172
1.915,-7.8604,-0.068623,2.7728,1.913,0.15373,-0.2228,0.024984
1.925,-6.6855,-0.0049543,1.6514,1.923,0.077882,-0.21373,-0.065816
1.935,-3.8073,0.0036225,-0.44884,1.933,0.051994,-0.35543,-0.21665
1.945,-1.2963,-0.17387,-1.8743,1.943,0.1541,-0.50624,-0.29555
1.955,2.9668,-0.76317,-4.3002,1.953,0.55853,-1.0249,-0.2424
1.965,8.6582,-1.3995,-7.0266,1.963,0.93194,-1.8923,0.063785
1.975,19.925,-1.6572,-9.8516,1.973,0.92498,-3.9555,0.58851
1.985,30.442,-0.74119,-11.589,1.983,0.2971,-5.2172,0.70102
1.995,42.286,4.1217,-4.8048,1.993,-0.53069,-3.7798,0.16673
2.005,33.781,3.7542,-0.64036,2.003,-0.50039,0.69891,-0.35173
2.015,23.324,0.34711,-0.2305,2.013,-0.41547,2.3697,-0.26896
2.025,21.115,-0.4514,-3.5906,2.023,-0.68146,1.5852,-0.16032
2.035,13.597,1.6975,-4.7559,2.033,-0.50353,0.73061,-0.13694
2.045,10.509,1.0482,-2.5682,2.043,-0.25718,0.039081,-0.050369
2.055,7.8343,-1.803,-0.5563,2.053,-0.17607,-0.34342,0.22193
2.065,7.8437,-2.4106,0.54286,2.063,-0.14552,-0.056171,0.36464
2.075,9.2979,-0.64839,0.50336,2.073,-0.12,0.27616,0.289
2.085,8.9535,-0.058063,-0.74624,2.083,-0.19517,0.26954,0.15588
2.095,7.1085,-0.21438,-1.5736,2.093,-0.25282,0.23757,0.068009
2.105,5.1181,-0.37491,-1.1412,2.103,-0.24955,0.16311,0.01355
2.115,3.8986,-0.38334,-0.60099,2.113,-0.20054,0.028149,-0.013567
2.125,2.2669,-0.31179,0.063699,2.123,-0.091248,-0.055843,0.0027587
2.135,1.1606,-0.30527,0.50665,2.133,-0.0027082,-0.061574,0.04417
2.145,0.31519,-0.56804,0.98102,2.143,0.06869,0.0042468,0.088856
2.155,-0.18383,-0.82515,1.1456,2.153,0.1226,0.15284,0.13468
2.165,-0.57898,-0.79916,1.1005,2.163,0.13465,0.28624,0.16365
2.175,-1.1668,-0.41626,1.1931,2.173,0.12707,0.38217,0.17251
2.185,-1.6302,-0.031418,1.2799,2.183,0.11421,0.46358,0.15035
2.195,-2.0765,0.3828,1.3132,2.193,0.094722,0.50355,0.11444
2.205,-2.5343,0.79368,1.1468,2.203,0.067844,0.52285,0.063909
2.215,-3.0491,0.97264,0.77212,2.213,0.032817,0.53565,-0.010535
2.225,-3.4757,0.85736,0.51843,2.223,-0.0051787,0.48494,-0.074027
2.235,-4.2945,0.41339,0.33416,2.233,-0.056766,0.43053,-0.10488
2.245,-5.0286,0.091828,0.41321,2.243,-0.099053,0.42534,-0.10799
2.255,-5.4648,0.0031725,0.91674,2.253,-0.13092,0.40834,-0.096437
2.265,-5.3696,0.29996,1.1562,2.263,-0.1467,0.36697,-0.096391
2.275,-5.0613,0.58664,0.95946,2.273,-0.14079,0.31999,-0.10445
2.285,-4.7457,0.51818,0.49338,2.283,-0.11932,0.26781,-0.091063
2.295,-4.466,0.24024,-0.074123,2.293,-0.066931,0.15425,-0.037651
2.305,-4.1217,-0.17946,-0.4995,2.303,-0.0041594,-0.012063,0.030085
2.315,-3.5225,-0.62221,-0.93312,2.313,0.040445,-0.13596,0.088746
2.325,-2.4389,-0.82858,-1.4111,2.323,0.071412,-0.17775,0.12632
2.335,-1.5516,-0.65399,-1.4941,2.333,0.10165,-0.1626,0.11417
2.345,-1.0636,-0.41884,-1.4989,2.343,0.12323,-0.13142,0.081233
2.355,-0.69147,-0.17337,-1.7327,2.353,0.13889,-0.083716,0.044866
2.365,-0.62388,0.0067189,-1.8431,2.363,0.17521,-0.036051,0.022845
2.375,-0.82497,0.1149,-1.7035,2.373,0.23424,0.0019315,0.028224
2.385,-1.0305,0.28034,-1.6297,2.383,0.28537,0.048798,0.023629
2.395,-1.41,0.38368,-1.8027,2.393,0.30786,0.070785,0.0002064
2.405,-1.8829,0.45769,-2.0867,2.403,0.29317,0.023925,-0.04111
2.415,-2.2726,0.57976,-2.3128,2.413,0.25961,-0.045133,-0.08898
2.425,-3.0796,0.62432,-2.2864,2.423,0.20817,-0.14315,-0.1371
2.435,-3.7597,0.46675,-2.1642,2.433,0.15121,-0.27189,-0.1784
2.445,-3.9523,0.098662,-1.7435,2.443,0.10491,-0.39177,-0.17218
2.455,-4.4985,-0.63619,-1.2084,2.453,0.044637,-0.4775,-0.13131
2.465,-4.9459,-1.2918,-0.44574,2.463,0.022614,-0.47944,-0.056767
2.475,-5.162,-1.348,0.4544,2.473,0.02788,-0.54083,0.027742
2.485,-5.5427,-0.91238,1.1645,2.483,0.043038,-0.58677,0.081655
2.495,-6.1583,-0.13517,1.7164,2.493,0.066085,-0.61059,0.11473
2.505,-6.6472,0.65449,2.0494,2.503,0.096753,-0.62225,0.096205
2.515,-6.3103,1.2482,2.3714,2.513,0.14839,-0.76523,0.024267
2.525,-5.4158,1.2753,1.9184,2.523,0.14143,-0.91747,-0.044094
2.535,-4.7205,0.94135,1.2157,2.533,0.066359,-0.98208,-0.063062
2.545,-3.818,0.5755,1.0121,2.543,-0.037864,-1.0439,-0.04017
2.555,-2.9126,0.34471,0.97441,2.553,-0.16308,-1.1437,0.016797
2.565,-2.5378,0.46408,1.4358,2.563,-0.24182,-1.1425,0.08563
2.575,-1.1234,0.59402,2.4518,2.573,-0.33061,-1.011,0.16183
2.585,0.047261,0.7335,2.5388,2.583,-0.37074,-0.77577,0.12965
2.595,0.91877,0.44432,2.5702,2.593,-0.30236,-0.61851,0.029296
2.605,1.6115,-0.47773,2.3959,2.603,-0.16141,-0.55533,-0.038835
2.615,1.3541,-1.7537,1.2259,2.613,-0.051801,-0.48471,-0.0085705
2.625,0.83789,-2.1844,-0.28825,2.623,-0.028897,-0.39011,0.092
2.635,1.1404,-1.4013,-0.53669,2.633,-0.15685,-0.39446,0.23673
2.645,2.0079,-0.53101,-0.2818,2.643,-0.22677,-0.33799,0.28213
2.655,3.6301,0.88029,0.69791,2.653,-0.25872,-0.2878,0.26802
2.665,5.2119,2.0232,1.643,2.663,-0.18211,-0.28838,0.22076
2.675,6.8039,2.3498,1.8152,2.673,-0.12705,-0.21745,0.176
2.685,8.0512,0.73661,1.633,2.683,-0.11572,-0.050972,0.12095
2.695,7.9045,-1.8359,1.1951,2.693,-0.13263,0.18658,0.1797
2.705,7.7619,-3.2888,-0.34864,2.703,-0.11627,0.30857,0.23911
2.715,8.0188,-2.103,-2.8425,2.713,-0.031622,0.41103,0.10807
2.725,7.3002,0.082684,-3.4245,2.723,0.11771,0.55824,-0.058592
2.735,6.8127,1.7359,-3.022,2.733,0.12218,0.47902,-0.04286
2.745,8.8346,1.339,-2.5348,2.743,0.053444,0.35459,-0.0035915
2.755,11.529,0.3488,-2.1918,2.753,0.00078254,0.35211,0.028489
2.765,13.721,-0.65041,-2.534,2.763,-0.048666,0.39398,0.06866
2.775,15.406,-1.58,-3.1326,2.773,-0.080945,0.40734,0.092744
2.785,15.986,-1.6965,-3.8524,2.783,-0.036948,0.55803,0.031375
2.795,15.182,-0.8669,-4.2701,2.793,-0.00072904,0.78494,-0.0069741
2.805,13.832,-0.10621,-4.1919,2.803,-0.0231,0.96284,0.0036785
2.815,12.733,0.33976,-3.0641,2.813,-0.057188,0.95538,0.023918
2.825,12.034,0.43235,-2.019,2.823,-0.06358,0.85631,0.056942
2.835,12.216,0.080069,-1.3895,2.833,-0.00017739,0.72092,0.10453
2.845,12.61,-0.35789,-1.3888,2.843,0.036555,0.61343,0.13684
2.855,13.212,-0.76915,-1.6925,2.853,0.00028033,0.44911,0.17839
2.865,14.083,-0.68268,-1.7221,2.863,-0.098333,0.27348,0.22475
2.875,15.11,0.13481,-1.177,2.873,-0.12309,0.18087,0.24237
2.885,15.945,0.80245,-1.3385,2.883,-0.10191,0.28253,0.19494
2.895,16.327,1.2337,-1.5365,2.893,-0.094991,0.55327,0.052032
2.905,15.381,1.2401,-1.4964,2.903,-0.17956,0.70382,-0.072742
2.915,14.123,1.0959,-1.1252,2.913,-0.29846,0.81751,-0.14414
2.925,10.577,0.84671,-0.45037,2.923,-0.43794,1.1798,-0.14949
2.935,6.2978,0.33506,-0.025526,2.933,-0.56851,1.9439,-0.13587
2.945,3.2612,0.13038,-0.35637,2.943,-0.62205,2.3777,-0.1635
2.955,0.50906,0.18191,-1.7167,2.953,-0.65706,2.5952,-0.21745
2.965,-3.1064,0.38142,-2.8063,2.963,-0.73391,2.8039,-0.31601
2.975,-7.0653,0.41178,-1.8052,2.973,-0.75953,2.8453,-0.35646
2.985,-10.232,0.44871,-0.16654,2.983,-0.73057,2.7694,-0.36448
2.995,-13.412,0.74685,-0.0033641,2.993,-0.67112,2.9296,-0.3603
3.005,-15.968,0.86203,-1.9546,3.003,-0.70626,3.503,-0.32958
3.015,-18.755,0.87725,-4.6107,3.013,-0.73696,4.3449,-0.2627
3.025,-19.84,0.41169,-6.9687,3.023,-0.62446,5.0411,-0.16226
3.035,-18.037,-0.38553,-8.4568,3.033,-0.12963,5.3815,0.067594
3.045,-14.858,-1.3624,-8.9615,3.043,0.22903,4.9501,0.17332
3.055,-12.113,-2.2744,-8.9233,3.053,0.44472,3.147,0.19001
3.065,-10.791,-2.5558,-8.5662,3.063,0.32506,0.47024,0.17091
3.075,-12.222,-1.8268,-8.7534,3.073,-0.28351,-2.1301,0.09632
3.085,-13.452,-0.13266,-6.4329,3.083,-0.81782,-3.7673,0.10295
3.095,-13.053,0.9625,-3.911,3.093,-1.0222,-4.5312,0.12072
3.105,-11.5,1.2392,-0.83374,3.103,-0.91755,-4.7841,-0.027488
3.115,-10.332,1.3112,1.8758,3.113,-0.56971,-4.7947,-0.3123
3.125,-8.781,1.0431,4.2914,3.123,-0.23534,-4.9213,-0.5424
3.135,-7.3384,0.13856,4.6854,3.133,-0.13115,-4.4761,-0.56296
3.145,-5.8916,-0.9277,3.4437,3.143,-0.16296,-2.9795,-0.42175
3.155,-3.8768,-2.3267,1.9342,3.153,-0.23785,-0.54036,-0.22787
3.165,-4.9592,-2.043,1.3538,3.163,-0.14977,1.588,-0.12516
3.175,-7.5784,-1.0268,1.315,3.173,0.040548,2.0285,-0.1044
3.185,-9.2498,-0.83416,0.039389,3.183,0.24171,1.8803,-0.055714
3.195,-9.9769,-1.1638,-0.81562,3.193,0.48111,1.7546,-0.054398
3.205,-11.163,-1.2197,-1.6955,3.203,0.60838,1.369,-0.051765
3.215,-11.907,-1.2394,-2.5981,3.213,0.50549,0.82031,0.026133
3.225,-12.545,-1.1159,-2.8372,3.223,0.30565,0.18311,0.11733
3.235,-12.558,-0.692,-2.5972,3.233,0.30598,-0.22172,0.14866
3.245,-12.205,-0.23418,-1.9958,3.243,0.36608,-0.66848,0.1001
3.255,-11.636,0.3474,-2.0392,3.253,0.40599,-1.0984,0.070436
3.265,-10.856,0.35444,-2.0759,3.263,0.42504,-1.3389,0.049142
3.275,-10.477,0.10495,-1.3469,3.273,0.38447,-1.5906,0.010112
3.285,-9.9904,-0.20239,-0.34015,3.283,0.31744,-1.8537,0.016969
3.295,-9.3092,-0.53606,0.74256,3.293,0.32001,-2.0129,0.014351
3.305,-8.6202,-0.41467,1.737,3.303,0.37983,-2.0776,0.0031097
3.315,-8.048,-0.28926,2.2626,3.313,0.42265,-1.8784,-0.011146
3.325,-7.6527,-0.090507,2.573,3.323,0.47674,-1.2061,-0.055473
3.335,-7.5938,0.047093,2.8492,3.333,0.5333,-0.62955,-0.084017
3.345,-7.7225,-0.11391,3.2912,3.343,0.57742,-0.33449,-0.078783
3.355,-8.2018,-0.090069,3.6792,3.353,0.58161,-0.20272,-0.042304
3.365,-8.4339,-0.01223,3.7066,3.363,0.58185,-0.24991,-0.020957
3.375,-7.8942,-0.32932,3.2937,3.373,0.60964,-0.19424,-0.045747
3.385,-5.9847,-0.48649,1.535,3.383,0.6189,-0.1135,-0.14631
3.395,-3.3478,-0.15721,-1.0768,3.393,0.72594,-0.0019802,-0.27161
3.405,-0.12081,-0.63758,-4.4298,3.403,0.96466,0.091801,-0.30939
3.415,4.578,-1.8255,-7.6781,3.413,1.2469,-0.14792,-0.16011
3.425,12.601,-2.478,-8.3947,3.423,1.3722,-1.9538,0.36626
3.435,24.196,-1.7477,-7.9132,3.433,1.0015,-5.0967,0.9659
3.445,37.742,1.9914,-7.8541,3.443,0.10399,-6.1655,0.72797
3.455,42.989,8.3101,-1.2434,3.453,-0.61846,-3.3667,-0.19454
3.465,33.244,7.2506,2.7853,3.463,-0.24616,1.6633,-0.39103
3.475,24.375,0.80048,-4.4169,3.473,-0.0252,3.3973,-0.056041
3.485,20.844,-1.4302,-7.0842,3.483,-0.26512,1.8779,-0.011189
3.495,14.139,-2.4014,-3.4518,3.493,-0.34692,0.63331,-0.073986
3.505,7.7474,-0.93469,0.32185,3.503,-0.35457,0.70082,-0.10902
3.515,4.7754,-0.76181,1.3246,3.513,-0.38105,1.1256,-0.072359
3.525,6.2314,-2.0551,-0.10113,3.523,-0.36867,0.86442,0.00154
3.535,6.2429,-2.2827,-0.76229,3.533,-0.25446,0.36808,0.072777
3.545,6.3265,-1.5938,-0.80587,3.543,-0.14987,0.091423,0.11022
3.555,7.2273,-0.63014,-0.45281,3.553,-0.13568,-0.098825,0.11489
3.565,7.5635,0.034833,-0.090572,3.563,-0.12879,0.013243,0.072935
3.575,6.8587,0.41299,-0.30025,3.573,-0.080887,0.19617,0.027964
3.585,5.9095,0.88954,-0.88401,3.583,-0.14548,0.27398,0.047881
3.595,4.8624,1.088,-0.60516,3.593,-0.22146,0.34345,0.059894
3.605,3.7605,1.1336,-0.048527,3.603,-0.2714,0.50587,0.042691
3.615,2.4495,1.0214,0.18559,3.613,-0.30739,0.6771,0.044006
3.625,1.0139,0.73599,0.29744,3.623,-0.31828,0.84117,0.061954
3.635,-0.41061,0.31904,0.48103,3.633,-0.29505,0.91927,0.083531
3.645,-1.5688,-0.10615,0.64297,3.643,-0.26065,0.90425,0.084639
3.655,-2.6125,-0.53693,0.75299,3.653,-0.19332,0.81925,0.073975
3.665,-3.4548,-0.84357,0.90191,3.663,-0.13815,0.67628,0.069725
3.675,-4.3579,-0.85323,1.0396,3.673,-0.09397,0.45876,0.079087
3.685,-4.5725,-0.51128,1.2297,3.683,-0.064645,0.329,0.079312
3.695,-4.3066,-0.013667,1.1565,3.693,-0.042838,0.28946,0.064716
3.705,-3.7886,0.41643,0.95237,3.703,-0.033752,0.32048,0.045224
3.715,-3.2042,0.74722,0.5443,3.713,-0.029418,0.36741,0.028131
3.725,-3.0131,0.74042,0.2143,3.723,-0.028426,0.40357,0.026049
3.735,-2.9832,0.62628,-0.11898,3.733,-0.014181,0.41646,0.03236
3.745,-2.966,0.30735,-0.2423,3.743,0.0045973,0.38014,0.036702
3.755,-3.0241,-0.11907,-0.47815,3.753,0.01738,0.34498,0.046289
3.765,-3.0553,-0.37108,-0.68545,3.763,0.013904,0.33629,0.051195
3.775,-3.0066,-0.41085,-0.84401,3.773,0.0094729,0.33725,0.054082
3.785,-2.8849,-0.29788,-1.0429,3.783,0.01738,0.30983,0.046289
3.795,-2.6509,-0.040468,-1.2633,3.793,0.0056625,0.23739,0.046289
3.805,-2.3338,0.30738,-1.4085,3.803,-0.016305,0.1803,0.043112
3.815,-1.8276,0.42492,-1.4893,3.813,-0.042274,0.15963,0.0068743
3.825,-1.3836,0.431,-1.5707,3.823,-0.058628,0.16387,-0.031519
3.835,-1.1064,0.50219,-1.682,3.833,-0.058924,0.19631,-0.072961
3.845,-1.1964,0.49972,-1.7119,3.843,-0.048816,0.21719,-0.084791
3.855,-1.5653,0.41406,-1.8132,3.853,-0.018722,0.1776,-0.075606
3.865,-1.8721,0.17714,-2.0781,3.863,0.0022436,0.11124,-0.055341
3.875,-1.9628,0.10891,-2.2783,3.873,0.022664,0.0024394,-0.021376
3.885,-1.839,0.090364,-2.5766,3.883,0.040677,-0.10677,0.011953
3.895,-1.4784,0.070837,-2.7968,3.893,0.052148,-0.1653,0.025372
3.905,-1.3506,0.08455,-2.8145,3.903,0.086039,-0.18101,0.024725
3.915,-1.4872,0.14449,-2.7999,3.913,0.12932,-0.15634,0.020947
3.925,-1.7415,0.22708,-2.851,3.923,0.16443,-0.11735,0.017804
3.935,-2.0391,0.23514,-2.9885,3.933,0.21872,-0.037447,-0.019757
3.945,-2.3838,0.19846,-2.9493,3.943,0.25299,-0.023997,-0.060261
3.955,-3.2317,0.14237,-2.918,3.953,0.27871,-0.013468,-0.10258
3.965,-4.1608,0.10833,-2.7843,3.963,0.28405,-0.0093875,-0.17639
3.975,-5.1489,0.035624,-2.1363,3.973,0.26486,-0.10961,-0.24278
3.985,-6.3103,-0.071288,-1.0416,3.983,0.23863,-0.25904,-0.27583
3.995,-7.4203,-0.11328,0.17101,3.993,0.16632,-0.4347,-0.27998
4.005,-7.8912,-0.14043,1.3738,4.003,0.06972,-0.55826,-0.25607
4.015,-7.462,0.1663,2.5296,4.013,-0.026864,-0.61252,-0.23641
4.025,-6.7917,0.48698,2.9458,4.023,-0.094077,-0.59877,-0.23905
4.035,-5.8416,0.68005,2.7157,4.033,-0.14016,-0.67379,-0.26704
4.045,-5.5135,0.71963,2.0941,4.043,-0.14094,-0.77861,-0.26355
4.055,-5.0978,0.60667,1.0538,4.053,-0.10532,-1.0577,-0.13651
4.065,-4.2317,0.33902,0.40129,4.063,-0.068725,-1.3939,0.024311
4.075,-2.4493,0.050505,0.58825,4.073,0.012659,-1.5807,0.14427
4.085,-1.292,0.11216,1.5095,4.083,0.16667,-1.5212,0.19589
4.095,0.15361,0.13429,2.7757,4.093,0.29355,-1.3173,0.19235
4.105,1.1609,-0.021511,2.7966,4.103,0.28044,-1.0286,0.20967
4.115,1.973,-0.33942,1.986,4.113,0.15226,-0.72467,0.24234
4.125,2.6048,-0.35096,1.8531,4.123,0.076461,-0.53251,0.19804
4.135,2.1559,0.043265,1.4229,4.133,0.05786,-0.43459,0.078481
4.145,1.4132,0.1419,1.0002,4.143,-0.048313,-0.46327,-0.0061553
4.155,0.93885,-0.28232,0.24864,4.153,-0.17599,-0.46311,-0.010977
4.165,0.97496,-0.97671,0.27802,4.163,-0.20984,-0.44759,0.02987
4.175,1.9759,-1.1947,0.55184,4.173,-0.16555,-0.53296,0.11757
4.185,3.8714,-0.627,0.68522,4.183,-0.12923,-0.60736,0.20853
4.195,7.0928,0.028572,1.0534,4.193,-0.06413,-0.50854,0.20066
4.205,9.0978,0.16884,1.2899,4.203,0.013768,-0.24162,0.11861
4.215,10.151,-0.25854,1.0947,4.213,0.027724,-0.037375,0.062159
4.225,10.597,-0.96326,0.12654,4.223,0.0074565,0.14305,0.018422
4.235,9.7416,-1.0437,-1.069,4.233,-0.0089496,0.29689,-0.029439
4.245,8.7937,-0.64676,-2.0657,4.243,-0.019148,0.37651,-0.059504
4.255,8.4094,-0.40321,-2.4111,4.253,-0.027384,0.44658,-0.092671
4.265,8.9036,-0.25151,-2.2922,4.263,-0.029034,0.45708,-0.11463
4.275,10.192,0.12309,-2.4071,4.273,-0.036127,0.37713,-0.14262
4.285,11.428,0.40273,-2.3138,4.283,-0.042637,0.25497,-0.17958
4.295,12.708,-0.027788,-2.0195,4.293,-0.041613,0.2147,-0.19425
4.305,13.978,-0.87155,-1.8775,4.303,-0.047831,0.27821,-0.17203
4.315,14.668,-1.5102,-1.934,4.313,-0.055787,0.41651,-0.11309
4.325,14.508,-1.34,-1.7938,4.323,-0.048526,0.58096,-0.013973
4.335,13.28,-0.44052,-1.7447,4.333,-0.010537,0.71682,0.085673
4.345,12.518,0.11844,-2.0863,4.343,0.02444,0.75993,0.11431
4.355,12.53,0.60532,-2.2004,4.353,0.0086058,0.67848,0.10829
4.365,12.712,0.96504,-1.9604,4.363,-0.058382,0.54494,0.07203
4.375,13.637,1.0622,-1.0766,4.373,-0.098985,0.4236,-0.019584
4.385,14.951,0.79976,-0.52664,4.383,-0.11272,0.32388,-0.128
4.395,15.643,-0.038828,-1.1814,4.393,-0.1751,0.38708,-0.18071
4.405,15.818,-0.78699,-1.3413,4.403,-0.21813,0.57458,-0.16636
4.415,15.608,-1.0907,-0.90352,4.413,-0.19236,0.73672,-0.12674
4.425,13.706,-0.42127,-0.96409,4.423,-0.1706,1.0659,-0.075714
4.435,10.976,0.55909,-0.70463,4.433,-0.1825,1.9311,0.035249
4.445,8.722,0.7744,-0.39203,4.443,-0.21443,1.9138,0.030065
4.455,5.0265,0.93823,-1.2731,4.453,-0.29104,2.1152,-0.00022667
4.465,1.1579,1.0607,-2.5035,4.463,-0.42477,2.2509,-0.098537
4.475,-2.516,1.2673,-3.0382,4.473,-0.50333,2.2774,-0.13117
4.485,-6.1412,1.4089,-2.2231,4.483,-0.5637,2.1959,-0.096095
4.495,-10.422,1.3591,-0.61528,4.493,-0.63374,2.0398,0.017845
4.505,-12.708,0.91366,-0.10598,4.503,-0.65261,2.1244,0.048952
4.515,-14.35,0.091854,-1.2392,4.513,-0.63926,2.5967,-0.015136
4.525,-15.71,-0.57529,-4.0048,4.523,-0.56851,3.3938,-0.10604
4.535,-16.768,-0.86324,-6.5154,4.533,-0.30118,4.9138,-0.19235
4.545,-16.926,-1.0828,-7.8242,4.543,-0.0427,5.2146,-0.092339
4.555,-15.319,-1.3885,-8.5167,4.553,0.36578,5.1851,0.12183
4.565,-12.9,-1.938,-9.1388,4.563,0.65547,4.2257,0.34989
4.575,-11.401,-2.4475,-9.0089,4.573,0.78877,2.1208,0.49968
4.585,-11.593,-2.6343,-8.3724,4.583,0.65802,0.25586,0.4471
4.595,-12.727,-1.9898,-6.9974,4.593,0.12637,-2.2704,0.30191
4.605,-13.058,-0.63335,-4.9965,4.603,-0.25746,-3.5017,0.18797
4.615,-12.803,0.54686,-3.3478,4.613,-0.49312,-4.2554,0.084571
4.625,-12.167,1.1658,-0.88117,4.623,-0.42804,-4.3701,-0.033976
4.635,-11.548,1.818,0.92394,4.633,-0.19049,-4.1658,-0.083634
4.645,-9.8603,1.927,2.0135,4.643,-0.014618,-3.9852,-0.10348
4.655,-7.4359,1.201,2.9086,4.653,-0.047601,-3.6732,-0.20405
4.665,-5.6215,0.8232,2.5246,4.663,-0.17756,-2.3672,-0.19659
4.675,-3.9631,0.18981,1.5674,4.673,-0.17623,-0.3389,-0.10367
4.685,-4.2086,-0.49389,1.4406,4.683,-0.046535,1.3378,-0.074086
4.695,-7.0888,-0.26245,0.78871,4.693,0.046392,1.6887,-0.083296
4.705,-9.3209,-0.28829,-0.56351,4.703,0.10305,1.6681,-0.072576
4.715,-9.9363,-0.76528,-1.1661,4.713,0.18352,1.5558,-0.035772
4.725,-10.662,-1.694,-1.7936,4.723,0.22437,1.3073,0.00072329
4.735,-11.299,-1.9503,-2.2407,4.733,0.2851,0.98815,0.010478
4.745,-12.187,-1.5781,-2.4033,4.743,0.33909,0.69013,0.043093
4.755,-12.38,-1.1115,-2.6782,4.753,0.27738,0.22059,0.092865
4.765,-12.302,-0.29471,-3.2185,4.763,0.18429,-0.24625,0.14903
4.775,-11.754,0.38068,-3.1442,4.773,0.11923,-0.64099,0.18253
4.785,-11.053,0.83127,-2.4129,4.783,0.09708,-1.0892,0.18249
4.795,-10.597,0.88599,-2.1153,4.793,0.11769,-1.4577,0.18265
4.805,-9.767,0.58295,-0.92013,4.803,0.14189,-1.6716,0.17341
4.815,-9.3334,0.32892,-0.038288,4.813,0.14233,-1.8215,0.14494
4.825,-8.9194,-0.065974,0.54686,4.823,0.12376,-1.7571,0.13394
4.835,-8.7425,-0.25629,0.63484,4.833,0.089818,-1.2433,0.15068
4.845,-8.5875,-0.23903,0.84595,4.843,0.088548,-0.75816,0.15839
4.855,-8.4662,-0.14147,1.0761,4.853,0.12133,-0.35836,0.14055
4.865,-8.2804,0.0014856,1.4967,4.863,0.16283,-0.2123,0.097458
4.875,-8.2794,0.044378,1.3578,4.873,0.16249,-0.27308,0.074066
4.885,-7.6503,-0.052376,0.32776,4.883,0.11797,-0.31643,0.0504
4.895,-6.2815,0.085212,-0.71072,4.893,0.091664,-0.40583,0.019267
4.905,-4.9481,0.47955,-0.99125,4.903,0.1562,-0.60022,-0.003689
4.915,-0.97835,0.68541,-2.8752,4.913,0.45735,-0.90522,-0.038727
4.925,4.2345,0.61141,-5.4651,4.923,0.90084,-1.7202,0.14304
4.935,11.226,-0.45722,-7.0844,4.933,1.0491,-3.2999,0.50666
4.945,23.523,-2.7177,-6.7159,4.943,0.87763,-5.6706,0.80724
4.955,36.877,-2.1166,-2.8598,4.953,-0.00385,-6.1727,0.54575
4.965,39.408,2.4202,-1.861,4.963,-0.34098,-1.856,-0.012876
4.975,29.96,1.0881,-2.6085,4.973,0.040342,2.579,-0.19351
4.985,21.5,-0.80716,-5.8067,4.983,0.037495,2.3602,-0.038538
4.995,16.929,-1.6765,-6.8132,4.993,-0.35276,0.75408,-0.048046
5.005,11.804,-0.0024844,-0.82486,5.003,-0.51018,0.054074,-0.17348
5.015,6.6489,3.9563,6.1294,5.013,-0.29979,0.33239,-0.15289
5.025,5.2425,3.5816,3.6436,5.023,-0.27849,0.80712,-0.13493
5.035,5.3041,0.89406,0.84181,5.033,-0.42972,0.55847,-0.096484
5.045,5.1653,-0.99269,-0.33761,5.043,-0.45829,0.1341,-0.0097198
5.055,5.6552,-1.3459,-0.20392,5.053,-0.35783,-0.2369,0.040325
5.065,7.3953,-1.1174,1.1246,5.063,-0.22754,-0.40082,0.017257
5.075,8.0439,-1.4412,1.8613,5.073,-0.11477,-0.28986,-0.050738
5.085,7.7569,-1.8067,1.5119,5.083,-0.0091031,-0.25368,-0.09112
5.095,6.9434,-1.1803,0.5515,5.093,0.065776,-0.30493,-0.084185
5.105,6.0864,-0.31137,0.12556,5.103,0.1276,-0.339,-0.0686
5.115,5.0718,0.24262,0.22004,5.113,0.18257,-0.37493,-0.050058
5.125,4.1034,0.48986,-0.047646,5.123,0.17661,-0.39753,-0.033073
5.135,3.3673,0.64188,-0.28499,5.133,0.1203,-0.36543,-0.033544
5.145,2.8085,0.69089,-0.40403,5.143,0.040978,-0.2975,-0.043008
5.155,2.2252,0.63602,-0.38688,5.153,-0.039484,-0.24001,-0.049991
5.165,1.4333,0.61554,-0.15232,5.163,-0.09608,-0.20918,-0.049898
5.175,0.81936,0.61524,0.19705,5.173,-0.11846,-0.18028,-0.047831
5.185,0.33496,0.32931,0.88361,5.183,-0.09453,-0.14989,-0.038464
5.195,0.074291,0.0020745,1.4168,5.193,-0.021367,-0.10937,-0.0081198
5.205,0.015083,-0.38702,1.6069,5.203,0.052833,-0.052491,0.03078
5.215,-0.033986,-0.62875,1.6425,5.213,0.088926,0.02362,0.062158
5.225,-0.15275,-0.55939,1.562,5.223,0.11579,0.1571,0.066807
5.235,-0.32885,-0.56386,1.5206,5.233,0.14437,0.28632,0.037236
5.245,-0.87545,-0.5074,1.3428,5.243,0.15897,0.34461,0.010672
5.255,-1.7161,-0.35328,1.0813,5.253,0.1557,0.37541,-0.00044293
5.265,-2.4371,-0.26954,0.80907,5.263,0.14892,0.37799,-0.0031234
5.275,-3.0404,-0.26837,0.4961,5.273,0.13588,0.34101,0.0029713
5.285,-3.5636,-0.30008,0.12839,5.283,0.10792,0.29426,0.01993
5.295,-3.8919,-0.29232,-0.076196,5.293,0.08503,0.2503,0.037064
5.305,-3.9436,-0.23891,-0.067217,5.303,0.091272,0.21131,0.032818
5.315,-3.7892,-0.15777,-0.058319,5.313,0.10686,0.19606,-0.00061598
5.325,-3.5135,-0.062504,-0.13558,5.323,0.11009,0.21233,-0.05142
5.335,-3.3321,-0.033938,-0.29176,5.333,0.10856,0.22849,-0.10127
5.345,-3.3243,0.030513,-0.5233,5.343,0.10388,0.22629,-0.13315
5.355,-3.3652,0.11406,-0.79384,5.353,0.095271,0.21075,-0.15026
5.365,-3.3473,0.079282,-1.119,5.363,0.084761,0.18588,-0.15246
5.375,-3.242,-0.044611,-1.4414,5.373,0.073007,0.15215,-0.14401
5.385,-3.0966,-0.15164,-1.7305,5.383,0.074918,0.12783,-0.1265
5.395,-2.9807,-0.21941,-2.1061,5.393,0.08327,0.097753,-0.10683
5.405,-2.9858,-0.28827,-2.4049,5.403,0.088639,0.048078,-0.096561
5.415,-2.9996,-0.3575,-2.6833,5.413,0.0846,-0.023402,-0.094637
5.425,-2.9691,-0.23403,-2.8182,5.423,0.075021,-0.089565,-0.086659
5.435,-2.9172,0.043932,-2.8507,5.433,0.051367,-0.15766,-0.078156
5.445,-2.912,0.18489,-2.7545,5.443,0.030635,-0.16944,-0.086014
5.455,-2.9379,0.23078,-2.524,5.453,0.0036821,-0.18033,-0.1027
5.465,-2.9617,0.26147,-2.2822,5.463,-0.018642,-0.1742,-0.12722
5.475,-3.1227,0.29458,-1.9963,5.473,-0.032223,-0.1506,-0.15474
5.485,-3.4601,0.16698,-1.6387,5.483,-0.027013,-0.1227,-0.17904
5.495,-4.0148,-0.092761,-1.3872,5.493,-0.008554,-0.12418,-0.18062
5.505,-4.6506,-0.41838,-1.1183,5.503,-0.0032601,-0.18035,-0.15541
5.515,-5.267,-0.72439,-0.70117,5.513,-0.029261,-0.26864,-0.11181
5.525,-5.8578,-0.73253,0.2588,5.523,-0.062532,-0.34887,-0.060839
5.535,-6.2637,-0.46412,1.6345,5.533,-0.060995,-0.39887,-0.010754
5.545,-6.036,-0.24958,2.1615,5.543,-0.013781,-0.45048,0.0029511
5.555,-5.6586,-0.13258,2.3358,5.553,0.073839,-0.57327,0.012201
5.565,-5.2299,-0.14958,2.0928,5.563,0.12391,-0.73413,0.022853
5.575,-4.8762,0.13629,1.9065,5.573,0.12767,-0.92008,0.039418
5.585,-4.2627,0.67622,2.1412,5.583,0.10662,-0.98262,0.024043
5.595,-3.2878,1.035,2.6713,5.593,0.10154,-0.91736,-0.019757
5.605,-2.2622,0.89334,2.4542,5.603,0.07777,-0.77076,-0.065207
5.615,-1.1483,0.49872,1.861,5.613,0.031229,-0.71282,-0.069825
5.625,-0.3644,0.24875,1.5119,5.623,-0.051959,-0.72823,-0.037899
5.635,0.84608,0.19083,1.4473,5.633,-0.18665,-0.69935,0.043354
5.645,1.9187,0.29627,2.0329,5.643,-0.16199,-0.67258,0.052989
5.655,2.2179,0.48449,2.5722,5.653,-0.074292,-0.6003,0.087673
5.665,1.8745,0.39939,2.5991,5.663,-0.038361,-0.49649,0.16037
5.675,1.6705,-0.18305,2.7303,5.673,-0.0044623,-0.31747,0.19787
5.685,1.9426,-0.16195,2.7158,5.683,0.032165,-0.19804,0.18164
5.695,2.7859,0.27978,2.3872,5.693,0.083427,-0.1493,0.12405
5.705,3.7501,0.24138,1.6699,5.703,0.14627,-0.061816,0.10446
5.715,5.6952,-1.0588,1.3325,5.713,0.22401,0.048337,0.14729
5.725,8.3999,-2.1792,1.0504,5.723,0.26036,0.0888,0.22628
5.735,10.781,-1.8359,-0.019267,5.733,0.24204,0.23539,0.19727
5.745,11.987,-0.73042,-2.1577,5.743,0.21227,0.49172,0.014641
5.755,12.354,0.44355,-3.4763,5.753,0.17845,0.57231,-0.17734
5.765,12.555,1.0254,-3.8585,5.763,0.14964,0.59457,-0.25499
5.775,13.626,0.34206,-2.9226,5.773,0.14686,0.6071,-0.22093
5.785,14.774,-0.53267,-1.578,5.783,0.17227,0.60904,-0.14844
5.795,15.243,-0.83871,-1.1408,5.793,0.17026,0.66648,-0.064738
5.805,15.312,-0.58771,-1.3774,5.803,0.13623,0.70344,-0.0070856
5.815,14.462,-0.22649,-1.8528,5.813,0.13021,0.68834,-0.0055269
5.825,13.558,-0.16796,-2.7884,5.823,0.13452,0.64777,-0.00050941
5.835,13.261,0.066297,-3.4167,5.833,0.077518,0.45882,0.045379
5.845,13.442,0.71838,-3.2862,5.843,-0.014563,0.24487,0.063581
5.855,14.125,0.86556,-3.104,5.853,-0.077258,0.10882,0.060211
5.865,17.129,0.79872,-2.6245,5.863,-0.11597,-0.017215,-0.037974
5.875,19.942,1.0305,-3.4612,5.873,-0.13611,0.17122,-0.099814
5.885,21.001,0.88816,-3.7281,5.883,-0.15162,0.72687,-0.094065
5.895,19.082,0.2349,-1.4058,5.893,-0.14624,1.2414,-0.0509
5.905,16.431,-0.2987,-0.67761,5.903,-0.17642,1.7051,0.025173
5.915,13.078,-0.51398,-1.4715,5.913,-0.24518,2.0633,0.073081
5.925,9.1009,-0.54064,-1.5998,5.923,-0.28844,2.3606,0.11365
5.935,5.0026,-0.11505,-1.1529,5.933,-0.27629,2.4546,0.10639
5.945,2.3059,0.65336,-1.6526,5.943,-0.25846,2.3593,0.037453
5.955,-1.2538,1.3514,-2.639,5.953,-0.26997,2.0905,-0.061076
5.965,-4.6673,1.7489,-2.8761,5.963,-0.29684,1.8487,-0.10265
5.975,-8.5053,1.797,-1.936,5.973,-0.27943,1.8256,-0.09224
5.985,-11.732,0.9618,-0.93349,5.983,-0.20178,1.956,-0.071145
5.995,-13.945,-0.44692,-0.89109,5.993,-0.043338,2.3386,-0.079422
6.005,-15.193,-1.6979,-1.6883,6.003,0.19472,2.9248,-0.13186
6.015,-16.227,-2.4626,-3.6661,6.013,0.43877,3.6232,-0.17432
6.025,-17.072,-2.5243,-7.1087,6.023,0.57749,4.4174,-0.21382
6.035,-15.834,-2.2717,-10.321,6.033,0.54753,4.6803,-0.19834
6.045,-14.268,-1.8374,-11.812,6.043,0.44146,4.1791,-0.07063
6.055,-12.052,-1.0262,-11.559,6.053,0.30978,2.6006,0.15482
6.065,-10.939,-0.74425,-10.787,6.063,0.22418,0.9229,0.31345
6.075,-11.518,-0.16957,-8.4251,6.073,0.13758,-0.98579,0.2501
6.085,-12.335,1.1189,-4.9372,6.083,-0.022218,-3.2336,0.093047
6.095,-12.247,1.813,-2.6003,6.093,-0.15128,-4.186,-0.033438
6.105,-11.967,1.799,-0.79551,6.103,-0.25689,-4.8559,-0.17398
6.115,-11.798,1.8631,0.91278,6.113,-0.23333,-4.9953,-0.20837
6.125,-10.562,1.1192,2.7919,6.123,-0.068847,-4.6651,-0.21942
6.135,-8.2285,-0.056248,4.1957,6.133,-0.055297,-3.7826,-0.27755
6.145,-6.0062,-0.9147,5.1047,6.143,-0.15235,-2.1614,-0.18083
6.155,-3.3497,-2.1182,5.8149,6.153,-0.055859,0.0070736,-0.013581
6.165,-3.8653,-2.1736,4.101,6.163,0.17819,1.3611,0.069963
6.175,-6.9135,-1.3179,1.9225,6.173,0.30438,1.4765,0.061641
6.185,-9.311,-0.87326,0.4743,6.183,0.28878,1.3963,0.10746
6.195,-10.391,-0.56425,-0.87914,6.193,0.26091,1.2519,0.19175
6.205,-10.489,-0.23232,-1.6826,6.203,0.23894,1.0539,0.24748
6.215,-10.623,-0.009434,-1.745,6.213,0.18044,0.76196,0.23883
6.225,-11.361,0.29757,-1.2753,6.223,0.13062,0.3191,0.22883
6.235,-11.755,0.27041,-1.0696,6.233,0.098776,-0.16916,0.23253
6.245,-11.619,0.098919,-0.96089,6.243,0.11897,-0.35234,0.18524
6.255,-11.143,0.031573,-0.76173,6.253,0.11422,-0.60714,0.15009
6.265,-10.547,-0.11899,-0.44694,6.263,0.098286,-0.77041,0.1346
6.275,-10.206,-0.28695,0.014256,6.273,0.12291,-0.84555,0.13969
6.285,-9.594,-0.50162,0.4646,6.283,0.18759,-0.78977,0.16143
6.295,-8.8703,-0.65884,0.82761,6.293,0.23511,-0.70338,0.17305
6.305,-8.4621,-0.46072,1.0457,6.303,0.28795,-0.58608,0.18779
6.315,-8.2014,-0.11353,1.1364,6.313,0.34635,-0.39594,0.20323
6.325,-8.3932,0.35013,1.0103,6.323,0.35146,-0.21236,0.19322
6.335,-8.8976,0.80208,0.59302,6.333,0.30569,0.055254,0.17118
6.345,-9.2439,1.1449,0.092813,6.343,0.23738,0.15565,0.15608
6.355,-9.3569,1.3758,-0.27634,6.353,0.15295,0.18788,0.13453
6.365,-9.3364,1.5182,-0.56773,6.363,0.0935,0.16015,0.11741
6.375,-7.9326,1.2133,-1.2412,6.373,0.079137,0.069005,0.096782
6.385,-5.2263,0.39393,-2.5553,6.383,0.11482,-0.11414,0.044322
6.395,-1.908,-0.033361,-4.6348,6.393,0.20104,-0.31282,-0.021889
6.405,3.0342,-0.35095,-6.3551,6.403,0.39522,-0.84789,-0.076837
6.415,10.081,-1.0073,-6.7818,6.413,0.5897,-2.0769,0.0018796
6.425,19.314,-2.049,-9.7882,6.423,0.41407,-3.9792,0.31646
6.435,30.911,-0.78046,-3.3922,6.433,-0.29401,-5.9342,0.64022
6.445,41.081,1.1476,6.0337,6.443,-0.46199,-3.4857,0.33604
6.455,33.339,-1.9824,-6.664,6.453,0.24842,2.5685,-0.23221
6.465,22.149,-3.0311,-7.9546,6.463,0.46692,1.3463,0.094226
6.475,20.814,-0.83593,-1.9966,6.473,0.070644,-0.66063,0.24017
6.485,19.503,1.2359,4.4475,6.483,-0.38043,0.89092,-0.27542
6.495,12.453,1.7648,6.05,6.493,-0.10512,2.2688,-0.45332
6.505,7.8105,1.3304,2.9583,6.503,-0.099953,1.8463,-0.49443
6.515,5.0065,1.0235,0.27854,6.513,-0.25233,1.1195,-0.40221
6.525,2.0139,0.9369,0.45622,6.523,-0.17342,0.51346,-0.24029
6.535,0.81556,1.0805,-0.34382,6.533,-0.13362,0.046019,-0.1052
6.545,2.2397,0.44332,-1.4951,6.543,-0.21272,-0.28565,-0.079412
6.555,4.7842,-0.93403,-1.888,6.553,-0.24787,-0.4284,-0.082608
6.565,6.3217,-2.0008,-0.5678,6.563,-0.17138,-0.37583,-0.087268
6.575,7.2972,-2.1274,0.63132,6.573,-0.054548,-0.18539,-0.094819
6.585,7.5724,-1.2896,0.61028,6.583,-0.028029,0.14075,-0.099001
6.595,6.8313,-0.0043928,0.12577,6.593,-0.064407,0.52877,-0.10996
6.605,5.897,0.51848,0.18673,6.603,-0.068612,0.72934,-0.12368
6.615,2.7599,0.92649,-0.055306,6.613,-0.11167,0.75478,-0.1329
6.625,0.68493,0.84996,-0.82602,6.623,-0.20657,0.60798,-0.10682
6.635,-1.0548,0.74778,-0.94172,6.633,-0.30134,0.41787,-0.076843
6.645,-2.2911,0.69122,-0.28416,6.643,-0.33784,0.33549,-0.071871
6.655,-4.0351,0.52774,0.41769,6.653,-0.38418,0.28921,-0.047325
6.665,-3.977,0.095459,0.92716,6.663,-0.37691,0.17006,-0.0027807
6.675,-2.9106,-0.27509,0.49486,6.673,-0.32376,-0.014927,0.01284
6.685,-1.9782,-0.50388,-0.28056,6.683,-0.32019,-0.12418,0.021155
6.695,-1.5199,-0.63077,-0.0090982,6.693,-0.331,-0.15034,0.034943
6.705,-1.0912,-0.48633,0.81723,6.703,-0.3179,-0.060803,0.031501
6.715,-0.76273,-0.35217,1.5311,6.713,-0.28055,0.1045,0.017876
6.725,-0.58539,-0.39948,1.5068,6.723,-0.24641,0.22719,0.0060531
6.735,-0.73757,-0.43156,0.86247,6.733,-0.22124,0.27574,0.0036785
6.745,-1.0554,-0.3076,0.15648,6.743,-0.22328,0.26226,0.0048687
6.755,-1.6471,-0.10436,-0.40225,6.753,-0.23323,0.23285,0.0020614
6.765,-2.7987,0.2452,-0.72784,6.763,-0.23685,0.1854,-0.005588
6.775,-3.6415,0.29816,-0.80118,6.773,-0.23827,0.12056,-0.033185
6.785,-4.2635,0.13475,-0.93358,6.783,-0.23621,0.047637,-0.062707
6.795,-4.6322,-0.21747,-1.2917,6.793,-0.233,-0.02319,-0.084873
6.805,-4.7073,-0.69437,-1.6245,6.803,-0.2313,-0.14596,-0.10298
6.815,-4.5917,-1.0301,-1.5007,6.813,-0.22307,-0.32722,-0.093817
6.825,-4.0848,-1.1829,-0.88146,6.823,-0.19118,-0.4377,-0.053972
6.835,-3.1425,-0.80002,-0.62274,6.833,-0.1319,-0.42167,-0.036317
6.845,-2.4927,-0.49882,-0.94772,6.843,-0.094433,-0.37282,-0.032789
6.855,-2.0754,-0.19996,-1.6658,6.853,-0.088594,-0.33328,-0.033134
6.865,-1.8493,0.18562,-2.3053,6.863,-0.092562,-0.33585,-0.037424
6.875,-1.7777,0.43972,-2.7674,6.873,-0.11716,-0.37682,-0.048471
6.885,-1.7943,0.57805,-3.1408,6.883,-0.1555,-0.41337,-0.055892
6.895,-1.8024,0.59061,-3.0592,6.893,-0.19421,-0.43657,-0.063845
6.905,-1.896,0.47314,-2.6147,6.903,-0.21476,-0.40342,-0.076238
6.915,-2.0551,0.21077,-2.0071,6.913,-0.1999,-0.32831,-0.083999
6.925,-2.2748,-0.048833,-1.5598,6.923,-0.17824,-0.25772,-0.083663
6.935,-2.4814,-0.30667,-1.1402,6.933,-0.15284,-0.2086,-0.075714
6.945,-2.8098,-0.49645,-1.1323,6.943,-0.14607,-0.14488,-0.070572
6.955,-3.4669,-0.6421,-1.1231,6.953,-0.14797,-0.14909,-0.082286
6.965,-4.2276,-0.77472,-0.23937,6.963,-0.12639,-0.29561,-0.095061
6.975,-4.9253,-0.93775,0.16186,6.973,-0.095032,-0.39573,-0.094881
6.985,-5.779,-1.0241,0.85555,6.983,-0.052547,-0.46426,-0.077952
6.995,-5.9914,-1.0038,1.4404,6.993,-0.017274,-0.58096,-0.043816
7.005,-5.5655,-0.74779,1.8994,7.003,-0.00434,-0.69153,-0.012112
7.015,-5.0907,-0.27743,2.2468,7.013,0.027757,-0.71935,0.0029303
7.025,-4.6163,0.021634,2.4823,7.023,0.12223,-0.72467,-0.018101
7.035,-3.9099,-0.071989,2.1015,7.033,0.1715,-0.83408,-0.051625
7.045,-3.3632,-0.28828,1.1398,7.043,0.076795,-0.97107,-0.05217
7.055,-2.8449,-0.26563,0.80543,7.053,-0.060774,-1.0516,-0.029067
7.065,-2.3983,0.2269,1.6927,7.063,-0.097435,-1.0415,-0.010597
7.075,-2.1354,0.75536,2.4164,7.073,-0.034673,-0.95874,-0.00083562
7.085,-1.8255,0.78422,2.3153,7.083,-0.0099298,-0.84159,0.024564
7.095,-1.0495,0.48194,1.9735,7.093,-0.023754,-0.73011,0.05469
7.105,-0.12833,0.3988,2.007,7.103,-0.024965,-0.67901,0.071492
7.115,0.85429,0.6252,2.299,7.113,-0.00066207,-0.66906,0.070064
7.125,1.4897,0.6341,2.1892,7.123,0.031548,-0.58356,0.042975
7.135,1.1367,0.16672,2.0118,7.133,0.039106,-0.4573,0.038668
7.145,1.1231,-0.36618,2.0289,7.143,0.018721,-0.48494,0.07746
7.155,1.5454,-0.76293,1.521,7.153,0.0014675,-0.49449,0.10465
7.165,2.1364,-1.0047,0.94628,7.163,-0.0055677,-0.37261,0.091595
7.175,3.1734,-1.1252,1.1523,7.173,-0.013434,-0.3039,0.055245
7.185,4.1316,-1.0873,1.3197,7.183,-0.051284,-0.26243,0.022865
7.195,4.6061,-0.78183,1.2346,7.193,-0.085026,-0.1784,-0.017064
7.205,5.3625,-0.18684,1.3334,7.203,-0.021833,-0.14156,-0.055743
7.215,6.3494,0.23631,0.69852,7.213,0.10247,-0.14432,-0.060991
7.225,7.1858,0.3504,-1.1507,7.223,0.13991,-0.13694,-0.0040866
7.235,7.5434,0.42092,-2.4386,7.233,0.13925,-0.079179,0.05237
7.245,8.1947,0.57338,-2.8735,7.243,0.12458,0.034677,0.038163
7.255,9.752,0.91481,-3.4892,7.253,0.10595,0.28789,-0.05319
7.265,10.679,0.54528,-3.2011,7.263,0.082244,0.42824,-0.11144
7.275,11.727,-0.37339,-2.8136,7.273,0.052153,0.51732,-0.12157
7.285,12.406,-1.0273,-2.737,7.283,0.028229,0.61068,-0.13277
7.295,12.823,-0.93924,-2.7755,7.293,0.028811,0.70007,-0.16321
7.305,12.823,-0.46595,-2.6647,7.303,0.028986,0.75693,-0.18114
7.315,12.769,-0.27042,-2.1519,7.313,0.046795,0.73375,-0.17255
7.325,12.645,0.17245,-1.9876,7.323,0.027636,0.67665,-0.13473
7.335,12.266,0.65227,-2.2493,7.333,-0.062452,0.60954,-0.057534
7.345,12.034,1.0317,-2.6541,7.343,-0.099673,0.5786,-0.010644
7.355,12.331,1.4921,-2.6512,7.353,-0.072061,0.55135,-0.003356
7.365,12.749,1.4588,-2.2475,7.363,-0.030634,0.49764,-0.012018
7.375,12.767,0.63989,-2.4603,7.373,-0.067071,0.46294,0.0011066
7.385,12.99,-0.10651,-2.1961,7.383,-0.11415,0.43264,0.028533
7.395,13.833,-0.82569,-1.7664,7.393,-0.11741,0.42101,0.02221
7.405,14.442,-0.879,-1.7693,7.403,-0.11578,0.42381,-0.0016478
7.415,14.729,-0.56818,-1.7306,7.413,-0.11995,0.53096,-0.034964
7.425,14.186,-0.11547,-1.4279,7.423,-0.12561,0.75806,-0.056003
7.435,12.51,0.5223,-0.79492,7.433,-0.17355,1.1921,-0.041192
7.445,10.402,1.1428,-0.1304,7.443,-0.25107,1.5519,-0.026149
7.455,6.672,1.5915,-0.044304,7.453,-0.36398,1.9226,0.0036785
7.465,3.477,1.4814,-0.65215,7.463,-0.48116,2.1953,0.01007
7.475,0.44951,1.0737,-1.3627,7.473,-0.555,2.4051,-0.044369
7.485,-2.9641,0.50254,-1.9096,7.483,-0.54082,2.5,-0.063433
7.495,-6.7893,-0.30052,-2.0087,7.493,-0.46199,2.5245,-0.07302
7.505,-9.8431,-0.81495,-1.1522,7.503,-0.34486,2.4386,-0.033321
7.515,-12.179,-1.4711,-0.33549,7.513,-0.2172,2.2555,0.024559
7.525,-13.904,-1.9403,-1.048,7.523,-0.11045,2.255,0.033506
7.535,-15.555,-1.8668,-2.868,7.533,-0.029153,2.6,0.019885
7.545,-16.533,-1.0973,-5.4329,7.543,0.022707,3.2159,0.034571
7.555,-17.193,-0.21091,-8.3555,7.553,0.068614,3.931,0.10062
7.565,-15.783,-0.17732,-9.6424,7.563,0.17249,4.4075,0.16891
7.575,-13.637,-0.37904,-9.7302,7.573,0.39196,3.8542,0.23276
7.585,-11.947,-0.81017,-8.906,7.583,0.63062,2.2904,0.27069
7.595,-11.372,-1.8523,-7.8398,7.593,0.70283,0.1025,0.18426
7.605,-12.789,-2.0833,-7.0347,7.603,0.52659,-1.7727,0.10183
7.615,-13.243,-1.1851,-5.7711,7.613,0.23553,-3.2175,0.1009
7.625,-12.595,-0.13558,-3.9606,7.623,0.015487,-4.0568,0.11544
7.635,-11.878,0.8284,-1.8822,7.633,-0.08382,-4.3677,0.071855
7.645,-11.158,1.303,-0.41453,7.643,-0.075854,-4.3533,0.073892
7.655,-9.3224,1.5778,1.5667,7.653,0.025775,-4.103,0.08754
7.665,-7.6148,1.2419,2.6258,7.663,0.063234,-3.6599,0.021724
7.675,-4.4595,1.1234,4.4115,7.673,0.083503,-1.7608,-0.020321
7.685,-1.9903,0.49074,5.4739,7.683,0.20692,0.44606,-0.060513
7.695,-5.0022,-0.45539,2.222,7.693,0.27946,1.4025,-0.12807
7.705,-8.1556,-0.30735,0.89081,7.703,0.22771,1.2905,-0.11643
7.715,-9.9551,-0.33121,-0.17821,7.713,0.19829,1.0915,-0.079759
7.725,-10.664,-0.30343,-0.97837,7.723,0.2224,0.95581,-0.072311
7.735,-11.129,-0.26581,-1.3834,7.733,0.23256,0.58254,-0.061303
7.745,-11.461,-0.35164,-1.4881,7.743,0.22831,0.3543,-0.051196
7.755,-12.007,-0.44169,-1.2359,7.753,0.23103,0.11575,-0.052565
7.765,-12.004,-0.35655,-1.1134,7.763,0.21727,-0.23197,-0.044469
7.775,-11.354,-0.2935,-1.1671,7.773,0.19087,-0.456,-0.040272
7.785,-10.535,-0.1002,-0.66829,7.783,0.16427,-0.66743,-0.044312
7.795,-10.067,0.085219,-0.02456,7.793,0.15888,-0.84527,-0.042014
7.805,-9.5636,0.10864,0.49896,7.803,0.19178,-0.83703,-0.033537
7.815,-9.0651,-0.092918,0.85955,7.813,0.24311,-0.71043,-0.02232
7.825,-8.7481,-0.42276,0.72352,7.823,0.31292,-0.40793,-0.00042499
7.835,-8.7817,-0.70444,0.25513,7.833,0.35151,-0.089878,0.044552
7.845,-8.8356,-0.86437,-0.22988,7.843,0.34254,0.085493,0.080724
7.855,-8.897,-0.86999,-0.53165,7.853,0.30345,0.12019,0.09553
7.865,-9.1861,-0.74876,-0.42993,7.863,0.25351,0.073531,0.093332
7.875,-9.2109,-0.41961,-1.0342,7.873,0.18539,0.071398,0.08834
7.885,-8.2882,-0.23014,-2.0269,7.883,0.11066,0.11199,0.06176
7.895,-6.6845,-0.25564,-3.1205,7.893,0.073137,0.043557,0.0084955
7.905,-4.0489,-0.26788,-4.6788,7.903,0.10825,-0.18835,0.005124
7.915,-0.60318,0.75534,-6.685,7.913,0.32359,-0.25633,0.088423
7.925,5.4461,1.3982,-6.6662,7.923,0.86091,-1.9747,0.60644
7.935,15.892,0.59333,-4.6274,7.933,1.0503,-5.2442,1.2018
7.945,29.34,-0.54782,-3.8717,7.943,0.21635,-7.3326,1.0906
7.955,42.561,0.32272,1.1838,7.953,-0.38852,-4.8131,0.32348
7.965,39.969,-0.91612,-1.5975,7.963,0.41888,1.1438,-0.35264
7.975,27.716,-2.8343,-7.4088,7.973,1.0333,2.568,-0.010308
7.985,21.598,-4.8955,-10.311,7.983,0.13132,0.2775,0.39429
7.995,17.243,-0.14397,-0.12833,7.993,-0.48545,0.018215,0.01387
8.005,11.983,7.5292,7.3798,8.003,-0.27637,1.1444,-0.40362
8.015,8.107,6.3355,2.8772,8.013,-0.34948,1.7369,-0.53973
8.025,5.2089,2.0986,-0.92572,8.023,-0.69843,1.0719,-0.39338
8.035,2.5298,0.82549,-1.3761,8.033,-0.7708,0.24718,-0.11897
8.045,0.63615,0.98058,-0.26098,8.043,-0.67985,-0.25093,0.10805
8.055,1.9906,1.1483,1.7883,8.053,-0.55076,-0.54099,0.20755
8.065,4.9309,-0.43171,2.8915,8.063,-0.32618,-0.57158,0.14514
8.075,6.0454,-2.3649,1.7108,8.073,-0.19012,-0.5348,0.089303
8.085,6.6138,-2.5459,0.57134,8.083,-0.25207,-0.45646,0.058792
8.095,7.1171,-1.865,1.1433,8.093,-0.27656,-0.25998,0.0034967
8.105,6.6303,-0.58529,1.6326,8.103,-0.21682,0.10033,-0.038735
8.115,5.5583,0.54426,1.14,8.113,-0.20489,0.52825,-0.045653
8.125,3.7095,0.93195,0.75246,8.123,-0.23914,0.66795,-0.015429
8.135,1.4824,0.79369,0.34238,8.133,-0.28346,0.63504,0.014379
8.145,-0.067496,0.37753,0.2234,8.143,-0.31389,0.60609,0.01294
8.155,-1.5993,0.078045,0.5303,8.153,-0.32049,0.54192,0.0061372
8.165,-2.709,-0.17519,0.99281,8.163,-0.28022,0.4118,0.01014
8.175,-3.3745,-0.41654,0.98318,8.173,-0.22325,0.24398,0.010959
8.185,-3.6074,-0.42695,0.40365,8.183,-0.20774,0.11534,0.0136
8.195,-3.4387,-0.035384,0.014926,8.193,-0.2111,0.040514,0.01858
8.205,-3.0662,0.58836,-0.17657,8.203,-0.2284,0.015351,0.0096167
8.215,-2.7594,0.97888,-0.22035,8.213,-0.27356,0.01808,-0.0062905
8.225,-2.5783,0.95465,-0.084931,8.223,-0.33187,0.040846,-0.024096
8.235,-2.5113,0.64687,0.11884,8.233,-0.37171,0.047223,-0.033453
8.245,-2.6007,0.24847,0.22058,8.243,-0.37225,0.059728,-0.028376
8.255,-2.6597,-0.2532,0.3141,8.253,-0.34109,0.097159,-0.014832
8.265,-2.6517,-0.72797,0.31133,8.263,-0.28189,0.11694,-0.0027536
8.275,-2.641,-1.0066,0.049334,8.273,-0.21059,0.11382,0.011135
8.285,-2.7131,-1.1619,-0.3192,8.283,-0.1289,0.088537,0.042367
8.295,-2.7234,-1.0167,-0.55898,8.293,-0.077938,0.054218,0.074531
8.305,-2.513,-0.67012,-0.70331,8.303,-0.054709,0.011821,0.090278
8.315,-2.1,-0.11461,-0.82045,8.313,-0.053992,-0.017207,0.084639
8.325,-1.6282,0.33726,-0.83922,8.323,-0.061226,-0.039796,0.06272
8.335,-1.3405,0.39447,-0.75281,8.333,-0.07121,-0.024957,0.038624
8.345,-1.2066,0.35974,-0.63053,8.343,-0.080624,-0.00762,0.026049
8.355,-1.101,0.26573,-0.47356,8.353,-0.075824,0.015059,0.009613
8.365,-0.96012,0.084345,-0.35827,8.363,-0.047163,0.01233,1.8949e-05
8.375,-0.81515,-0.15947,-0.48082,8.373,-0.0092511,-0.0097505,0.0004827
8.385,-0.72675,-0.35713,-0.76457,8.383,0.021008,-0.036646,0.0070074
8.395,-0.71202,-0.48211,-0.945,8.393,0.051469,-0.042774,0.018592
8.405,-0.83759,-0.47944,-1.0188,8.403,0.089937,-0.031392,0.032564
8.415,-0.97826,-0.31556,-1.1291,8.413,0.11189,-0.047421,0.042123
8.425,-1.1559,-0.10539,-1.0344,8.423,0.12178,-0.10989,0.049485
8.435,-1.2661,0.039985,-0.66777,8.433,0.12925,-0.12497,0.039512
8.445,-1.2107,0.1134,-0.34836,8.443,0.14698,-0.10379,0.024368
8.455,-1.1653,0.051998,-0.3404,8.453,0.17379,-0.08607,0.012551
8.465,-1.3285,-0.065247,-0.57633,8.463,0.19227,-0.089351,0.016679
8.475,-1.6012,-0.17516,-0.81233,8.473,0.21658,-0.10775,0.023918
8.485,-1.8912,-0.27998,-1.0265,8.483,0.24002,-0.13332,0.02818
8.495,-2.1881,-0.23362,-1.1576,8.493,0.24349,-0.17491,0.023489
8.505,-2.5495,-0.015863,-1.2514,8.503,0.21765,-0.23239,-0.0037784
8.515,-2.9465,0.19642,-1.1739,8.513,0.18478,-0.27908,-0.03529
8.525,-3.4056,0.4341,-0.98221,8.523,0.16511,-0.31298,-0.058014
8.535,-3.8051,0.60241,-0.78389,8.533,0.1026,-0.39431,-0.09113
8.545,-4.0538,0.60642,-0.5611,8.543,0.044832,-0.43453,-0.09857
8.555,-4.3194,0.51611,-0.3775,8.553,-0.0082118,-0.47687,-0.10102
8.565,-4.4652,0.31975,0.30464,8.563,-0.059226,-0.58247,-0.091788
8.575,-4.5212,0.1061,0.62377,8.573,-0.10441,-0.65242,-0.066791
8.585,-4.7202,-0.09517,0.90308,8.583,-0.12479,-0.66402,-0.024382
8.595,-4.6647,-0.15302,1.6074,8.593,-0.082066,-0.68765,0.02379
8.605,-4.2355,0.0085308,1.753,8.603,-0.039847,-0.72106,0.033739
8.615,-3.7584,0.15526,1.4286,8.613,-0.016479,-0.71023,0.004126
8.625,-3.3044,0.45087,1.1133,8.623,-0.014078,-0.69308,-0.048644
8.635,-2.7058,0.55786,1.3256,8.633,-0.060384,-0.63826,-0.09113
8.645,-2.248,0.36736,1.846,8.643,-0.077791,-0.53723,-0.091154
8.655,-2.0361,0.090786,2.3919,8.653,-0.030858,-0.41827,-0.056566
8.665,-2.1627,0.049596,2.6317,8.663,0.035892,-0.41239,0.021195
8.675,-2.2446,0.24725,2.396,8.673,0.043535,-0.45877,0.092157
8.685,-1.9117,0.2905,1.9999,8.683,-0.01093,-0.48365,0.14735
8.695,-1.1784,0.28303,2.2008,8.693,-0.077094,-0.43896,0.15263
8.705,-0.44559,0.28588,2.1382,8.703,-0.12074,-0.3649,0.089918
8.715,0.17662,0.12051,2.0117,8.713,-0.13142,-0.32629,0.014074
8.725,-0.085657,-0.30863,1.1877,8.723,-0.14008,-0.30375,-0.037883
8.735,-0.18982,-0.56987,0.76136,8.733,-0.15974,-0.34228,-0.024416
8.745,1.2374,-0.95887,0.32599,8.743,-0.16881,-0.45812,0.019949
8.755,3.2288,-1.0952,0.33724,8.753,-0.15971,-0.5517,0.051231
8.765,5.2489,-0.79683,0.53316,8.763,-0.1448,-0.49874,0.053806
8.775,6.631,-0.54079,0.91976,8.773,-0.13003,-0.35595,0.018694
8.785,6.9648,-0.14974,0.73196,8.783,-0.096827,-0.14349,-0.040009
8.795,6.4363,0.34789,0.094075,8.793,-0.061172,0.021809,-0.069798
8.805,6.3981,0.64466,-0.32577,8.803,-0.0036101,0.082284,-0.034747
8.815,6.8694,0.76438,-0.60353,8.813,0.05197,0.088712,0.012396
8.825,7.9459,0.80297,-1.1158,8.823,0.070616,0.11396,0.039691
8.835,9.4488,0.38502,-1.535,8.833,0.06618,0.20098,0.03631
8.845,10.605,-0.38283,-1.4766,8.843,0.085752,0.32526,-0.00040704
8.855,11.467,-1.2755,-1.2114,8.853,0.1846,0.46514,-0.07737
8.865,11.702,-1.9144,-1.7658,8.863,0.23124,0.52698,-0.12996
8.875,11.652,-2.0288,-2.3386,8.873,0.19647,0.49777,-0.13895
8.885,12.123,-1.0196,-2.02,8.883,0.21602,0.43612,-0.13803
8.895,12.553,-0.31775,-1.1623,8.893,0.27228,0.38893,-0.098044
8.905,13.281,0.76768,-0.54869,8.903,0.28156,0.40699,0.025977
8.915,13.386,1.7561,-1.0963,8.913,0.27894,0.43467,0.14016
8.925,12.556,2.0628,-1.9042,8.923,0.22389,0.49626,0.18829
8.935,12.035,1.7576,-2.2428,8.933,0.088701,0.53569,0.19227
8.945,11.86,1.0178,-2.3314,8.943,-0.039926,0.51147,0.16056
8.955,12.103,0.49665,-1.7488,8.953,-0.10585,0.46582,0.1355
8.965,12.769,0.0781,-1.2274,8.963,-0.065092,0.43854,0.12335
8.975,13.33,-0.35301,-1.4763,8.973,-0.010798,0.48206,0.13933
8.985,14.106,-0.39431,-1.7115,8.983,-0.038735,0.49338,0.14718
8.995,14.606,0.06529,-1.5055,8.993,-0.1262,0.50604,0.12982
9.005,13.747,0.59964,-0.92892,9.003,-0.18265,0.72378,0.13058
9.015,12.41,0.97894,0.00059735,9.013,-0.21077,1.0466,0.14001
9.025,10.547,1.117,0.09323,9.023,-0.24562,1.4999,0.13348
9.035,8.8835,0.88913,-0.75936,9.033,-0.3188,1.9937,0.12698
9.045,6.1809,0.53796,-1.6923,9.043,-0.41897,2.3011,0.10947
9.055,3.1188,0.32265,-2.3412,9.053,-0.56153,2.6264,0.044631
9.065,0.067305,0.57222,-2.9205,9.063,-0.70555,2.8344,-0.056744
9.075,-3.4591,1.0854,-3.5815,9.073,-0.76971,2.794,-0.1259
9.085,-6.9045,1.3102,-2.9342,9.083,-0.75732,2.6583,-0.21494
9.095,-10.263,1.1098,-1.2841,9.093,-0.6704,2.4044,-0.33428
9.105,-12.925,0.42256,-0.49761,9.103,-0.51915,2.2686,-0.41119
9.115,-15.274,-1.0177,-1.7038,9.113,-0.28619,2.4779,-0.47099
9.125,-17.255,-2.6968,-4.5241,9.123,0.050743,3.258,-0.40346
9.135,-18.501,-3.6455,-6.8348,9.133,0.50144,4.3424,-0.20077
9.145,-18.354,-3.6904,-8.688,9.143,0.65149,4.6039,0.056339
9.155,-16.832,-2.959,-10.313,9.153,0.52642,4.1336,0.3639
9.165,-14.658,-1.5588,-10.578,9.163,0.12065,2.5426,0.50854
9.175,-12.77,0.092527,-9.7954,9.173,-0.35078,0.23808,0.54203
9.185,-11.739,1.4399,-8.3203,9.183,-0.58165,-1.5405,0.37
9.195,-11.091,2.639,-5.8959,9.193,-0.65384,-3.3582,0.08054
9.205,-10.808,2.6713,-3.7136,9.203,-0.46193,-3.9257,-0.096764
9.215,-10.516,1.7261,-2.009,9.213,-0.22922,-4.117,-0.29493
9.225,-10.554,0.13413,-0.25358,9.223,-0.048666,-4.1707,-0.41923
9.235,-10.381,-1.2726,1.4685,9.233,0.094695,-4.3383,-0.47106
9.245,-9.7404,-2.4704,1.6767,9.243,0.070734,-4.0545,-0.38471
9.255,-8.39,-3.4661,1.5459,9.253,0.02717,-3.0691,-0.20229
9.265,-6.5681,-2.9306,1.8072,9.263,0.038686,-1.6897,-0.027214
9.275,-4.8274,-1.3497,2.236,9.273,0.15798,0.040684,0.020395
9.285,-6.3905,-0.03134,2.162,9.283,0.30911,0.67914,-0.041668
9.295,-8.7669,0.21175,0.71758,9.293,0.38476,0.85372,-0.032855
9.305,-9.5751,0.28215,-0.47712,9.303,0.39768,0.82222,0.0004827
9.315,-9.9475,0.36732,-0.98212,9.313,0.39071,0.76768,0.022568
9.325,-10.623,0.51536,-1.4078,9.323,0.37424,0.27574,0.005809
9.335,-11.242,0.68552,-1.865,9.333,0.16237,-0.26059,0.064209
9.345,-11.701,0.77507,-1.684,9.343,0.01738,-0.49445,0.13364
9.355,-11.861,0.8399,-0.89262,9.353,0.0067278,-0.63932,0.15601
9.365,-11.335,0.67291,-0.57582,9.363,0.064252,-0.81509,0.13577
9.375,-10.818,0.44672,-0.47629,9.373,0.10103,-0.95355,0.15049
9.385,-9.737,-0.26993,-0.11209,9.383,0.13998,-1.1026,0.17151
9.395,-9.1504,-0.59327,0.71041,9.393,0.20885,-1.3132,0.16766
9.405,-8.9559,-0.6128,0.82655,9.403,0.22085,-1.3211,0.17838
9.415,-8.9155,-0.37332,0.93999,9.413,0.20487,-1.091,0.18903
9.425,-8.7863,-0.043022,0.90598,9.423,0.19238,-0.7139,0.18147
9.435,-8.4434,0.27399,1.1258,9.433,0.17673,-0.28875,0.16149
9.445,-8.4194,0.40804,1.2246,9.443,0.16892,-0.18538,0.16854
9.455,-8.249,0.38873,0.89886,9.453,0.16971,-0.1248,0.16773
9.465,-7.4181,0.28112,-0.34022,9.463,0.11857,-0.10838,0.10568
9.475,-5.8562,0.29847,-2.3009,9.473,0.10201,-0.072903,-0.0040301
9.485,-3.3439,0.16135,-5.1195,9.483,0.18676,0.14471,-0.13481
9.495,1.056,-0.98168,-9.5155,9.493,0.24538,0.29035,-0.24743
9.505,7.2391,-2.1224,-11.54,9.503,0.37163,-0.16133,-0.20967
9.515,17.747,-2.7897,-5.8358,9.513,0.57873,-3.7394,0.21736
9.525,27.154,-1.7597,-2.8063,9.523,0.31332,-7.6733,0.49309
9.535,35.98,3.1834,-2.0547,9.533,-0.51099,-5.171,0.11873
9.545,33.801,5.0605,6.51,9.543,-0.35015,0.83065,-0.25457
9.555,25.205,0.29616,4.3146,9.553,-0.045247,3.3203,-0.45906
9.565,18.654,-1.2,-3.4701,9.563,-0.049252,2.5237,-0.61705
9.575,12.09,-0.20892,-8.8342,9.573,-0.29336,1.7351,-0.63524
9.585,7.2508,-0.72437,-7.8608,9.583,-0.38022,0.65059,-0.46403
9.595,3.6345,-3.4057,-4.2114,9.593,-0.26421,-0.46106,-0.31412
9.605,2.4849,-2.7643,0.63083,9.603,0.015108,-1.2124,-0.013999
9.615,7.0169,-0.63876,3.1425,9.613,0.22183,-0.91243,0.18028
9.625,11.08,-0.19503,2.1388,9.623,0.21316,-0.11889,0.18298
9.635,11.082,0.40348,1.0068,9.633,0.081208,0.38078,0.086961
9.645,9.1042,1.0885,0.37087,9.643,0.045419,0.48009,-0.0049754
9.655,6.4006,1.0575,-0.32248,9.653,0.085887,0.44521,-0.083387
9.665,4.1787,0.48231,-0.79985,9.663,0.12658,0.32062,-0.12214
9.675,2.3045,-0.47711,-0.55681,9.673,0.15967,0.16801,-0.11289
9.685,1.3099,-1.0325,-0.10807,9.683,0.19127,0.031665,-0.083421
9.695,0.66779,-1.0162,0.1608,9.693,0.17867,-0.15335,-0.0073637
9.705,1.1502,-0.72888,0.18475,9.703,0.14964,-0.1958,0.035895
9.715,2.2528,-0.38855,0.37712,9.713,0.17896,-0.066039,0.019538
9.725,2.6195,-0.09232,0.22305,9.723,0.235,0.13273,0.011458
9.735,2.2346,0.031511,0.0054742,9.733,0.27025,0.30464,0.032435
9.745,1.6633,0.12712,-0.18607,9.743,0.26469,0.41317,0.051582
9.755,0.71979,-0.0089425,-0.093816,9.753,0.28438,0.47634,0.032452
9.765,-0.20913,-0.10443,-0.30588,9.763,0.21116,0.49931,-0.032965
9.775,-1.3115,-0.363,0.0048454,9.773,0.12815,0.4941,-0.088135
9.785,-2.0359,-0.63655,0.76789,9.783,0.14921,0.43747,-0.11504
9.795,-2.3976,-0.46138,0.73557,9.793,0.15153,0.37205,-0.1311
9.805,-2.4173,0.031357,0.3401,9.803,0.099131,0.35462,-0.12667
9.815,-2.2698,0.53225,-0.0074708,9.813,0.049673,0.35489,-0.11268
9.825,-2.1613,0.84529,-0.42302,9.823,0.010142,0.33327,-0.094373
9.835,-2.1598,0.88547,-0.54192,9.833,-0.018281,0.27475,-0.075157
9.845,-2.1626,0.79362,-0.46206,9.843,-0.025427,0.20777,-0.0548
9.855,-2.0851,0.63765,-0.41878,9.853,-0.028893,0.16294,-0.031185
9.865,-1.8985,0.44408,-0.33745,9.863,-0.01869,0.157,-0.0089409
9.875,-1.6318,0.24927,-0.31367,9.873,-0.0050359,0.18409,0.0078248
9.885,-1.3851,0.059685,-0.41638,9.883,0.009693,0.22022,0.01729
9.895,-1.2749,-0.082993,-0.51759,9.893,0.037657,0.24513,0.02405
9.905,-1.2692,-0.24982,-0.63696,9.903,0.061933,0.25176,0.025659
9.915,-1.3493,-0.43073,-0.70166,9.913,0.083924,0.25623,0.023452
9.925,-1.4696,-0.50592,-0.65908,9.923,0.11242,0.25647,0.029399
9.935,-1.5127,-0.4563,-0.72287,9.933,0.12473,0.25101,0.037998
9.945,-1.5288,-0.37223,-0.88696,9.943,0.11573,0.25275,0.041551
9.955,-1.5376,-0.2487,-1.0591,9.953,0.098753,0.24028,0.041774
9.965,-1.5733,-0.1231,-1.1743,9.963,0.081703,0.19521,0.038488
9.975,-1.7063,0.022865,-1.3134,9.973,0.067522,0.13786,0.037727
9.985,-1.8866,0.19588,-1.4524,9.983,0.050432,0.081806,0.041372
9.995,-2.0254,0.32593,-1.6236,9.993,0.018732,0.028873,0.031107
10.005,-2.1516,0.43883,-1.8813,10.003,-0.019712,0.0049102,0.008179
10.015,-2.3991,0.5346,-1.9452,10.013,-0.046149,-0.017032,-0.019632
10.025,-2.7931,0.53395,-1.867,10.023,-0.059853,-0.065958,-0.045319
10.035,-3.0581,0.46434,-1.9014,10.033,-0.063297,-0.11595,-0.046677
10.045,-3.1713,0.3159,-1.8266,10.043,-0.036888,-0.16225,-0.040445
10.055,-3.3201,0.11927,-1.669,10.053,0.0091233,-0.23273,-0.045212
10.065,-3.4929,-0.016157,-1.5676,10.063,0.047141,-0.3043,-0.055346
10.075,-3.6867,-0.072225,-1.4191,10.073,0.08244,-0.37714,-0.070252
10.085,-3.9228,-0.092635,-1.4003,10.083,0.106,-0.4535,-0.083862
10.095,-4.1284,-0.17099,-1.5277,10.093,0.095391,-0.5383,-0.089699
10.105,-4.2615,-0.22735,-1.6283,10.103,0.055089,-0.60622,-0.080462
10.115,-4.2179,-0.10933,-1.3538,10.113,0.022846,-0.65354,-0.068229
10.125,-3.8508,0.12746,-0.48983,10.123,-0.025524,-0.73961,-0.054602
10.135,-3.4376,0.077912,-0.06758,10.133,-0.063725,-0.76863,-0.050785
10.145,-3.1313,-0.062839,0.38941,10.143,-0.11607,-0.79271,-0.038891
10.155,-3.0985,-0.16832,0.87357,10.153,-0.18208,-0.78526,-0.015875
10.165,-3.2814,-0.069419,1.5124,10.163,-0.22748,-0.72046,0.011402
10.175,-3.574,0.35734,1.936,10.173,-0.21251,-0.69337,0.013515
10.185,-3.8588,0.79962,1.9735,10.183,-0.17533,-0.73677,-0.022852
10.195,-3.8541,0.82549,1.6665,10.193,-0.15634,-0.80605,-0.062823
10.205,-3.5144,0.49709,1.5087,10.203,-0.15086,-0.85779,-0.085256
10.215,-2.8323,0.25689,1.7813,10.213,-0.13557,-0.86734,-0.074136
10.225,-1.8638,0.040138,2.2714,10.223,-0.11436,-0.84053,-0.04909
10.235,-1.1626,-0.34471,2.3537,10.233,-0.14212,-0.72596,-0.010897
10.245,-0.86058,-0.81272,2.424,10.243,-0.19835,-0.57967,0.068214
10.255,-0.72958,-0.87647,2.3638,10.253,-0.21283,-0.49207,0.16048
10.265,-0.3842,-0.66334,2.1238,10.263,-0.17012,-0.49292,0.22193
10.275,0.28035,-0.30084,2.0263,10.273,-0.14454,-0.57434,0.21993
10.285,0.8467,0.31679,1.9525,10.283,-0.13639,-0.56768,0.17679
10.295,1.6243,0.34162,2.4136,10.293,-0.12536,-0.51362,0.056942
10.305,2.6148,-0.069801,2.2202,10.303,-0.17117,-0.38046,-0.022953
10.315,3.8647,-0.56076,2.3157,10.313,-0.22124,-0.20469,-0.048519
10.325,5.5426,-0.73419,2.713,10.323,-0.23095,-0.14545,-0.06311
10.335,6.2121,-0.41822,2.2295,10.333,-0.18672,0.042336,-0.057348
10.345,5.9939,-0.11155,1.5186,10.343,-0.1275,0.22248,-0.055976
10.355,5.6681,0.37865,0.5014,10.353,-0.074232,0.35883,-0.066629
10.365,5.5425,0.96816,-0.56335,10.363,-0.021658,0.45405,-0.087943
10.375,5.7697,0.99953,-1.0426,10.373,0.032294,0.52395,-0.084738
10.385,6.661,0.1968,-1.0699,10.383,0.030164,0.54206,-0.069825
10.395,8.4648,-0.64548,-0.42953,10.393,0.043601,0.49913,-0.048423
10.405,10.2,-0.80895,-0.39478,10.403,0.10919,0.47551,-0.060703
10.415,11.431,-0.98028,-0.94604,10.413,0.17717,0.51116,-0.11137
10.425,12.697,-1.2774,-1.6312,10.423,0.14976,0.60972,-0.15557
10.435,13.803,-1.0861,-1.7998,10.433,0.11006,0.7093,-0.18274
10.445,13.62,-0.1558,-1.815,10.443,0.14803,0.75641,-0.16213
10.455,13.04,0.67892,-2.0704,10.453,0.19348,0.76755,-0.093448
10.465,12.409,1.0501,-2.5884,10.463,0.15356,0.69845,0.0026193
10.475,12.21,1.1215,-2.3656,10.473,0.11085,0.58646,0.060564
10.485,12.51,0.94824,-1.954,10.483,0.13065,0.52186,0.043913
10.495,12.999,0.8185,-2.1372,10.493,0.15163,0.44321,0.050763
10.505,13.94,0.72632,-2.4944,10.503,0.10174,0.35255,0.10461
10.515,14.677,0.74791,-2.3277,10.513,7.5566e-05,0.3266,0.16126
10.525,15.401,0.7245,-1.879,10.523,-0.078588,0.43414,0.20421
10.535,16.114,0.66218,-1.5371,10.533,-0.08605,0.67572,0.19142
10.545,16.141,-0.37522,-0.66563,10.543,-0.062497,1.0181,0.16676
10.555,14.908,-0.7348,-0.70041,10.553,-0.082505,1.4181,0.19783
10.565,13.019,-0.80577,-0.83668,10.563,-0.14167,1.9234,0.24607
10.575,10.8,-0.3582,-0.65598,10.573,-0.18822,2.4869,0.22
10.585,8.0001,0.69482,-1.0996,10.583,-0.25776,2.8443,0.12375
10.595,4.6598,1.5792,-2.3134,10.593,-0.35301,3.026,0.02052
10.605,0.53358,2.0224,-2.8995,10.603,-0.40423,2.954,-0.018724
10.615,-3.7405,2.1591,-2.4072,10.613,-0.40125,2.5725,0.0012669
10.625,-7.2059,1.6409,-1.2793,10.623,-0.36382,2.0363,-0.035006
10.635,-9.9346,0.7632,-0.24065,10.633,-0.26268,1.4857,-0.14145
10.645,-12.152,-0.66023,-0.3214,10.643,-0.17721,1.2453,-0.21384
10.655,-13.787,-2.3876,-1.4078,10.653,-0.047919,1.4859,-0.2435
10.665,-15.014,-3.6457,-2.901,10.663,0.13974,1.943,-0.22266
10.675,-15.687,-3.925,-4.6108,10.673,0.37113,2.6373,-0.10557
10.685,-15.886,-3.2488,-6.737,10.683,0.46379,3.2715,0.0060106
10.695,-15.604,-1.996,-8.9407,10.693,0.30209,3.5961,0.089674
10.705,-13.871,-0.063451,-10.981,10.703,0.0030552,3.4437,0.1714
10.715,-12.173,1.5984,-10.96,10.713,-0.27628,2.6742,0.27013
10.725,-11.124,2.4754,-9.2969,10.723,-0.28669,0.96684,0.35335
10.735,-10.596,2.2391,-6.8218,10.733,-0.073938,-0.70421,0.2755
10.745,-10.854,1.4139,-4.9445,10.743,0.12599,-2.0678,0.070175
10.755,-11.388,0.3026,-3.1662,10.753,0.22033,-3.0913,-0.10343
10.765,-11.599,-0.55163,-1.7638,10.763,0.13075,-3.9073,-0.22828
10.775,-11.824,-1.0067,-0.20062,10.773,-0.025771,-4.5058,-0.25902
10.785,-11.909,-1.5526,1.4609,10.783,-0.14377,-4.5388,-0.17924
10.795,-10.941,-1.6048,2.6581,10.793,-0.21569,-3.9075,-0.0053155
10.805,-8.217,-1.2298,4.3108,10.803,-0.12864,-2.2765,0.1757
10.815,-4.0633,-0.54325,6.147,10.813,0.068763,-0.19768,0.17405
10.825,-2.3013,-0.26045,4.8221,10.823,0.35224,1.2013,0.036011
10.835,-4.5438,-0.29505,2.0677,10.833,0.50643,1.3735,0.024292
10.845,-7.2695,-0.58296,0.48602,10.843,0.42419,1.1002,0.098344
10.855,-8.6739,-0.67041,-0.14899,10.853,0.39941,0.99967,0.13707
10.865,-9.6789,-0.55095,-0.3237,10.863,0.43982,0.96256,0.16683
10.875,-10.524,-0.50442,-0.40054,10.873,0.473,0.94966,0.17102
10.885,-11.105,-0.40253,-0.91918,10.883,0.47174,0.94712,0.16825
10.895,-11.413,-0.09658,-1.696,10.893,0.42964,0.94983,0.15847
10.905,-11.139,0.36504,-2.104,10.903,0.39617,0.86442,0.12271
10.915,-10.646,0.65465,-2.6661,10.913,0.32151,0.67141,0.065815
10.925,-10.459,0.73181,-2.8001,10.923,0.22062,0.44051,0.043317
10.935,-10.363,0.74839,-2.3843,10.933,0.25787,0.22408,0.030479
10.945,-10.139,0.5547,-2.6615,10.943,0.30123,0.11707,0.027043
10.955,-9.9916,0.24058,-3.1901,10.953,0.31289,0.083154,0.043004
10.965,-9.8426,-0.067165,-3.594,10.963,0.28349,0.10656,0.071414
10.975,-9.509,-0.30157,-3.7842,10.973,0.1579,0.12034,0.11289
10.985,-9.7054,0.12808,-3.2575,10.983,0.091405,0.098761,0.10577
10.995,-10.019,0.63716,-2.905,10.993,0.030724,0.09601,0.096872
11.005,-9.258,0.70288,-3.208,11.003,0.031195,0.096554,0.080948
11.015,-7.6198,0.42527,-4.1718,11.013,0.0010696,-0.017212,0.028754
11.025,-4.6822,0.40998,-5.5761,11.023,-0.10779,-0.36489,-0.037311
11.035,-0.90194,0.64504,-7.6629,11.033,-0.1027,-0.70041,-0.051792
11.045,3.2463,0.96049,-8.4862,11.043,-0.0084792,-1.5331,0.13453
11.055,8.9875,1.6728,-6.7711,11.053,0.01111,-4.7066,0.73247
11.065,22.808,1.3731,3.8731,11.063,-0.17935,-7.98,0.9835
11.075,40.874,-1.2254,11.359,11.073,-0.21898,-5.3843,0.14411
11.085,40.985,-3.8141,1.1721,11.083,0.19801,1.7709,-0.83504
11.095,27.736,-3.1452,-0.31008,11.093,0.34852,3.2056,-0.84929
11.105,15.034,-0.93808,-1.3999,11.103,0.19805,1.7133,-0.38067
11.115,10.823,-1.1463,-8.4007,11.113,0.21758,1.1548,-0.3398
11.125,8.5443,0.88606,-7.857,11.123,-0.085993,-0.4077,-0.20024
11.135,7.8523,4.0809,3.3384,11.133,-0.45674,-2.378,0.0030331
11.145,11.136,4.4168,10.079,11.143,-0.24984,-1.3961,-0.045886
11.155,13.479,2.6557,4.2127,11.153,-0.23828,0.36416,-0.11457
11.165,13.038,0.96991,0.84606,11.163,-0.58495,0.47155,-0.050325
11.175,10.621,-0.22544,0.074621,11.173,-0.64381,0.3722,0.0060119
11.185,8.2983,-1.1011,1.9354,11.183,-0.45387,0.39639,0.046165
11.195,5.6475,-1.5979,2.8462,11.193,-0.35653,0.4547,0.09103
11.205,3.8382,-1.6577,3.0978,11.203,-0.30966,0.37374,0.12618
11.215,2.5338,-1.1579,2.1927,11.213,-0.26356,0.22247,0.11079
11.225,2.0046,-0.91468,0.75978,11.223,-0.26704,0.0062285,0.052681
11.235,0.98508,-0.39492,-0.19995,11.233,-0.2792,-0.32773,-0.01595
11.245,0.86406,0.3081,-0.22925,11.243,-0.30046,-0.46962,-0.0091092
11.255,1.6342,0.69722,-0.16773,11.253,-0.33008,-0.45543,0.052082
11.265,2.3729,0.48128,0.17442,11.263,-0.29726,-0.30839,0.072273
11.275,2.2799,0.18538,0.29281,11.273,-0.2823,-0.11917,0.098172
11.285,1.8422,-0.074768,0.17111,11.283,-0.29794,0.045643,0.10807
11.295,0.98245,-0.38496,-0.052446,11.293,-0.30995,0.11768,0.081661
11.305,-0.3089,-0.55017,-0.23478,11.303,-0.31335,0.17322,0.026119
11.315,-1.3659,-0.71058,-0.43268,11.313,-0.30326,0.1575,-0.034671
11.325,-1.8483,-0.71202,-0.54646,11.323,-0.29378,0.09612,-0.070079
11.335,-3.1326,-0.45193,-0.70911,11.333,-0.26542,-0.032882,-0.11134
11.345,-3.6463,-0.2363,-0.58732,11.343,-0.24716,-0.066228,-0.11995
11.355,-3.7374,-0.13484,-0.57969,11.353,-0.21677,-0.080515,-0.12128
11.365,-3.6008,-0.14373,-0.82119,11.363,-0.19526,-0.091712,-0.10907
11.375,-3.4184,-0.19969,-0.92447,11.373,-0.1722,-0.10864,-0.08914
11.385,-3.2458,-0.27266,-0.84618,11.383,-0.12824,-0.13199,-0.076943
11.395,-3.1212,-0.3995,-0.95511,11.393,-0.10534,-0.156,-0.069304
11.405,-3.0565,-0.48625,-1.1654,11.403,-0.10096,-0.1817,-0.05108
11.415,-3.0157,-0.43991,-0.9838,11.413,-0.0815,-0.20221,-0.039481
11.425,-3.1001,-0.32939,-0.81426,11.423,-0.063122,-0.20865,-0.041115
11.435,-3.2421,-0.26374,-1.031,11.433,-0.0096752,-0.20868,-0.049007
11.445,-3.2755,-0.2991,-1.345,11.443,0.0055797,-0.21165,-0.048933
11.455,-3.4463,-0.37645,-1.7478,11.453,0.030583,-0.26233,-0.056835
11.465,-3.6058,-0.49625,-1.9869,11.463,0.061569,-0.32373,-0.073997
11.475,-3.594,-0.64952,-1.8324,11.473,0.08908,-0.42329,-0.077359
11.485,-3.7102,-0.73177,-1.7034,11.483,0.12619,-0.5154,-0.074236
11.495,-3.725,-0.78948,-1.0982,11.493,0.15755,-0.55446,-0.07567
11.505,-3.1944,-0.5895,-0.70033,11.503,0.1809,-0.54482,-0.079416
11.515,-2.9788,-0.39248,-0.62624,11.513,0.19007,-0.48517,-0.075037
11.525,-3.1208,-0.19522,-0.51827,11.523,0.18619,-0.43169,-0.064793
11.535,-3.1735,0.11253,-0.33545,11.533,0.1644,-0.42385,-0.063895
11.545,-3.1738,0.36448,-0.44149,11.543,0.12989,-0.38843,-0.076449
11.555,-3.34,0.56017,-0.64104,11.553,0.0976,-0.35909,-0.085176
11.565,-3.5947,0.55062,-0.75577,11.563,0.058046,-0.37569,-0.07562
11.575,-3.9118,0.5066,-0.51718,11.573,0.026115,-0.43209,-0.062707
11.585,-4.0424,0.43861,0.12337,11.583,0.0050782,-0.51334,-0.056054
11.595,-4.0007,0.25719,0.57963,11.593,-0.013109,-0.57261,-0.050837
11.605,-3.7773,0.099113,0.81655,11.603,-0.027146,-0.57808,-0.015566
11.615,-3.411,0.0078706,0.7057,11.613,-0.045397,-0.54545,0.039331
11.625,-2.8791,0.029306,0.70329,11.623,-0.091138,-0.59948,0.081065
11.635,-2.7504,0.057378,1.3697,11.633,-0.096048,-0.66756,0.070256
11.645,-2.6845,0.28727,2.2702,11.643,-0.041861,-0.64596,0.020755
11.655,-2.7255,0.48268,2.5246,11.653,0.010005,-0.52981,-0.01901
11.665,-2.6491,0.4801,1.756,11.663,-0.010348,-0.40642,-0.025857
11.675,-2.2436,0.23616,0.93742,11.673,-0.076406,-0.39663,0.0049819
11.685,-1.447,-0.067468,0.86836,11.683,-0.094723,-0.49805,0.036134
11.695,0.037256,-0.29812,0.75948,11.693,-0.12974,-0.62298,0.039079
11.705,1.0703,-0.41249,0.60323,11.703,-0.18019,-0.65966,0.016172
11.715,1.655,-0.40924,1.1753,11.713,-0.16753,-0.59523,-0.014911
11.725,1.983,-0.24328,1.7095,11.723,-0.14899,-0.47768,-0.030923
11.735,1.7214,-0.26594,2.3267,11.733,-0.11834,-0.35125,-0.03013
11.745,1.4982,-0.23599,2.9175,11.743,-0.058491,-0.27488,-0.015143
11.755,1.2532,-0.044252,2.6795,11.753,-0.024687,-0.20636,-0.0030722
11.765,1.709,0.27905,1.968,11.763,-0.031092,-0.15942,-0.013214
11.775,2.9229,0.41411,1.4797,11.773,-0.036421,-0.16353,-0.053385
11.785,4.3665,0.17342,1.2263,11.783,-0.024746,-0.11644,-0.09201
11.795,5.4889,-0.28288,1.1086,11.793,-0.014752,0.0023373,-0.086774
11.805,6.2097,-0.55389,1.0363,11.803,-0.032378,0.1686,-0.062904
11.815,6.4268,-0.43881,0.96076,11.813,-0.064338,0.35653,-0.052182
11.825,6.3434,-0.11113,1.1132,11.823,-0.079906,0.39845,-0.074024
11.835,6.5666,0.41928,1.1221,11.833,-0.060967,0.34874,-0.10839
11.845,7.3359,0.68998,0.98272,11.843,-0.034356,0.3279,-0.11289
11.855,8.5155,0.29086,0.6571,11.853,-0.023268,0.34858,-0.080423
11.865,9.7405,-0.02948,0.32429,11.863,0.018374,0.41705,-0.04509
11.875,10.801,0.15378,0.064654,11.873,0.092224,0.49979,-0.034997
11.885,11.512,0.215,-0.48733,11.883,0.092065,0.53404,-0.02403
11.895,12.009,0.08248,-0.87761,11.893,0.061388,0.51506,-0.0095531
11.905,12.146,0.072688,-0.70547,11.903,0.10942,0.39362,0.024874
11.915,11.851,0.011075,-0.47671,11.913,0.19498,0.22092,0.066109
11.925,11.996,-0.27859,-0.33173,11.923,0.23065,0.12263,0.08242
11.935,12.437,-0.081598,-0.49943,11.933,0.22843,0.01825,0.093726
11.945,12.755,0.36141,-1.0119,11.943,0.18292,0.0087161,0.089535
11.955,13.249,0.57475,-1.7134,11.953,0.14475,0.070131,0.085107
11.965,13.664,0.77476,-2.5632,11.963,0.10238,0.21082,0.11001
11.975,13.686,0.96796,-2.8021,11.973,0.064935,0.32871,0.17664
11.985,13.796,1.1304,-1.8457,11.983,0.08455,0.33927,0.26227
11.995,14.672,1.2133,-0.88851,11.993,0.11046,0.33717,0.29781
12.005,16,1.1171,-0.89612,12.003,0.059982,0.51741,0.23887
12.015,16.207,0.84929,-0.99056,12.013,-0.058245,0.92517,0.13169
12.025,14.12,0.15663,-1.2234,12.023,-0.2435,1.6251,0.041184
12.035,11.002,-0.29634,-1.5999,12.033,-0.39806,2.1649,0.034043
12.045,7.7686,0.0064899,-1.8495,12.043,-0.485,2.4883,0.073523
12.055,3.1538,0.61268,-2.3658,12.053,-0.53805,2.6626,0.089185
12.065,-0.75855,0.98916,-2.5227,12.063,-0.60223,2.5111,-0.0046608
12.075,-5.2197,1.1101,-1.097,12.073,-0.56319,2.1325,-0.076216
12.085,-9.1924,1.095,1.2442,12.083,-0.47043,1.3937,-0.19214
12.095,-11.654,0.69444,2.2126,12.093,-0.38144,0.66414,-0.3053
12.105,-14.11,-0.17313,0.53776,12.103,-0.25746,0.53779,-0.34253
12.115,-14.95,-0.98007,-2.3383,12.113,0.0083212,1.4615,-0.25156
12.125,-15.126,-1.6569,-4.5173,12.123,0.23556,2.4209,-0.18011
12.135,-14.931,-1.826,-6.1813,12.133,0.4552,3.2708,-0.065165
12.145,-13.899,-1.7378,-8.2749,12.143,0.7586,4.2395,0.16971
12.155,-12.144,-2.4144,-9.7002,12.153,0.90666,4.4342,0.31969
12.165,-10.483,-3.2516,-9.9105,12.163,1.0475,3.6271,0.45428
12.175,-10.512,-3.3416,-8.9416,12.173,1.022,2.0721,0.51828
12.185,-11.747,-2.7891,-7.5783,12.183,0.64936,-0.60912,0.44704
12.195,-12.993,-1.4997,-5.7782,12.193,0.24686,-2.2679,0.3266
12.205,-12.981,0.20786,-3.9499,12.203,-0.15674,-3.6624,0.25432
12.215,-12.461,1.3281,-2.5254,12.213,-0.40659,-4.3454,0.1869
12.225,-12.191,2.292,-0.92544,12.223,-0.44334,-4.3577,0.16094
12.235,-11.464,2.8579,1.146,12.233,-0.32231,-3.8835,0.062092
12.245,-10.416,2.6611,2.4979,12.243,-0.19887,-3.4378,-0.055976
12.255,-8.788,1.8435,2.9579,12.253,-0.0071206,-2.4375,-0.20405
12.265,-7.2017,0.49239,3.0641,12.263,0.10285,-1.297,-0.28548
12.275,-6.1181,-0.688,2.587,12.273,0.027019,-0.36447,-0.26691
12.285,-6.0799,-1.0161,1.0702,12.283,-0.022895,0.2707,-0.16044
12.295,-7.0818,-0.71034,0.066771,12.293,-0.00026945,0.77744,-0.055988
12.305,-8.1748,-0.28457,-0.16324,12.303,0.012201,0.92382,-0.034962
12.315,-8.8023,-0.025832,-0.58182,12.313,0.0047792,0.88999,-0.070243
12.325,-9.7599,0.3622,-1.1715,12.323,-0.030565,0.8138,-0.073126
12.335,-10.318,0.53352,-1.4388,12.333,-0.053992,0.7125,-0.048519
12.345,-10.494,0.43918,-1.1944,12.343,-0.031787,0.56313,-0.041233
12.355,-10.754,0.22064,-1.0847,12.353,0.026003,0.39799,-0.029804
12.365,-11.019,-0.073785,-1.0592,12.363,0.1432,0.26984,-0.022002
12.375,-10.806,-0.22567,-1.0004,12.373,0.23528,-0.0467,-0.015605
12.385,-10.44,-0.33819,-1.1292,12.383,0.21192,-0.37596,-0.0016742
12.395,-9.9942,-0.2747,-1.0698,12.393,0.1686,-0.58447,0.0051515
12.405,-9.6159,-0.15567,-0.59922,12.403,0.10998,-0.7147,0.018529
12.415,-9.3786,-0.20542,0.21686,12.413,0.061202,-0.71922,0.02307
12.425,-9.3709,-0.18081,0.62779,12.423,0.035136,-0.5618,0.03744
12.435,-9.2111,-0.18828,0.64375,12.433,0.042378,-0.17326,0.037393
12.445,-9.1969,-0.15407,0.56539,12.443,0.04065,0.067054,0.039506
12.455,-9.0504,-0.13283,0.16257,12.453,-0.043153,0.14338,0.053254
12.465,-8.5346,0.35284,-0.2426,12.463,-0.17428,0.049358,0.061062
12.475,-7.3896,0.56218,-0.078706,12.473,-0.2349,-0.21369,0.048409
12.485,-5.5157,0.47011,-0.59778,12.483,-0.1304,-0.50056,0.011269
12.495,-2.6528,0.39405,-3.4866,12.493,0.13587,-0.53015,0.00072593
12.505,2.1928,0.45623,-8.9349,12.503,0.45941,-0.15644,0.0035164
12.515,7.8599,0.31838,-11.5,12.513,0.89473,-0.48736,0.14975
12.525,21.068,-1.5305,-10.96,12.523,0.98078,-2.8237,0.46598
12.535,30.733,-2.696,-10.999,12.533,-0.26263,-6.5072,0.53019
12.545,33.975,1.291,1.448,12.543,-1.1118,-6.1682,0.35543
12.555,31.011,5.0834,11.29,12.553,-0.95864,-1.5563,0.001363
12.565,19.701,0.96269,7.8267,12.563,0.013849,2.9817,-0.12716
12.575,13.936,-1.8215,-2.96,12.573,0.34085,2.4041,0.16484
12.585,10.453,-1.6758,-7.2735,12.583,-0.41101,0.037628,0.31784
12.595,10.196,2.026,0.39216,12.593,-0.63739,-0.95676,0.21922
12.605,13.039,3.4722,5.2833,12.603,-0.39347,-0.44262,-0.18191
12.615,12.057,0.43389,2.1501,12.613,-0.22721,0.4322,-0.4098
12.625,10.558,-1.6718,-0.51474,12.623,-0.35043,0.20215,-0.25418
12.635,9.7121,-1.8248,-0.090397,12.633,-0.24044,-0.016043,-0.14247
12.645,8.2557,-0.96737,0.82779,12.643,-0.067932,0.024954,-0.07628
12.655,6.8905,-0.23064,1.0823,12.653,0.00094004,0.12291,0.0016096
12.665,6.0571,-0.17255,0.44179,12.663,0.029578,0.12063,0.041882
12.675,5.5839,0.088301,-0.78911,12.673,-0.0053048,-0.051094,0.066455
12.685,5.1523,0.71786,-1.4402,12.683,-0.1128,-0.15195,0.074649
12.695,4.5738,1.1347,-0.8599,12.693,-0.18325,-0.11382,0.067399
12.705,4.0444,1.1908,0.035942,12.703,-0.20846,-0.047479,0.069579
12.715,3.6944,0.92983,0.44879,12.713,-0.22745,-0.0081425,0.083362
12.725,2.6692,0.14373,0.58338,12.723,-0.21868,0.02487,0.091891
12.735,1.8988,-0.28833,0.55406,12.733,-0.20518,0.070526,0.093682
12.745,0.98962,-0.46667,0.54335,12.743,-0.19441,0.12287,0.092509
12.755,-0.11986,-0.60179,0.58502,12.753,-0.16811,0.17307,0.089329
12.765,-1.0496,-0.6835,0.35981,12.763,-0.12401,0.21919,0.0728
12.775,-1.8597,-0.75199,0.12596,12.773,-0.085444,0.19708,0.049709
12.785,-2.5734,-0.78026,-0.034043,12.783,-0.073369,0.11669,0.039799
12.795,-3.4791,-0.75683,-0.28041,12.793,-0.062317,0.11031,0.039406
12.805,-4.2965,-0.47468,-0.36428,12.803,-0.058,0.13562,0.05062
12.815,-4.569,-0.23269,-0.33866,12.813,-0.05562,0.12589,0.070188
12.825,-4.8448,0.14276,-0.62135,12.823,-0.078357,0.1082,0.087386
12.835,-5.078,0.50527,-0.8542,12.833,-0.12655,0.083601,0.080315
12.845,-5.0054,0.49448,-0.86908,12.843,-0.15587,0.048105,0.058317
12.855,-5.0332,0.44988,-1.0102,12.853,-0.18595,-0.012678,0.03399
12.865,-4.9673,0.19062,-1.1089,12.863,-0.20168,-0.081488,0.01107
12.875,-4.8649,-0.083839,-1.1907,12.873,-0.20439,-0.13423,-0.0029547
12.885,-4.6344,-0.36744,-1.349,12.883,-0.20537,-0.16333,-0.0039607
12.895,-4.2129,-0.6114,-1.5672,12.893,-0.19503,-0.19292,-0.011369
12.905,-3.8996,-0.53069,-1.7217,12.903,-0.15627,-0.24895,-0.022038
12.915,-3.5892,-0.3468,-1.9262,12.913,-0.12558,-0.3095,-0.024421
12.925,-3.273,-0.12712,-2.058,12.923,-0.094686,-0.35539,-0.034237
12.935,-3.1331,-0.00063295,-2.1004,12.933,-0.07484,-0.36303,-0.048257
12.945,-3.1106,-0.088302,-1.946,12.943,-0.076427,-0.37704,-0.05758
12.955,-3.1856,-0.20272,-1.7905,12.953,-0.084067,-0.40078,-0.059031
12.965,-3.6183,-0.32764,-1.7152,12.963,-0.068769,-0.34793,-0.055224
12.975,-3.8394,-0.4735,-0.91744,12.973,-0.01063,-0.38018,-0.065967
12.985,-4.3119,-0.56664,-0.5551,12.983,0.019511,-0.43053,-0.068759
12.995,-5.0943,-0.58769,-0.55627,12.993,0.031077,-0.39598,-0.047512
13.005,-5.4549,-0.46108,-0.073835,13.003,0.034965,-0.44514,-0.037364
13.015,-5.7532,-0.1421,-0.28709,13.013,0.024837,-0.47953,-0.036802
13.025,-6.116,0.058465,-0.12027,13.023,0.014906,-0.62214,-0.024248
13.035,-6.3848,0.09127,0.32007,13.033,0.0064227,-0.85713,-0.010713
13.045,-6.3005,0.033133,0.97471,13.043,-0.0039248,-1.0303,-0.0016478
13.055,-5.6157,0.083878,2.1167,13.053,0.019511,-1.157,-0.0016478
13.065,-4.9243,0.37264,2.6576,13.063,0.10047,-1.1272,-0.019757
13.075,-4.1235,0.50663,2.4911,13.073,0.10561,-1.0995,-0.039073
13.085,-3.446,0.47169,1.7823,13.083,0.0088583,-1.1144,-0.020823
13.095,-2.844,0.32861,1.2249,13.093,-0.064927,-1.132,0.015466
13.105,-0.91605,0.30442,1.2338,13.103,-0.081899,-1.2178,0.11591
13.115,0.96007,0.9641,1.9219,13.113,-0.081739,-1.1599,0.13114
13.125,2.0089,1.0808,2.9987,13.123,-0.064658,-0.94307,0.13085
13.135,1.8442,0.13892,3.6435,13.133,0.019791,-0.61652,0.12393
13.145,1.8907,-0.39968,3.3664,13.143,0.049338,-0.50616,0.13151
13.155,2.2964,-0.57435,2.3717,13.153,0.064112,-0.33893,0.11658
13.165,2.6901,-0.54612,2.0323,13.163,0.065343,-0.29727,0.056145
13.175,2.4584,-0.9886,1.1063,13.173,0.025903,-0.31868,0.0090048
13.185,1.9913,-1.4653,0.3173,13.183,-0.0081859,-0.19937,0.022853
13.195,2.69,-1.6152,0.56709,13.193,0.0020523,-0.064559,0.036554
13.205,4.0666,-1.2165,1.0508,13.203,0.042735,0.020486,0.0031579
13.215,6.2565,0.11934,1.244,13.213,0.035793,0.050406,-0.061142
13.225,7.4835,0.86848,1.1251,13.223,0.018565,0.093757,-0.10691
13.235,9.4282,1.2136,0.48254,13.233,0.13188,0.16055,-0.18003
13.245,9.4753,1.2674,-1.2568,13.243,0.16473,0.21643,-0.21784
13.255,9.2618,1.2398,-3.5784,13.253,0.092354,0.29668,-0.20001
13.265,10.238,0.74882,-3.9434,13.263,0.0042711,0.43643,-0.088749
13.275,12.359,-0.087053,-3.028,13.273,0.056254,0.54957,0.0075669
13.285,13.201,-0.56715,-2.7751,13.283,0.22321,0.62091,0.033693
13.295,13.586,-0.94523,-2.7711,13.293,0.34635,0.66387,-0.010563
13.305,13.362,-1.5983,-1.9843,13.303,0.36407,0.75519,-0.10645
13.315,12.59,-1.953,-1.5162,13.313,0.30228,0.79428,-0.17263
13.325,11.64,-1.6743,-1.7127,13.323,0.23708,0.75331,-0.17539
13.335,10.905,-0.26983,-2.4916,13.333,0.13349,0.64752,-0.064498
13.345,11.143,0.42641,-3.21,13.343,0.070868,0.59327,0.026399
13.355,11.504,1.4091,-3.6472,13.353,-0.080643,0.4751,0.18125
13.365,12.542,2.7067,-2.8083,13.363,-0.21583,0.36061,0.29534
13.375,14.124,3.5198,-1.7054,13.373,-0.29681,0.31921,0.33877
13.385,15.57,3.7272,-1.2631,13.383,-0.35706,0.28659,0.33231
13.395,17.025,2.6987,-1.0087,13.393,-0.39135,0.32552,0.23047
13.405,17.282,1.3239,-1.1214,13.403,-0.40194,0.50223,0.11596
13.415,16.489,0.047496,-1.1304,13.413,-0.40599,0.67715,0.06432
13.425,15.722,-1.0073,-0.28376,13.423,-0.35282,0.83419,0.020068
13.435,12.934,-1.4699,1.1339,13.433,-0.25529,1.0525,0.029352
13.445,11.073,-1.4073,1.299,13.443,-0.20257,1.3337,0.093492
13.455,8.3936,-0.92227,0.99473,13.453,-0.20356,1.5916,0.14139
13.465,6.536,-0.45282,0.70281,13.463,-0.24561,1.6857,0.10937
13.475,4.0216,0.37215,0.08191,13.473,-0.34579,1.798,-0.043724
13.485,1.1652,1.1674,-0.84129,13.483,-0.41716,2.0527,-0.22564
13.495,-3.0934,1.5536,-1.5181,13.493,-0.40919,2.3221,-0.31264
13.505,-6.3286,1.6786,-1.8015,13.503,-0.37422,2.5345,-0.29843
13.515,-9.6868,1.6549,-1.7393,13.513,-0.36113,2.6165,-0.27416
13.525,-12.121,1.3442,-1.367,13.523,-0.35309,2.5406,-0.28057
13.535,-14.925,0.51442,-1.7598,13.533,-0.27812,2.5696,-0.30735
13.545,-16.118,-0.11928,-3.5891,13.543,-0.12228,3.1657,-0.37306
13.555,-17.503,-1.9056,-9.3383,13.553,0.12677,4.6926,-0.40956
13.565,-17.886,-3.3585,-12.736,13.563,0.4458,6.3583,-0.32994
13.575,-16.085,-4.0165,-12.872,13.573,0.78495,6.1532,-0.10923
13.585,-13.034,-4.7902,-11.92,13.583,0.8763,3.8438,0.079102
13.595,-12.08,-4.5695,-11.618,13.593,0.54288,0.76834,0.16951
13.605,-13.917,-2.339,-11.097,13.603,-0.0020719,-2.0222,0.21828
13.615,-14.98,0.72974,-6.719,13.613,-0.36186,-3.9214,0.24192
13.625,-14.633,1.7172,-3.2524,13.623,-0.42739,-5.1076,0.2468
13.635,-12.629,1.5532,-0.32549,13.633,-0.14081,-5.7576,-0.014052
13.645,-11.312,1.5917,1.2303,13.643,0.14575,-5.8263,-0.28813
13.655,-10.816,1.5031,1.546,13.653,0.092993,-5.6492,-0.3681
13.665,-8.6672,0.97013,1.5945,13.663,-0.22929,-5.3803,-0.38798
13.675,-6.4777,0.21845,1.0986,13.673,-0.64988,-3.921,-0.20713
13.685,-4.087,-0.73176,2.119,13.683,-0.63771,-1.1086,0.054734
13.695,-2.722,-1.573,4.0273,13.693,-0.26289,1.051,0.1105
13.705,-5.0735,-0.98866,3.5623,13.703,0.14381,1.5638,0.0099853
13.715,-8.1496,-0.2697,0.91441,13.713,0.30288,1.5333,0.032755
13.725,-9.4045,-0.49743,-0.27514,13.723,0.3368,1.3237,0.10548
13.735,-9.7966,-0.77188,-0.85226,13.733,0.36011,0.9468,0.10429
13.745,-10.68,-0.72459,-1.5573,13.743,0.38846,0.82794,0.058326
13.755,-11.608,-0.52917,-2.1297,13.753,0.42212,0.79937,0.039215
13.765,-12.068,-0.49006,-2.2918,13.763,0.40179,0.70034,0.041334
13.775,-12.155,-0.6296,-2.0932,13.773,0.34186,0.35049,0.020967
13.785,-12.076,-0.69252,-2.2731,13.783,0.30151,-0.092389,0.018681
13.795,-11.653,-0.62078,-2.3268,13.793,0.29415,-0.50423,0.053443
13.805,-10.833,-0.50528,-2.1729,13.803,0.27824,-1.0204,0.083462
13.815,-10.231,-0.29767,-1.7321,13.813,0.27415,-1.5796,0.090964
13.825,-9.8638,-0.04982,-0.35808,13.823,0.27874,-1.9999,0.070663
13.835,-9.5987,0.16154,0.69049,13.833,0.28337,-2.3549,0.031015
13.845,-9.4035,0.36274,1.3259,13.843,0.28591,-2.3776,0.015178
13.855,-9.021,0.46731,2.1392,13.853,0.31828,-1.9642,0.0073155
13.865,-8.4313,0.11885,2.6901,13.863,0.39865,-1.2143,-0.0025319
13.875,-7.997,-0.28661,2.756,13.873,0.43712,-0.59866,-0.0011689
13.885,-7.7685,-0.52312,2.8235,13.883,0.37405,-0.16868,0.0273
13.895,-7.6619,-0.20081,3.0151,13.893,0.21097,-0.13518,0.056443
13.905,-7.3762,0.86406,3.1998,13.903,0.030369,-0.095518,0.056391
13.915,-6.2898,1.9324,3.3764,13.913,-0.072618,0.017811,-0.00018547
13.925,-4.1729,2.0479,2.7557,13.923,-0.050772,-0.054097,-0.10066
13.935,-1.9538,1.287,-0.36566,13.933,-0.073989,-0.29648,-0.20864
13.945,-0.073709,1.0741,-5.0278,13.943,-0.074385,-0.10851,-0.19519
13.955,2.8507,1.1907,-8.8737,13.953,0.13305,0.12593,-0.0070734
13.965,9.688,0.11832,-10.287,13.963,0.35496,-0.85635,0.34999
13.975,20.709,-1.9473,-7.4972,13.973,0.1748,-3.6908,0.51621
13.985,32.523,-2.3002,-5.4461,13.983,-0.26091,-5.4154,0.18952
13.995,35.166,-0.71164,-3.3385,13.993,-0.73123,-3.1278,-0.35878
14.005,23.278,-1.4118,2.4853,14.003,-0.34587,1.1397,-0.35105
14.015,20.189,-3.3082,-3.194,14.013,0.14738,2.2999,-0.23835
14.025,15.903,-2.6754,-5.796,14.023,-0.076884,0.87676,-0.046944
14.035,10.957,-0.69023,-3.1977,14.033,-0.50241,0.11783,-0.035044
14.045,6.5204,3.1734,0.092611,14.043,-0.47778,0.26753,0.02616
14.055,4.7435,6.7203,1.9099,14.053,-0.30433,0.60384,0.099552
14.065,6.9783,4.6352,2.034,14.063,-0.32033,0.40023,0.037594
14.075,8.2186,-0.069654,0.50212,14.073,-0.44706,0.070338,0.033296
14.085,8.6125,-2.3538,-1.0547,14.083,-0.49391,-0.031072,0.043192
14.095,8.4343,-2.9624,-1.2504,14.093,-0.29368,-0.0044242,-0.029345
14.105,7.6192,-3.7091,-0.92304,14.103,0.0042029,-0.061226,-0.09857
14.115,6.9149,-4.6051,-0.70758,14.113,0.2475,-0.14909,-0.087928
14.125,6.077,-4.1519,-0.67417,14.123,0.3011,-0.18154,0.0062773
14.135,6.3149,-1.1849,-0.69736,14.133,0.23717,-0.14113,0.089083
14.145,6.4298,1.1581,-0.87492,14.143,0.1972,-0.050152,0.068524
14.155,5.8248,2.3427,-1.1476,14.153,0.145,0.037141,0.034885
14.165,4.6323,2.6263,-1.3015,14.163,0.086959,0.11422,0.010114
14.175,3.3609,2.1681,-1.2466,14.173,-0.00029223,0.17609,0.01485
14.185,2.3973,1.4026,-0.6825,14.183,-0.09555,0.17993,0.042061
14.195,1.9221,0.61409,0.095115,14.193,-0.12003,0.17723,0.050584
14.205,1.5906,-0.28572,0.88688,14.203,-0.095172,0.18636,0.047927
14.215,1.4855,-0.781,1.2936,14.213,-0.048585,0.2071,0.032804
14.225,1.4308,-0.95925,1.2601,14.223,-0.0030383,0.24629,-0.0097032
14.235,1.1331,-0.83301,0.82246,14.233,0.024837,0.33113,-0.096456
14.245,0.55808,-0.7151,0.45107,14.243,0.023825,0.38837,-0.12837
14.255,-0.19369,-0.53183,0.2152,14.253,0.013279,0.43108,-0.13104
14.265,-0.92315,-0.31976,0.21086,14.263,0.013395,0.44092,-0.11218
14.275,-1.4452,-0.13073,0.24431,14.273,0.027997,0.43494,-0.079523
14.285,-1.7218,-0.0084027,0.18249,14.283,0.051858,0.42621,-0.050124
14.295,-1.8922,0.0052476,0.041564,14.293,0.0765,0.42311,-0.030245
14.305,-2.0697,-0.12174,-0.14051,14.303,0.11135,0.41835,-0.020404
14.315,-2.2685,-0.24414,-0.16109,14.313,0.13809,0.37816,-0.020866
14.325,-2.6619,-0.25857,-0.22978,14.323,0.15197,0.33879,-0.011018
14.335,-2.7843,-0.16657,-0.10371,14.333,0.14571,0.32336,-0.010792
14.345,-2.7961,0.10754,0.05017,14.343,0.13482,0.31433,-0.017196
14.355,-2.8374,0.32452,0.17259,14.353,0.12524,0.30073,-0.019667
14.365,-2.8815,0.47993,0.27538,14.363,0.10391,0.2786,-0.019654
14.375,-2.8138,0.53372,0.2474,14.373,0.068872,0.25746,-0.021112
14.385,-2.7361,0.40297,0.22816,14.383,0.052797,0.24511,-0.024415
14.395,-2.7818,0.2083,0.1811,14.393,0.048332,0.22433,-0.011451
14.405,-2.8008,0.18023,0.24866,14.403,0.046186,0.19647,0.0093244
14.415,-2.6697,0.18737,0.49445,14.413,0.050354,0.16297,0.019772
14.425,-2.3898,0.029935,0.7159,14.423,0.070026,0.1208,0.016472
14.435,-1.9692,-0.25341,0.65257,14.433,0.10137,0.085197,0.019213
14.445,-1.5341,-0.38967,0.40887,14.443,0.11936,0.083095,0.033497
14.455,-1.0938,-0.35868,0.29663,14.453,0.1375,0.060152,0.054108
14.465,-0.6549,-0.43954,0.53172,14.463,0.18068,0.0033076,0.0719
14.475,-0.28079,-0.67262,0.91264,14.473,0.22855,-0.0082677,0.09552
14.485,0.18406,-0.72236,1.2818,14.483,0.24556,0.06854,0.12548
14.495,0.87554,-0.53309,1.4259,14.493,0.25098,0.20633,0.13776
14.505,1.5189,-0.20616,1.1718,14.503,0.26408,0.31227,0.12741
14.515,1.8989,0.16695,0.49484,14.513,0.26508,0.38338,0.10321
14.525,1.9745,0.38051,-0.35048,14.523,0.23704,0.39129,0.071836
14.535,1.745,0.26815,-0.42268,14.533,0.22343,0.33157,0.049387
14.545,1.5082,0.062885,-0.11018,14.543,0.25115,0.29303,0.038646
14.555,1.2594,-0.25957,0.14152,14.553,0.28265,0.30761,0.037764
14.565,1.1361,-0.56501,0.032469,14.563,0.28579,0.37902,0.048425
14.575,1.0292,-0.64609,-0.27645,14.573,0.27383,0.45086,0.061712
14.585,0.73447,-0.51016,-0.46548,14.583,0.26571,0.4703,0.068719
14.595,0.30185,-0.12994,-0.64829,14.593,0.24598,0.45534,0.068646
14.605,-0.55996,0.46107,-0.8323,14.603,0.19434,0.41172,0.05764
14.615,-1.4378,0.90593,-0.84462,14.613,0.13725,0.3944,0.045736
14.625,-2.1995,1.2403,-0.80619,14.623,0.071731,0.39946,0.034038
14.635,-2.7542,1.4238,-0.8405,14.633,0.007228,0.39119,0.022518
14.645,-3.0642,1.3881,-1.0109,14.643,-0.029786,0.35939,0.01314
14.655,-3.2904,1.2567,-1.2719,14.653,-0.065015,0.2892,-0.00044697
14.665,-3.3715,1.0105,-1.5949,14.663,-0.097022,0.19147,-0.0091487
14.675,-3.3042,0.75699,-1.8029,14.673,-0.11415,0.088546,-0.014845
14.685,-3.1423,0.40261,-1.746,14.683,-0.11248,-0.039624,-0.019202
14.695,-2.7387,-0.21063,-1.4864,14.693,-0.087107,-0.17777,-0.0033754
14.705,-1.9025,-0.78371,-1.0163,14.703,-0.037961,-0.28787,0.021704
14.715,-0.9526,-1.0384,-0.48531,14.713,0.030058,-0.29642,0.039828
14.725,-0.0084316,-1.1997,-0.030535,14.723,0.12119,-0.21126,0.053573
14.735,0.72807,-1.3397,0.26203,14.733,0.20092,-0.099281,0.060893
14.745,1.129,-1.2803,0.37056,14.743,0.23264,0.0045389,0.051525
14.755,1.3662,-1.056,0.4443,14.753,0.27726,0.15304,0.02997
14.765,1.2086,-0.74116,0.4263,14.763,0.31077,0.23022,0.01138
