0.02,17.047,1.0988,-4.2491,0.019,-0.22775,0.78675,-0.023211
0.03,17.238,1.0217,-4.3169,0.029,-0.15913,1.0451,0.012488
0.04,16.961,0.77272,-5.2428,0.039,-0.077337,1.4158,0.081877
0.05,16.345,0.37673,-5.8866,0.049,-0.038574,1.8365,0.17741
0.06,14.823,-0.062831,-5.5428,0.059,0.012959,2.4204,0.29506
0.07,12.803,-0.023086,-5.1466,0.069,0.09749,2.6252,0.28321
0.08,10.768,0.11936,-4.8225,0.079,0.15369,2.6564,0.24897
0.09,8.2785,0.011185,-3.5689,0.089,0.14942,2.5155,0.23419
0.1,5.7075,-0.090417,-2.4207,0.099,0.14881,2.3202,0.22488
0.11,2.8165,-0.2305,-2.3577,0.109,0.20464,2.1742,0.20861
0.12,-0.031818,-0.81746,-2.1014,0.119,0.28068,2.22,0.21623
0.13,-2.3364,-1.3225,-1.1547,0.129,0.31743,2.4666,0.24783
0.14,-5.2933,-1.4776,0.25328,0.139,0.33242,2.6087,0.29022
0.15,-7.4493,-1.4697,1.1432,0.149,0.36744,2.6403,0.3111
0.16,-10.325,-1.3077,0.14149,0.159,0.44898,2.5817,0.38799
0.17,-13.029,-1.0454,-1.3254,0.169,0.46502,2.4511,0.463
0.18,-14.595,-0.68378,-1.9335,0.179,0.3421,2.2617,0.45166
0.19,-17.536,0.28132,-5.0155,0.189,0.21565,2.2527,0.42692
0.2,-19.109,1.5034,-7.344,0.199,0.23787,2.949,0.32195
0.21,-20.107,2.6098,-7.7918,0.209,0.3218,3.6674,0.24564
0.22,-19.601,3.4418,-7.8449,0.219,0.41628,4.0381,0.28551
0.23,-17.421,3.3454,-7.8443,0.229,0.42794,3.6349,0.30449
0.24,-16.642,3.7854,-9.5158,0.239,0.22163,2.4314,0.15779
0.25,-16.187,4.6629,-7.6093,0.249,-0.15282,0.72463,0.092721
0.26,-14.67,4.1856,-3.7045,0.259,-0.33577,-0.36539,0.11496
0.27,-13.095,2.7717,-1.844,0.269,-0.53882,-2.438,-0.093129
0.28,-11.841,1.9964,-0.57226,0.279,-0.72042,-3.9015,-0.25497
0.29,-10.447,1.4466,2.5095,0.289,-0.78547,-4.3459,-0.35399
0.3,-7.114,0.11269,5.4687,0.299,-0.85841,-5.618,-0.51278
0.31,-3.4335,-1.0639,7.4476,0.309,-0.79105,-5.7902,-0.54639
0.32,-0.14794,-2.0794,5.875,0.319,-0.44614,-5.1023,-0.6763
0.33,0.26964,-0.98521,2.0147,0.329,-0.038076,-1.259,-0.38135
0.34,-0.26528,-1.5292,4.5817,0.339,-0.2115,0.86316,0.24301
0.35,-3.3505,-1.8271,4.2701,0.349,-0.15699,0.84756,0.30961
0.36,-5.6349,-1.2562,3.3033,0.359,0.10118,1.5616,0.29751
0.37,-7.1483,-1.2794,1.4496,0.369,0.43204,1.9315,0.2871
0.38,-9.8635,-0.39774,0.54657,0.379,0.14998,1.8887,0.48634
0.39,-10.853,0.37585,0.27868,0.389,0.058515,1.8023,0.55534
0.4,-10.573,0.36089,-0.65289,0.399,0.25559,1.7461,0.54749
0.41,-12.044,1.3079,-2.2649,0.409,0.33907,1.368,0.3653
0.42,-12.722,2.5692,-3.9765,0.419,0.33244,1.0457,0.2932
0.43,-11.504,2.2837,-3.8087,0.429,0.21579,0.83508,0.38211
0.44,-11.978,3.4052,-3.1401,0.439,0.22796,0.62569,0.24743
0.45,-11.966,3.5501,-3.1859,0.449,0.21612,0.29586,0.06449
0.46,-10.339,2.8071,-2.6446,0.459,0.085022,-0.15281,0.00098454
0.47,-8.6886,2.8039,-2.8066,0.469,0.07658,-0.24344,-0.022486
0.48,-7.8709,2.0535,-3.0987,0.479,0.032832,-0.19989,-0.074338
0.49,-7.7275,1.0391,-3.1823,0.489,-0.061245,-0.1505,-0.11161
0.5,-5.8566,0.48835,-7.2222,0.499,-0.14281,-0.34707,-0.042704
0.51,-1.8982,1.3275,-9.4176,0.509,-0.38128,-0.78433,-0.0081584
0.52,5.3661,1.0259,-3.5556,0.519,-0.71441,-2.2434,-0.03465
0.53,17.072,-2.6326,-5.4377,0.529,-0.96236,-5.7033,-0.16803
0.54,28.202,-5.9774,-4.1362,0.539,-1.2913,-9.0845,-0.93472
0.55,29.628,-7.2502,17.691,0.549,-1.074,-11.177,-2.7286
0.56,29.632,0.74019,-18.465,0.559,0.13547,-7.6845,-3.5659
0.57,26.956,-1.8546,-3.8481,0.569,0.094574,2.3564,-0.82927
0.58,17.224,-6.2375,-0.75283,0.579,-0.3049,3.7775,0.49806
0.59,8.0192,-2.6821,-5.6671,0.589,0.72392,4.1007,0.0047386
0.6,4.5799,-1.0046,-4.0615,0.599,0.40742,3.6334,0.12052
0.61,3.127,-1.8482,0.25277,0.609,-0.30815,2.4517,0.38746
0.62,-1.1635,0.44921,0.87566,0.619,-0.057231,1.577,-0.016412
0.63,-2.2446,2.2057,-0.45463,0.629,0.20386,0.80548,-0.25908
0.64,-2.2272,3.1132,-1.9563,0.639,-0.017842,-0.093265,-0.3085
0.65,-0.43522,2.9636,-1.1358,0.649,-0.24528,-0.61652,-0.24708
0.66,0.68478,2.7754,-0.22161,0.659,-0.33899,-0.92569,-0.15709
0.67,2.21,2.063,0.87147,0.669,-0.3017,-0.8916,-0.0186
0.68,2.7606,0.70139,0.96297,0.679,-0.14593,-0.69302,0.040885
0.69,2.5076,-0.38406,0.5374,0.689,-0.049536,-0.49215,0.034681
0.7,2.1972,-1.5514,0.38526,0.699,0.010777,-0.20953,0.038339
0.71,1.6774,-2.0177,0.32343,0.709,0.025141,-0.0082262,0.02325
0.72,0.45644,-2.3148,0.24759,0.719,0.0012737,0.23582,0.016445
0.73,-0.95954,-2.5812,0.7276,0.729,-0.061551,0.43229,0.049377
0.74,-1.779,-2.7101,1.4123,0.739,-0.057768,0.56233,0.088862
0.75,-2.5478,-2.7853,1.7577,0.749,0.076389,0.68393,0.094711
0.76,-3.4419,-2.622,0.87352,0.759,0.16679,0.64178,0.098209
0.77,-4.3926,-1.7705,0.81235,0.769,-0.13009,0.27233,0.22907
0.78,-3.494,-1.6757,1.6336,0.779,-0.084816,0.24895,0.30696
0.79,-3.7115,-1.4336,1.0701,0.789,0.19927,0.26148,0.27646
0.8,-4.2189,-0.84578,0.13466,0.799,0.29012,0.20824,0.26225
0.81,-3.7926,-0.52972,-0.05389,0.809,0.34439,0.17906,0.27735
0.82,-2.9073,-0.024605,-1.1182,0.819,0.47679,-0.01089,0.22246
0.83,-2.44,0.11069,-1.1968,0.829,0.43736,-0.087042,0.18092
0.84,-1.6897,0.45502,-1.1483,0.839,0.38906,-0.22924,0.099917
0.85,-0.89579,0.77353,-0.89751,0.849,0.28356,-0.38634,-0.00060713
0.86,-0.51987,0.88223,-0.62936,0.859,0.16707,-0.50476,-0.08838
0.87,-0.032047,0.9062,-0.4373,0.869,0.054882,-0.57592,-0.15299
0.88,0.37527,0.92698,-0.23838,0.879,-0.047967,-0.57388,-0.21308
0.89,0.54414,0.87765,-0.20414,0.889,-0.094401,-0.51268,-0.24987
0.9,0.68152,0.69768,-0.33872,0.899,-0.11157,-0.42472,-0.25398
0.91,0.68459,0.45777,-0.25662,0.909,-0.11897,-0.2999,-0.2342
0.92,0.41127,0.21639,-0.28968,0.919,-0.088682,-0.20064,-0.21006
0.93,0.23765,0.044416,-0.48254,0.929,-0.036037,-0.15023,-0.17746
0.94,-0.054085,-0.33951,-0.67239,0.939,0.017785,-0.14711,-0.13376
0.95,-0.4723,-0.54599,-1.0727,0.949,0.092883,-0.16285,-0.093256
0.96,-0.67312,-0.49183,-1.2232,0.959,0.097034,-0.19255,-0.065208
0.97,-0.93058,-0.50838,-1.489,0.969,0.096789,-0.20858,-0.037384
0.98,-1.7205,-0.40974,-1.1835,0.979,0.094208,-0.21346,-0.0086684
0.99,-2.4973,-0.31948,-1.3068,0.989,0.14143,-0.2547,0.035819
1,-3.0046,0.035652,-1.0475,0.999,0.046933,-0.31518,0.065799
1.01,-3.296,0.081938,0.59725,1.009,-0.026899,-0.38836,0.090827
1.02,-3.7477,0.15584,0.79265,1.019,0.070271,-0.42976,0.07654
1.03,-4.153,0.11656,1.0929,1.029,0.127,-0.54095,0.057023
1.04,-4.2802,-0.27386,1.417,1.039,0.19196,-0.65065,0.032113
1.05,-4.4511,-0.55564,1.3108,1.049,0.24898,-0.68706,-0.0018915
1.06,-4.7446,-0.86777,1.3918,1.059,0.27033,-0.73271,-0.033102
1.07,-5.0447,-0.99657,2.0005,1.069,0.28181,-0.77733,-0.056745
1.08,-5.1349,-0.74796,2.7853,1.079,0.28743,-0.81425,-0.061471
1.09,-5.3224,-0.26941,3.1173,1.089,0.30882,-0.81497,-0.06462
1.1,-5.552,0.05435,3.0489,1.099,0.32951,-0.75741,-0.05964
1.11,-5.7923,0.22597,2.7132,1.109,0.31475,-0.65925,-0.044157
1.12,-5.9252,0.49002,2.4512,1.119,0.20405,-0.61431,-0.021365
1.13,-5.6576,0.96705,2.0825,1.129,0.084942,-0.71369,-0.013816
1.14,-5.1348,1.4259,1.979,1.139,0.015398,-0.86198,-0.029424
1.15,-4.1889,1.7991,1.711,1.149,-0.044333,-1.107,-0.083403
1.16,-2.7634,1.8947,1.4673,1.159,-0.093209,-1.3768,-0.16294
1.17,-0.93957,1.8361,1.2881,1.169,-0.13276,-1.6407,-0.2524
1.18,1.5834,1.1526,1.6209,1.179,-0.19211,-1.9206,-0.35126
1.19,3.7578,0.42672,1.994,1.189,-0.21704,-2.0186,-0.37467
1.2,5.0616,-0.15762,2.6345,1.199,-0.2353,-2.1441,-0.35581
1.21,10.506,-0.98301,1.5008,1.209,-0.16321,-1.7822,-0.26254
1.22,11.545,-1.2507,0.29967,1.219,-0.12166,-1.4193,-0.2104
1.23,12.41,-1.4725,-0.88947,1.229,-0.13247,-0.95411,-0.14638
1.24,13.511,-1.4827,-1.7838,1.239,-0.13187,-0.56602,-0.10476
1.25,12.391,-0.77639,-3.0135,1.249,-0.058823,0.016006,-0.15175
1.26,11.109,-0.4832,-3.8244,1.259,-0.11225,0.14191,-0.17614
1.27,10.786,-0.033654,-3.0832,1.269,-0.36423,0.20643,-0.10788
1.28,11.438,0.36588,-2.1385,1.279,-0.39164,0.35075,-0.075494
1.29,11.453,0.66074,-2.5353,1.289,-0.27978,0.36929,-0.10954
1.3,12.129,0.6516,-2.3654,1.299,-0.2664,0.26957,-0.081012
1.31,13.448,0.44709,-1.7989,1.309,-0.27278,0.19841,-0.01805
1.32,14.711,0.28683,-2.3566,1.319,-0.17392,0.25794,0.012976
1.33,15.343,-0.041059,-3.2845,1.329,-0.131,0.38626,0.047023
1.34,15.739,-0.42476,-3.9648,1.339,-0.15023,0.60053,0.10342
1.35,15.831,-0.56227,-4.741,1.349,-0.12756,0.95392,0.15347
1.36,15.561,-0.49649,-5.3074,1.359,-0.096685,1.2444,0.18698
1.37,14.04,0.37182,-5.2424,1.369,-0.092859,1.8608,0.23524
1.38,13.005,0.78732,-4.6078,1.379,-0.08517,1.997,0.21291
1.39,11.867,0.98678,-4.2316,1.389,-0.050381,2.0823,0.17786
1.4,10.058,1.0915,-4.3268,1.399,0.046509,2.1209,0.10946
1.41,7.564,0.66307,-4.4605,1.409,0.08777,1.946,0.077351
1.42,6.0074,0.21369,-4.2933,1.419,0.042979,1.7221,0.12916
1.43,4.2465,-0.18799,-3.6543,1.429,0.1054,1.7213,0.16659
1.44,2.2175,-0.49333,-3.4706,1.439,0.1597,1.7121,0.16029
1.45,0.53275,-0.71091,-3.1132,1.449,0.24484,1.636,0.23292
1.46,-0.62662,-0.72791,-2.4541,1.459,0.23648,1.7459,0.2543
1.47,-2.4736,-0.35801,-1.4041,1.469,0.23512,1.8382,0.29038
1.48,-5.7566,0.24353,0.50012,1.479,0.19611,1.9163,0.32675
1.49,-7.2548,0.54721,1.3342,1.489,0.20256,2.0127,0.3522
1.5,-9.1673,0.80881,1.5161,1.499,0.21176,2.0379,0.35851
1.51,-11.45,0.88103,1.5381,1.509,0.14585,1.9447,0.38427
1.52,-13.683,0.73412,0.85149,1.519,0.06944,1.7199,0.38375
1.53,-15.597,0.78916,-0.64958,1.529,0.031257,1.4692,0.3662
1.54,-17.098,1.0313,-2.2383,1.539,0.057906,1.4007,0.38369
1.55,-17.825,0.89368,-3.4858,1.549,0.11914,1.5283,0.38516
1.56,-18.375,0.76329,-4.7219,1.559,0.19897,1.9068,0.27861
1.57,-18.226,0.8437,-5.192,1.569,0.2256,2.3244,0.094315
1.58,-15.94,0.87866,-5.1654,1.579,0.1304,2.0574,-0.046366
1.59,-14.595,1.2145,-4.6488,1.589,0.042387,1.1028,-0.12065
1.6,-13.415,1.5375,-3.9927,1.599,-0.082547,-0.031279,-0.19851
1.61,-11.871,1.5284,-2.447,1.609,-0.27098,-1.164,-0.22381
1.62,-10.184,1.2432,0.34274,1.619,-0.42108,-2.1294,-0.25572
1.63,-8.9099,0.97025,1.8417,1.629,-0.40386,-2.7038,-0.31101
1.64,-7.0699,0.59842,3.9791,1.639,-0.32113,-2.9993,-0.30428
1.65,-4.7977,-0.3347,4.9173,1.649,-0.15981,-2.4902,-0.19959
1.66,-5.012,-0.40525,3.0412,1.659,0.017776,-1.0237,-0.069758
1.67,-4.6893,-0.69922,4.4288,1.669,-0.016439,-0.081733,0.085413
1.68,-4.3715,-1.5224,4.2144,1.679,0.091331,0.14511,0.16236
1.69,-5.8505,-1.4641,2.2568,1.689,0.24533,0.52342,0.13942
1.7,-6.6744,-1.4323,1.7454,1.699,0.26279,0.94922,0.1936
1.71,-7.7191,-1.1262,0.95365,1.709,0.3316,1.2176,0.22105
1.72,-9.2351,-0.38774,-0.88089,1.719,0.34889,1.2621,0.21789
1.73,-10.278,0.41175,-1.4786,1.729,0.1124,1.063,0.27354
1.74,-10.609,0.97353,-1.3296,1.739,-0.058379,0.90215,0.32407
1.75,-10.888,1.3932,-1.4982,1.749,0.014331,0.81789,0.30859
1.76,-11.687,2.0188,-2.4058,1.759,0.043171,0.55465,0.23053
1.77,-11.608,2.4204,-2.9019,1.769,-0.035503,0.29495,0.19158
1.78,-10.653,2.7759,-2.9844,1.779,-0.094608,0.10796,0.15127
1.79,-10.009,2.8943,-3.2549,1.789,-0.1335,-0.10235,0.093583
1.8,-8.9846,2.4055,-5.3214,1.799,-0.16583,-0.26937,0.067128
1.81,-7.3285,2.099,-9.6379,1.809,-0.21187,-0.30826,0.070955
1.82,-3.7231,2.4307,-12.729,1.819,-0.3912,-0.029471,0.014414
1.83,0.71627,2.5953,-8.3643,1.829,-0.55838,-0.082379,-0.11669
1.84,8.5436,-0.94108,-3.2465,1.839,-0.42876,-3.2723,-0.26818
1.85,19.291,-3.1286,-8.5237,1.849,-0.44504,-7.7212,-0.59907
1.86,29.233,-6.6653,20.906,1.859,-1.0282,-11.922,-1.5388
1.87,30.173,-2.8113,-12.082,1.869,-0.40444,-12.694,-2.7752
1.88,30.283,-0.060994,-12.405,1.879,-0.056666,-3.5251,-1.9493
1.89,26.215,-1.3004,2.0855,1.889,-0.089293,3.726,-0.34142
1.9,18.765,-3.3797,-8.0114,1.899,1.0611,5.8768,0.47154
1.91,6.7438,0.11286,-5.4861,1.909,0.40751,5.8028,0.48992
1.92,3.5399,0.68619,-0.25658,1.919,-0.81664,4.405,0.73564
1.93,0.85641,0.26521,0.26619,1.929,-0.17269,3.77,0.62989
1.94,-3.5584,1.9169,1.1474,1.939,0.41184,3.0094,0.14082
1.95,-5.0328,2.5736,1.2761,1.949,0.49522,2.1266,0.037027
1.96,-5.8404,2.35,-0.022041,1.959,0.46736,0.94967,0.00078773
1.97,-3.8014,0.70915,0.60747,1.969,0.33706,-0.23942,-0.062224
1.98,-2.3452,-0.021352,0.18224,1.979,0.36496,-0.61301,-0.028162
1.99,-2.225,-0.26651,-0.85664,1.989,0.41292,-0.65304,0.031742
2,-0.13432,-0.88599,-0.61364,1.999,0.37155,-0.392,0.2392
2.01,0.30974,-0.86916,-1.0027,2.009,0.42198,-0.25493,0.28597
2.02,0.37707,-0.63748,-1.2217,2.019,0.45566,-0.15965,0.26389
2.03,0.11647,-0.33437,-1.2964,2.029,0.43279,-0.044447,0.22256
2.04,-0.49866,0.01071,-1.4733,2.039,0.38097,0.062765,0.15744
2.05,-0.93789,-0.3643,-0.098108,2.049,0.30755,0.27214,0.10292
2.06,-1.5599,-0.47625,0.039429,2.059,0.33431,0.33878,0.02796
2.07,-2.5143,-0.23903,-0.59578,2.069,0.29652,0.23857,-0.011725
2.08,-2.8413,-0.12198,-0.70629,2.079,0.01997,0.022359,0.047813
2.09,-1.5313,-0.27323,0.83887,2.089,-0.26361,-0.15846,0.10594
2.1,-1.1326,-0.15267,0.70106,2.099,-0.1786,-0.085621,0.076598
2.11,-1.4537,0.40487,-0.41186,2.109,-0.022239,0.038789,-0.0088977
2.12,-1.0607,0.61124,-0.36266,2.119,-0.075786,0.034734,-0.011774
2.13,-0.75513,0.84353,-0.21734,2.129,-0.024459,0.092046,-0.023597
2.14,-0.83974,1.162,-0.61666,2.139,0.011985,0.081729,-0.046321
2.15,-0.27537,1.2217,-0.22724,2.149,-0.015455,0.023954,-0.044198
2.16,-0.24446,1.282,-0.3505,2.159,-0.057656,-0.078615,-0.091187
2.17,-0.096546,1.2781,-0.61242,2.169,-0.092885,-0.12343,-0.11034
2.18,0.3222,1.1599,-0.64709,2.179,-0.20223,-0.20558,-0.15736
2.19,1.0915,0.8488,-0.72244,2.189,-0.31647,-0.32183,-0.19951
2.2,1.3647,0.58528,-0.55303,2.199,-0.34537,-0.34193,-0.19862
2.21,1.5565,0.28662,-0.31812,2.209,-0.35993,-0.33257,-0.19035
2.22,1.3099,-0.18267,0.2271,2.219,-0.31289,-0.1742,-0.15156
2.23,0.78253,-0.35806,0.42688,2.229,-0.25035,-0.041502,-0.12066
2.24,0.21008,-0.52393,0.51541,2.239,-0.18452,0.087372,-0.075058
2.25,-0.30403,-0.68463,0.60499,2.249,-0.11102,0.1971,-0.023926
2.26,-0.94553,-0.73279,0.51734,2.259,0.023109,0.27938,-0.017354
2.27,-1.8199,-0.53362,-0.34018,2.269,0.038116,0.18005,-0.0026245
2.28,-1.6961,-0.55389,0.1838,2.279,-0.11675,-0.0010017,0.051593
2.29,-1.4559,-0.48444,0.2545,2.289,-0.060155,-0.068852,0.045941
2.3,-1.5898,-0.16417,-0.2301,2.299,0.0047107,-0.15806,0.0017267
2.31,-1.2832,0.070314,-0.28635,2.309,-0.026895,-0.28717,-0.013511
2.32,-0.90926,0.17576,-0.14098,2.319,-0.035619,-0.38263,-0.023301
2.33,-0.631,0.24912,-0.2781,2.329,-0.025803,-0.43674,-0.031387
2.34,-0.39161,0.27292,-0.34361,2.339,-0.032879,-0.49015,-0.040524
2.35,0.078807,0.20776,-0.41604,2.349,-0.05455,-0.53154,-0.056946
2.36,0.21424,0.15525,-0.46455,2.359,-0.075064,-0.52908,-0.073919
2.37,0.092995,-0.050398,-0.5159,2.369,-0.082362,-0.52102,-0.078414
2.38,0.23143,0.095424,-0.52714,2.379,-0.093049,-0.45588,-0.092141
2.39,-0.22479,-0.082526,-0.45187,2.389,-0.077354,-0.4268,-0.093101
2.4,-0.51364,-0.06578,-0.44008,2.399,-0.054754,-0.41914,-0.091479
2.41,-0.93236,-0.075721,-0.43886,2.409,-0.024757,-0.44028,-0.081645
2.42,-1.181,-0.086592,-0.4755,2.419,-0.0058456,-0.48676,-0.073668
2.43,-1.3078,-0.11982,-0.54291,2.429,0.0083568,-0.56092,-0.06569
2.44,-1.3665,-0.051052,-0.57831,2.439,0.031322,-0.65334,-0.072152
2.45,-1.5772,0.10033,-0.96942,2.449,0.068821,-0.75166,-0.10017
2.46,-1.6362,0.18487,-1.3269,2.459,0.0068046,-0.85845,-0.10345
2.47,-1.3888,0.1127,-1.0861,2.469,-0.095414,-0.93908,-0.10326
2.48,-1.5184,0.17327,-1.5038,2.479,-0.10353,-0.95381,-0.15901
2.49,-1.9696,0.27967,-1.8368,2.489,-0.15488,-0.99519,-0.21279
2.5,-2.2729,0.33795,-1.5463,2.499,-0.26407,-1.0591,-0.23278
2.51,-2.5772,0.42501,-1.2037,2.509,-0.35412,-1.1312,-0.25844
2.52,-2.5859,0.44633,-0.64843,2.519,-0.42759,-1.2277,-0.27912
2.53,-2.4734,0.50184,0.28606,2.529,-0.50376,-1.3058,-0.28796
2.54,-2.7019,0.53723,1.0816,2.539,-0.55029,-1.2792,-0.27812
2.55,-2.8565,0.5677,1.9604,2.549,-0.58223,-1.2207,-0.25904
2.56,-3.0709,0.54126,3.2325,2.559,-0.54801,-1.1327,-0.2468
2.57,-3.6082,0.36767,4.3269,2.569,-0.49451,-1.0478,-0.24881
2.58,-4.3634,-0.28012,5.3955,2.579,-0.30588,-0.91337,-0.22204
2.59,-5.1521,-1.3387,5.9501,2.589,0.014634,-0.72411,-0.16804
2.6,-5.6278,-2.2078,5.8727,2.599,0.16208,-0.68616,-0.14121
2.61,-6.1355,-2.9076,5.9827,2.609,0.30311,-0.64183,-0.11707
2.62,-6.3411,-3.9341,5.2745,2.619,0.52528,-0.75641,-0.081234
2.63,-6.1607,-4.5774,4.4675,2.629,0.71781,-0.92778,-0.050052
2.64,-5.2433,-4.3829,3.9162,2.639,0.79845,-1.0588,-0.037602
2.65,-2.8255,-3.4515,1.883,2.649,0.9472,-1.3342,-0.021522
2.66,-0.39314,-2.2416,0.60678,2.659,0.88241,-1.4865,-0.010046
2.67,1.9205,-0.5622,-0.12915,2.669,0.64549,-1.4829,-0.014726
2.68,3.6953,0.64164,-0.55449,2.679,0.35,-1.4303,-0.022726
2.69,7.735,2.6092,0.95101,2.689,-0.12454,-1.2823,-0.050899
2.7,10.874,4.5663,2.6758,2.699,-0.30626,-0.92918,-0.20023
2.71,11.432,5.0962,2.5747,2.709,-0.23793,-0.3769,-0.39223
2.72,10.634,4.9103,1.4922,2.719,-0.16955,0.025734,-0.50465
2.73,8.9501,4.0825,-0.40681,2.729,-0.14205,0.23988,-0.52547
2.74,7.8761,2.9118,-1.8188,2.739,-0.18896,0.33153,-0.48357
2.75,8.0844,1.0268,-2.571,2.749,-0.31434,0.32548,-0.39972
2.76,9.2209,-0.85772,-3.7727,2.759,-0.40983,0.26352,-0.29832
2.77,11.297,-2.0885,-4.6642,2.769,-0.38737,0.15494,-0.19628
2.78,12.885,-2.5943,-4.6596,2.779,-0.24772,0.063696,-0.11028
2.79,13.861,-2.2513,-4.9049,2.789,-0.12723,0.097861,-0.014272
2.8,15.334,-0.89313,-4.6674,2.799,-0.18878,0.25995,0.16888
2.81,16.295,-0.344,-4.9826,2.809,-0.25101,0.26005,0.26251
2.82,17.304,0.17002,-5.5835,2.819,-0.3236,0.19888,0.31789
2.83,18.028,0.55241,-5.6038,2.829,-0.39516,0.19611,0.33455
2.84,19.232,1.5408,-5.3097,2.839,-0.39545,0.33664,0.29459
2.85,19.36,1.9074,-4.6973,2.849,-0.35811,0.4435,0.26578
2.86,18.69,2.146,-5.9716,2.859,-0.33232,0.64981,0.26957
2.87,18.258,2.2898,-7.4118,2.869,-0.29094,1.129,0.30029
2.88,16.509,2.194,-7.0238,2.879,-0.31128,2.3287,0.33081
2.89,14.742,1.9396,-6.5364,2.889,-0.3965,2.497,0.28926
2.9,12.865,1.2882,-5.584,2.899,-0.43283,2.5424,0.22199
2.91,10.647,0.54967,-4.161,2.909,-0.4306,2.5449,0.19232
2.92,8.8107,0.31483,-2.9462,2.919,-0.43166,2.4787,0.20171
2.93,7.241,0.23968,-1.826,2.929,-0.42614,2.3901,0.24536
2.94,2.9069,-0.40588,-0.78206,2.939,-0.21123,2.6422,0.34654
2.95,0.95695,-0.69732,-1.339,2.949,-0.094928,2.8447,0.40177
2.96,-0.90056,-0.96279,-1.173,2.959,-0.025655,2.9818,0.4362
2.97,-3.1993,-1.0553,-1.9118,2.969,0.12283,3.1984,0.45744
2.98,-6.02,-0.86545,-4.9952,2.979,0.24692,3.4057,0.39685
2.99,-10.001,-0.14521,-5.3027,2.989,0.20856,3.394,0.31377
3,-15.143,0.03652,-2.8048,2.999,0.17966,3.1908,0.31712
3.01,-22.573,0.17012,-8.1981,3.009,0.19841,2.9946,0.39943
3.02,-26.043,0.088829,-11.213,3.019,0.31181,4.4557,0.47676
3.03,-27.232,-1.7167,-11.877,3.029,0.61598,6.4552,0.58345
3.04,-26.75,-2.9239,-12.714,3.039,0.92594,7.609,0.42996
3.05,-27.224,-0.19996,-13.276,3.049,0.85463,7.2873,0.00085395
3.06,-24.314,3.2482,-15.051,3.059,0.57595,5.7498,-0.00033626
3.07,-23.423,5.84,-13.639,3.069,-0.10055,2.4098,0.288
3.08,-23.799,6.6485,-7.8313,3.079,-0.69847,-0.35304,0.3422
3.09,-19.787,4.2584,-2.8746,3.089,-0.97495,-2.7547,0.18274
3.1,-16.596,1.9085,-1.8299,3.099,-1.3073,-5.6288,-0.19118
3.11,-14.369,0.34036,-1.6128,3.109,-1.7364,-8.4247,-0.45816
3.12,-12.719,-1.0612,-2.3407,3.119,-1.6973,-8.5503,-0.47333
3.13,-9.9701,-2.4874,-1.0062,3.129,-1.6002,-8.5456,-0.53315
3.14,0.99325,-5.6608,2.4629,3.139,-1.5328,-9.6975,-0.76271
3.15,10.941,-9.2821,5.9688,3.149,-1.4224,-10.561,-0.98906
3.16,29.735,-11.77,22.208,3.159,-0.7587,-9.4712,-1.4258
3.17,26.986,-2.0191,-2.154,3.169,0.66389,-4.1467,-1.5003
3.18,12.351,3.645,6.7138,3.179,0.84766,1.9936,-0.029017
3.19,3.8653,-0.77425,4.3865,3.189,0.235,2.5735,0.48514
3.2,-0.31888,-0.17494,5.0451,3.199,0.18326,3.6214,0.45018
3.21,-4.0231,0.94533,3.7341,3.209,0.18667,3.7457,0.46464
3.22,-6.454,1.6571,4.2641,3.219,0.096155,3.7333,0.53689
3.23,-8.082,1.8076,3.4856,3.229,0.33005,3.7918,0.5325
3.24,-9.8102,2.59,2.0888,3.239,0.45397,3.6282,0.48194
3.25,-10.695,2.7771,0.61544,3.249,0.47392,3.3941,0.46626
3.26,-11.093,2.9774,-0.1677,3.259,0.4444,3.269,0.44706
3.27,-11.574,3.0044,-1.5417,3.269,0.43973,3.085,0.35851
3.28,-12.128,1.8426,-4.4139,3.279,0.35465,2.7985,0.17624
3.29,-13.03,1.3312,-5.5596,3.289,0.14593,2.7322,0.060944
3.3,-14.246,1.3445,-5.0009,3.299,0.067843,2.8394,-0.040483
3.31,-15.296,1.3083,-4.4139,3.309,0.21369,2.9689,-0.06386
3.32,-16.427,1.1447,-4.6516,3.319,0.41303,2.9044,-0.0016538
3.33,-17.147,-0.379,-6.1078,3.329,0.56726,2.5739,0.15971
3.34,-17.286,-1.4323,-6.9379,3.339,0.78155,2.3343,0.34949
3.35,-12.592,-2.6331,-12.625,3.349,0.87526,2.0875,0.43129
3.36,-6.6358,-3.4888,-19.654,3.359,0.68318,1.4248,0.29908
3.37,-2.8141,-3.1779,-21.697,3.369,0.19115,1.0785,0.047287
3.38,2.3768,0.066809,-14.008,3.379,-0.40465,-1.0671,-0.49941
3.39,4.3482,4.2023,-4.6463,3.389,-0.4174,-2.8049,-0.80015
3.4,10.858,4.1879,-0.069745,3.399,-0.87388,-8.6009,-1.8101
3.41,23.718,3.1336,-23.261,3.409,-2.11,-15.966,-3.4223
3.42,29.714,7.2174,7.7516,3.419,-2.9266,-16.734,-4.1775
3.43,30.309,12.599,-7.4177,3.429,-0.27245,-13.737,-4.1644
3.44,30.2,3.8927,-13.395,3.439,0.64909,-1.8043,-1.2661
3.45,25.189,-5.5546,4.1035,3.449,-0.58497,4.9203,0.80151
3.46,15.772,-6.7598,-4.5361,3.459,0.93465,5.6492,0.47302
3.47,6.3943,-4.6471,-8.1294,3.469,0.79875,5.1672,0.37815
3.48,2.9112,-4.4398,-3.2035,3.479,-0.46077,3.8908,0.8447
3.49,2.5416,-5.3894,-0.71858,3.489,-0.58318,2.7145,0.91564
3.5,-2.3084,-3.9173,3.1728,3.499,-0.51614,1.2812,0.18426
3.51,-3.4722,-1.3098,4.9034,3.509,-0.18916,0.38321,-0.18586
3.52,-0.60812,0.0027842,3.2346,3.519,0.29435,0.014898,-0.082526
3.53,1.472,0.58234,1.7986,3.529,0.58682,-0.38493,0.060998
3.54,2.2049,0.1406,1.0805,3.539,0.67925,-0.50571,0.14751
3.55,2.3188,-0.46262,0.4601,3.549,0.72657,-0.44077,0.18884
3.56,2.2185,-0.71629,-0.32114,3.559,0.76418,-0.3434,0.21539
3.57,1.8352,-0.74468,-1.1644,3.569,0.76845,-0.21239,0.23019
3.58,1.5705,-0.62769,-1.7105,3.579,0.74024,0.0033374,0.24095
3.59,1.2257,-0.54696,-1.3985,3.589,0.64464,0.1716,0.23063
3.6,0.47392,-0.42605,-1.2527,3.599,0.51694,0.24833,0.16931
3.61,0.24527,-0.2837,-0.61382,3.609,0.41772,0.42831,0.15384
3.62,0.02426,-0.11032,0.61678,3.619,0.30565,0.5674,0.15562
3.63,-1.2765,0.7666,0.6818,3.629,0.19791,0.67326,0.064499
3.64,-1.4504,0.90913,1.7435,3.639,0.09916,0.83578,0.054613
3.65,-2.4026,1.4052,1.8967,3.649,0.10097,1.011,0.0016479
3.66,-2.4451,1.4513,1.9123,3.659,0.085984,1.0874,0.0047734
3.67,-3.2719,1.365,2.0413,3.669,0.026727,1.1626,0.016561
3.68,-3.9135,1.2916,1.6253,3.679,0.026414,1.2,0.0081979
3.69,-4.4072,1.1432,1.1346,3.689,0.032442,1.174,0.0055248
3.7,-5.508,0.85522,0.48492,3.699,0.020004,0.99605,0.0059052
3.71,-5.6162,0.5443,-0.050439,3.709,0.034699,0.83551,0.035237
3.72,-5.573,0.12244,-0.099954,3.719,0.059781,0.71707,0.071479
3.73,-5.4818,-0.7511,-1.1295,3.729,0.17261,0.34136,0.085545
3.74,-4.7376,-0.99505,-1.4423,3.739,0.21384,0.12055,0.09395
3.75,-3.6438,-1.1428,-1.4515,3.749,0.24366,-0.05982,0.086297
3.76,-2.8191,-0.86833,-1.2707,3.759,0.23186,-0.22125,0.047382
3.77,-1.7108,-0.31776,-0.71978,3.769,0.22455,-0.26097,0.01442
3.78,-0.84507,0.25656,-0.39541,3.779,0.22805,-0.26027,-0.026669
3.79,0.17369,1.0621,-0.065228,3.789,0.18817,-0.23639,-0.069912
3.8,0.83886,1.634,0.16628,3.799,0.13498,-0.15306,-0.099887
3.81,1.2884,1.986,0.49056,3.809,0.10204,0.059677,-0.12405
3.82,1.3329,2.0073,0.69491,3.819,0.097778,0.21947,-0.13898
3.83,0.91129,1.7484,0.70317,3.829,0.14057,0.37381,-0.14456
3.84,0.45672,1.3702,0.73163,3.839,0.16788,0.42932,-0.12699
3.85,0.12412,1.0633,0.68148,3.849,0.22346,0.43654,-0.099834
3.86,-0.2134,0.72846,0.53877,3.859,0.32244,0.37552,-0.076203
3.87,-0.31302,0.40869,0.25928,3.869,0.39938,0.27104,-0.056374
3.88,-0.13714,0.23377,-0.05293,3.879,0.44952,0.15726,-0.020896
3.89,0.19519,0.22359,-0.14707,3.889,0.47596,0.075272,0.010696
3.9,0.72802,0.3751,-0.32211,3.899,0.48553,0.020264,0.030411
3.91,1.1007,0.69103,-0.35265,3.909,0.45357,-0.0084991,0.04425
3.92,1.5492,1.0878,-0.14351,3.919,0.39016,0.01517,0.065109
3.93,1.7066,1.2592,-0.026879,3.929,0.32265,0.049125,0.073358
3.94,1.7243,1.3121,0.014076,3.939,0.26608,0.080978,0.071945
3.95,1.591,1.3458,0.098209,3.949,0.22028,0.1236,0.058105
3.96,1.1652,1.3793,0.047549,3.959,0.19726,0.20255,0.040053
3.97,0.56688,1.2541,0.21188,3.969,0.18673,0.25785,0.038939
3.98,0.083746,1.1034,0.26262,3.979,0.19579,0.28125,0.038925
3.99,-0.6601,0.94077,0.24786,3.989,0.20856,0.27806,0.045319
4,-1.066,0.8133,0.41022,3.999,0.19991,0.1996,0.069472
4.01,-1.2058,0.74807,0.43132,4.009,0.1849,0.11973,0.085927
4.02,-1.1304,0.71369,0.30775,4.019,0.14817,0.037969,0.10958
4.03,-1.0121,0.64929,0.23948,4.029,0.10244,-0.027307,0.1312
4.04,-0.87192,0.62632,0.20905,4.039,0.081956,-0.052817,0.1436
4.05,-0.55236,0.64846,0.01802,4.049,0.036396,-0.13093,0.1932
4.06,-0.38898,0.81352,-0.072362,4.059,0.0044288,-0.15744,0.21473
4.07,-0.2172,1.1923,-0.19456,4.069,-0.042943,-0.17689,0.22833
4.08,-0.18002,1.5126,-0.25728,4.079,-0.089356,-0.19504,0.23207
4.09,-0.14835,1.7441,-0.26983,4.089,-0.12115,-0.20681,0.23133
4.1,-0.17552,1.8954,-0.36989,4.099,-0.14569,-0.21593,0.23263
4.11,-0.32101,1.8369,-0.51574,4.109,-0.15679,-0.2427,0.24486
4.12,-0.41246,1.7028,-0.67657,4.119,-0.16353,-0.27599,0.2633
4.13,-0.50989,1.5965,-1.1992,4.129,-0.16805,-0.32433,0.29369
4.14,-0.59485,1.4048,-1.8276,4.139,-0.15611,-0.40052,0.33608
4.15,-0.5925,1.0202,-2.2334,4.149,-0.12479,-0.49138,0.36741
4.16,-0.19469,0.28852,-2.5085,4.159,-0.082204,-0.62148,0.38791
4.17,1.0005,-0.94976,-2.6191,4.169,-0.048462,-0.81788,0.36857
4.18,1.803,-1.8662,-2.1841,4.179,-0.058323,-0.95153,0.25869
4.19,1.7269,-2.0436,-1.6922,4.189,-0.074391,-0.90782,0.13872
4.2,1.1046,-1.9056,-1.1144,4.199,-0.090477,-0.74202,0.022672
4.21,0.30638,-1.6124,-0.52286,4.209,-0.11007,-0.55009,-0.085179
4.22,-0.60479,-1.2665,-0.12851,4.219,-0.10926,-0.40582,-0.15833
4.23,-2.0501,-0.96688,-0.00055151,4.229,-0.10703,-0.30085,-0.22919
4.24,-2.999,-0.81905,-0.0088351,4.239,-0.12234,-0.27514,-0.26775
4.25,-3.4627,-0.7221,-0.057316,4.249,-0.13878,-0.30385,-0.26939
4.26,-4.2212,-0.55884,0.33669,4.259,-0.16718,-0.40888,-0.2345
4.27,-4.4815,-0.42092,0.85243,4.269,-0.19528,-0.60966,-0.14877
4.28,-4.248,-0.33466,1.1135,4.279,-0.19593,-0.79424,-0.062633
4.29,-3.4469,-0.20793,1.2824,4.289,-0.20474,-1.0192,0.019241
4.3,-2.9369,-0.17349,1.3515,4.299,-0.21836,-1.1649,0.057386
4.31,-2.0614,-0.0071652,1.2573,4.309,-0.22449,-1.2478,0.06835
4.32,-1.1997,0.16893,1.2302,4.319,-0.23746,-1.2737,0.046185
4.33,-0.77463,0.099709,1.2481,4.329,-0.27784,-1.2452,0.0027783
4.34,-0.73492,-0.4766,1.8104,4.339,-0.34391,-1.1433,-0.05356
4.35,-1.2726,-0.8985,2.0799,4.349,-0.36142,-0.94796,-0.12583
4.36,-2.0583,-1.1394,2.0722,4.359,-0.34348,-0.79465,-0.16838
4.37,-2.9082,-1.1686,2.1285,4.369,-0.32313,-0.69917,-0.18751
4.38,-3.5667,-0.87832,2.1628,4.379,-0.27464,-0.62453,-0.19688
4.39,-4.1174,-0.92071,2.1481,4.389,-0.17733,-0.62011,-0.20884
4.4,-4.3499,-1.2333,2.1155,4.399,-0.11346,-0.65111,-0.21865
4.41,-4.4369,-1.8221,1.9438,4.409,-0.024237,-0.79257,-0.18793
4.42,-4.3204,-2.3276,1.6343,4.419,0.070435,-0.92953,-0.14363
4.43,-3.1664,-2.5676,1.4152,4.429,0.12174,-1.1649,-0.011388
4.44,-0.84993,-2.408,1.8327,4.439,0.1071,-1.4287,0.12525
4.45,2.5416,-1.8711,2.2229,4.449,0.086827,-1.6293,0.23128
4.46,5.5666,-1.1475,2.2308,4.459,0.076477,-1.5915,0.28819
4.47,8.4174,-0.44796,2.244,4.469,0.054381,-1.3738,0.29361
4.48,11.19,0.42474,1.8586,4.479,0.031891,-1.0068,0.23441
4.49,12.745,1.333,1.3916,4.489,0.058969,-0.69334,0.11839
4.5,12.274,1.6078,-0.62761,4.499,0.050575,-0.12411,-0.12488
4.51,11.486,0.96438,-1.3423,4.509,-0.095746,0.1708,-0.17512
4.52,10.535,0.32562,-1.4466,4.519,-0.23566,0.424,-0.16667
4.53,9.868,0.17687,-1.6594,4.529,-0.29497,0.61114,-0.12555
4.54,10.031,0.35814,-2.3939,4.539,-0.30956,0.68343,-0.049702
4.55,11.58,0.84461,-2.5277,4.549,-0.32307,0.555,0.061211
4.56,12.331,1.063,-2.3629,4.559,-0.29671,0.44936,0.091178
4.57,12.662,1.2373,-2.9637,4.569,-0.25063,0.38744,0.09972
4.58,13.573,1.7011,-4.5617,4.579,-0.25057,0.43538,0.17854
4.59,14.782,1.4673,-4.927,4.589,-0.29898,0.42885,0.23727
4.6,16.439,0.84685,-5.1718,4.599,-0.32159,0.39049,0.25302
4.61,17.711,0.24363,-5.1821,4.609,-0.30205,0.38058,0.21029
4.62,18.159,0.084217,-5.1886,4.619,-0.27263,0.41085,0.18595
4.63,18.456,-0.16119,-6.3074,4.629,-0.16458,0.63396,0.14824
4.64,17.279,-0.38472,-6.6082,4.639,0.032894,1.5719,0.15316
4.65,15.766,-0.29784,-5.9075,4.649,0.13557,1.9046,0.1645
4.66,13.605,-0.34749,-5.186,4.659,0.24206,2.1306,0.18013
4.67,9.7822,-0.55657,-3.3726,4.669,0.4493,2.3049,0.23931
4.68,7.4688,-0.75364,-2.7417,4.679,0.52972,2.2762,0.24807
4.69,4.4144,-0.94177,-2.3545,4.689,0.60872,2.3112,0.25854
4.7,1.8249,-1.1411,-2.0762,4.699,0.64851,2.4533,0.26689
4.71,-1.951,-1.2392,-1.2997,4.709,0.62815,2.7195,0.26514
4.72,-3.768,-1.2816,-0.28588,4.719,0.5849,2.8128,0.26686
4.73,-6.283,-1.2766,0.44885,4.729,0.57339,2.8187,0.27882
4.74,-9.0422,-0.96144,-0.29236,4.739,0.60203,2.7665,0.25223
4.75,-11.091,-0.53314,-0.80303,4.749,0.56538,2.6769,0.2061
4.76,-14.138,-0.25565,-1.1397,4.759,0.4566,2.3596,0.18277
4.77,-17.433,0.85863,-4.35,4.769,0.22591,1.6708,0.15795
4.78,-20.783,2.1559,-6.9094,4.779,0.13133,1.7911,0.23937
4.79,-21.984,2.4176,-6.7796,4.789,0.19965,2.6177,0.46673
4.8,-20.406,2.0698,-7.391,4.799,0.32622,3.5369,0.62753
4.81,-17.78,2.3765,-7.753,4.809,0.30264,3.6545,0.46303
4.82,-16.056,2.9572,-7.9963,4.819,0.21195,2.7573,0.22498
4.83,-15.914,2.9416,-7.2602,4.829,0.078698,1.3753,0.079009
4.84,-15.465,2.4267,-4.994,4.839,-0.1496,-0.28169,-0.058298
4.85,-13.742,1.6933,-2.6064,4.849,-0.39575,-1.8458,-0.16012
4.86,-11.524,0.79664,-0.3082,4.859,-0.56753,-3.2521,-0.22824
4.87,-9.5155,-0.088046,1.8084,4.869,-0.61807,-4.2085,-0.30149
4.88,-8.1954,-0.47446,2.8962,4.879,-0.60205,-4.7567,-0.43673
4.89,-5.5826,-0.89435,6.9836,4.889,-0.51519,-4.8751,-0.5373
4.9,-0.95694,-2.5667,10.036,4.899,-0.12294,-4.3948,-0.58534
4.91,0.24641,-1.9834,2.4471,4.909,0.28616,-1.9486,-0.45255
4.92,0.40672,-1.8896,3.7741,4.919,-0.017271,0.49137,0.040579
4.93,-0.95375,-2.5893,5.3456,4.929,-0.061186,0.63819,0.17847
4.94,-3.218,-1.9661,2.3503,4.939,0.17707,1.2318,0.11385
4.95,-5.651,-1.4711,1.0139,4.949,0.2511,1.8056,0.1986
4.96,-8.1039,-1.0242,0.27628,4.959,0.26889,2.2819,0.35061
4.97,-9.3037,-0.62829,-0.4364,4.969,0.33007,2.2491,0.3513
4.98,-10.57,0.032194,-1.8518,4.979,0.37167,2.1016,0.33199
4.99,-12.135,0.86881,-2.809,4.989,0.2849,1.7087,0.28825
5,-13.09,1.6417,-3.4178,4.999,0.20646,1.2968,0.24268
5.01,-13.361,2.1619,-4.0393,5.009,0.17248,1.0363,0.19261
5.02,-13.716,2.7506,-4.5772,5.019,0.12018,0.79067,0.085719
5.03,-13.572,3.0365,-4.9962,5.029,0.01603,0.43071,-0.024256
5.04,-12.189,2.9031,-5.5829,5.039,-0.091735,0.083914,-0.094879
5.05,-10.605,2.4337,-5.6836,5.049,-0.20814,-0.2897,-0.1678
5.06,-10.026,1.4794,-5.1267,5.059,-0.29748,-0.71205,-0.22157
5.07,-6.898,0.96506,-6.1804,5.069,-0.39606,-0.96691,-0.11934
5.08,-4.7428,1.3709,-8.418,5.079,-0.50005,-1.013,-0.11559
5.09,-3.6159,1.6347,-9.9697,5.089,-0.55206,-0.84494,-0.25264
5.1,2.5993,1.0693,-5.4098,5.099,-0.62346,-1.9038,-0.31561
5.11,9.8213,-0.072521,-1.0076,5.109,-0.47783,-5.1201,-0.47114
5.12,22.379,-1.927,4.6449,5.119,-0.54239,-8.6938,-0.64939
5.13,29.87,-6.0521,19.531,5.129,0.059425,-14.164,-2.1539
5.14,30.667,-3.32,-19.353,5.139,0.98416,-13.333,-3.1334
5.15,29.639,-0.87374,-4.7205,5.149,0.47024,-0.8429,-1.3076
5.16,24.074,-2.2125,0.50469,5.159,0.068651,5.2082,0.30447
5.17,17.517,-4.7059,-5.4318,5.169,0.70495,5.3596,0.62883
5.18,7.9365,-2.1006,-5.4227,5.179,0.64926,5.1734,0.49626
5.19,2.9037,-0.19626,-4.5114,5.189,-0.028135,3.4597,0.56048
5.2,1.351,0.87441,-1.6452,5.199,0.026278,2.8057,0.43481
5.21,-0.63564,2.9414,-1.5129,5.209,0.27593,1.9475,0.096586
5.22,-2.3513,5.0098,-1.7828,5.219,0.28773,0.47407,-0.13998
5.23,0.29671,4.2767,-0.45755,5.229,0.23826,-0.9048,-0.26586
5.24,3.5241,1.847,-1.3613,5.239,0.33533,-1.5542,-0.30942
5.25,4.9363,1.1175,-0.87597,5.249,0.31285,-1.3724,-0.22232
5.26,5.4664,0.5428,-0.22716,5.259,0.25799,-1.0602,-0.1753
5.27,5.6421,-0.53677,-0.47179,5.269,0.21176,-0.55711,-0.081451
5.28,5.1157,-1.0727,0.62285,5.279,0.15082,-0.05145,0.013972
5.29,4.2628,-1.3341,1.0537,5.289,0.13335,0.39721,0.062301
5.3,2.1173,-1.1474,0.91739,5.299,0.11582,0.79275,0.076896
5.31,0.55892,-1.0571,1.5494,5.309,0.079109,1.0455,0.11964
5.32,-0.94051,-1.0113,1.9749,5.319,0.062153,1.163,0.14098
5.33,-3.0385,-0.70155,2.2472,5.329,0.15006,1.2367,0.12704
5.34,-3.8807,-0.49701,1.9004,5.339,0.22569,1.184,0.12512
5.35,-4.4071,-0.76241,1.2756,5.349,0.15564,0.97028,0.19073
5.36,-4.8542,-0.61775,0.75514,5.359,0.11803,0.88649,0.20033
5.37,-5.3074,-0.21847,0.55494,5.369,0.010853,0.85509,0.1973
5.38,-5.6064,0.25348,-0.039384,5.379,-0.050957,0.8965,0.20075
5.39,-5.9603,0.48138,-0.72535,5.389,-0.044838,0.89863,0.16595
5.4,-6.1965,0.69408,-0.98409,5.399,-0.080982,0.85282,0.13013
5.41,-6.3484,0.75998,-1.0481,5.409,-0.11579,0.75422,0.083493
5.42,-6.034,0.6313,-1.0542,5.419,-0.13141,0.42104,-0.030657
5.43,-4.6753,0.48208,-1.2371,5.429,-0.12629,-0.0018474,-0.15837
5.44,-3.4905,0.43819,-1.4208,5.439,-0.12628,-0.27289,-0.24528
5.45,-2.7102,0.35657,-1.3668,5.449,-0.12894,-0.40319,-0.28545
5.46,-0.3357,0.11436,-1.3252,5.459,-0.15532,-0.84154,-0.37834
5.47,0.74189,0.10969,-1.255,5.469,-0.16737,-0.97103,-0.39362
5.48,3.6782,0.21903,-0.95079,5.479,-0.2272,-1.2601,-0.42784
5.49,4.9219,0.27421,-0.74342,5.489,-0.26127,-1.3099,-0.42992
5.5,6.8427,0.57864,-0.061387,5.499,-0.32596,-0.96233,-0.33632
5.51,6.4943,0.68859,0.33795,5.509,-0.34414,-0.53544,-0.25861
5.52,5.6242,0.73425,0.92394,5.519,-0.323,-0.021286,-0.16879
5.53,4.2258,0.80746,1.6089,5.529,-0.25074,0.44597,-0.092922
5.54,1.1568,0.75959,0.80677,5.539,-0.080124,0.85542,0.015488
5.55,0.2477,0.011765,1.1806,5.549,-0.11753,1.0458,0.20738
5.56,-1.0956,-0.40043,1.3987,5.559,-0.11528,1.1004,0.25305
5.57,-2.4642,-0.72216,0.53619,5.569,0.028545,1.0696,0.24493
5.58,-3.0731,-0.8797,0.14629,5.579,0.068163,0.88352,0.23275
5.59,-3.1246,-0.88633,0.11472,5.589,0.052938,0.69166,0.20607
5.6,-2.8254,-0.76307,0.42134,5.599,0.016595,0.37838,0.13964
5.61,-2.2897,-0.5153,0.089335,5.609,0.063899,-0.011196,0.02737
5.62,-1.6703,-0.22966,-0.10619,5.619,0.031562,-0.24051,-0.028777
5.63,-1.0493,-0.064843,-0.10241,5.629,-0.0071654,-0.39927,-0.065685
5.64,-0.5769,0.099244,-0.15939,5.639,-0.026,-0.48565,-0.087676
5.65,0.3945,0.41921,-0.11258,5.649,-0.061379,-0.58412,-0.10801
5.66,0.78994,0.49501,-0.01163,5.659,-0.065991,-0.60247,-0.10703
5.67,1.0623,0.58076,0.054272,5.669,-0.04997,-0.56206,-0.091918
5.68,1.2514,0.5265,0.10818,5.679,-0.027387,-0.4781,-0.060595
5.69,1.1092,0.54174,0.14028,5.689,0.0017161,-0.39241,-0.035404
5.7,0.65279,0.45199,-0.082673,5.699,0.051974,-0.30178,-0.0089235
5.71,0.42481,0.072306,-0.039573,5.709,0.079666,-0.25458,0.034668
5.72,0.085459,0.12549,0.042578,5.719,0.1088,-0.20161,0.09026
5.73,-0.4958,0.1766,-0.26802,5.729,0.16922,-0.2102,0.076992
5.74,-0.87177,0.14669,-0.34547,5.739,0.17688,-0.26836,0.09188
5.75,-1.2451,0.093505,-0.34699,5.749,0.19341,-0.35176,0.092098
5.76,-1.6563,0.067631,-0.5588,5.759,0.20691,-0.48426,0.091982
5.77,-1.8143,0.039328,-0.58691,5.769,0.2055,-0.61389,0.093483
5.78,-1.977,0.044229,-0.77391,5.779,0.20849,-0.72863,0.095563
5.79,-2.1231,0.095124,-0.97954,5.789,0.20028,-0.81466,0.10066
5.8,-2.2624,0.21285,-1.0928,5.799,0.18787,-0.89429,0.10898
5.81,-2.4134,0.29182,-1.1282,5.809,0.17609,-0.9556,0.11605
5.82,-2.5982,0.19672,-0.96786,5.819,0.15654,-1.016,0.12096
5.83,-2.6982,-0.013507,-0.6382,5.829,0.14392,-1.049,0.11712
5.84,-3.002,-0.22017,-0.31604,5.839,0.14997,-1.0424,0.094495
5.85,-3.7599,-0.58981,0.22516,5.849,0.16482,-0.99232,0.063912
5.86,-4.3328,-0.8542,0.74326,5.859,0.17848,-0.93266,0.045988
5.87,-4.6194,-0.92476,0.78098,5.869,0.19119,-0.9104,0.033752
5.88,-5.6347,-1.1328,1.7705,5.879,0.18969,-0.84958,0.017738
5.89,-6.1662,-1.1543,2.6836,5.889,0.16619,-0.81721,0.0028008
5.9,-6.3578,-0.98161,3.1331,5.899,0.13012,-0.79924,-0.019355
5.91,-6.5809,-0.60228,3.3073,5.909,0.076624,-0.72427,-0.035803
5.92,-6.5727,-0.075572,3.0954,5.919,-0.0092639,-0.59665,-0.042227
5.93,-6.5538,0.90793,2.4985,5.929,-0.20705,-0.47213,-0.093317
5.94,-6.5944,1.4305,2.0368,5.939,-0.38127,-0.43076,-0.15239
5.95,-6.3543,2.1606,1.4809,5.949,-0.60627,-0.75173,-0.23195
5.96,-4.9658,2.7381,1.2698,5.959,-0.68552,-1.1429,-0.27245
5.97,-1.9823,3.0023,1.3438,5.969,-0.61577,-1.6703,-0.29868
5.98,2.2791,2.3578,2.7268,5.979,-0.39456,-2.4781,-0.32764
5.99,7.4177,0.39267,4.0818,5.989,-0.1072,-3.034,-0.31953
6,10.081,-0.68816,4.4369,5.999,0.057664,-3.2783,-0.30921
6.01,15.225,-1.9761,2.563,6.009,0.393,-2.9007,-0.3042
6.02,21.236,-2.9566,-0.91565,6.019,0.67648,-2.0936,-0.24911
6.03,23.84,-3.018,-3.5546,6.029,0.56545,-1.2917,-0.15349
6.04,22.28,-1.8047,-6.4185,6.039,0.28879,-0.34343,-0.043831
6.05,19.119,-0.94018,-7.5654,6.049,0.015662,0.62434,0.085782
6.06,15.927,0.3026,-7.2868,6.059,-0.17229,1.3281,0.1383
6.07,14.507,1.8405,-5.8867,6.069,-0.26722,1.4724,0.085269
6.08,13.7,2.8222,-4.5223,6.079,-0.28322,1.3685,0.019074
6.09,13.912,3.0387,-3.3691,6.089,-0.20907,1.209,0.023543
6.1,15.052,2.7169,-3.3772,6.099,-0.15106,1.0259,0.062939
6.11,16.677,2.0427,-3.7901,6.109,-0.12544,0.86966,0.093212
6.12,18.373,0.71999,-4.9107,6.119,-0.15791,0.94965,0.069001
6.13,18.573,-0.13707,-6.1049,6.129,-0.24974,1.2207,0.027148
6.14,17.908,-0.82679,-6.805,6.139,-0.35497,1.6064,-0.0079498
6.15,16.652,-1.1665,-6.8445,6.149,-0.41557,1.9711,-0.012638
6.16,15.547,-1.3211,-6.5184,6.159,-0.43453,2.2533,0.0025984
6.17,11.122,-1.0438,-4.2486,6.169,-0.29193,2.4395,0.12795
6.18,9.0745,-0.51229,-3.377,6.179,-0.13828,2.3922,0.25844
6.19,6.6706,-0.015737,-2.4727,6.189,0.04198,2.3177,0.38269
6.2,4.2603,0.3922,-1.9607,6.199,0.12705,2.235,0.41336
6.21,3.5222,0.52022,-1.8051,6.209,0.067561,2.015,0.40758
6.22,1.492,0.69515,-1.2967,6.219,0.29485,2.6152,0.44905
6.23,-3.3118,0.85523,-0.26198,6.229,0.32622,2.7651,0.4876
6.24,-7.4031,0.45296,0.1121,6.239,0.24285,2.9303,0.55237
6.25,-9.0954,0.4877,-0.85904,6.249,0.18619,2.8805,0.52148
6.26,-11.242,0.88015,-1.7536,6.259,0.11144,2.6866,0.41061
6.27,-12.723,1.0972,-2.4875,6.269,0.11318,2.5318,0.37767
6.28,-18.451,0.77725,-6.249,6.279,0.036763,2.2583,0.41789
6.29,-20.368,0.53258,-8.1378,6.289,-0.010727,2.8305,0.39482
6.3,-21.491,0.20437,-8.4866,6.299,0.044959,3.8792,0.28981
6.31,-20.919,-0.0061348,-8.4801,6.309,0.088503,4.4744,0.16662
6.32,-19.418,0.27328,-8.8324,6.319,0.10628,4.4046,0.088885
6.33,-17.11,1.3511,-9.635,6.329,0.15748,2.7608,0.012469
6.34,-17.989,1.7158,-8.8579,6.339,0.03694,1.4019,0.020124
6.35,-16.893,1.2135,-3.0962,6.349,-0.34816,-1.4563,0.0096995
6.36,-14.921,0.61033,-2.3543,6.359,-0.44977,-2.6578,-0.016464
6.37,-12.852,-0.0089019,-0.33224,6.369,-0.54031,-4.1566,-0.10596
6.38,-10.504,-0.81578,1.8073,6.379,-0.68107,-5.3853,-0.22213
6.39,-8.5333,-1.2344,3.3104,6.389,-0.81373,-6.0063,-0.30704
6.4,-3.2615,-2.5967,7.7583,6.399,-0.70117,-5.8632,-0.4021
6.41,2.9698,-3.724,7.0897,6.409,0.14646,-3.6917,-0.78921
6.42,-0.24205,-1.0786,-1.3383,6.419,0.25969,-1.5744,-0.66095
6.43,1.13,-0.68044,5.5663,6.429,-0.13265,0.26466,-0.017773
6.44,-0.94098,-1.4511,3.8397,6.439,-0.14566,0.010802,0.090537
6.45,-4.1401,-0.54438,2.9779,6.449,0.013187,0.90471,0.063092
6.46,-5.3223,-0.4834,2.4919,6.459,0.048438,1.2564,0.13807
6.47,-6.6968,-0.37075,2.0148,6.469,0.037876,1.436,0.19234
6.48,-8.6442,0.034092,0.9325,6.479,0.042943,1.5095,0.20829
6.49,-10.452,0.44899,0.46302,6.489,-0.034832,1.4755,0.24476
6.5,-11.432,0.73102,-0.030803,6.499,-0.034059,1.3565,0.22037
6.51,-12.462,1.1958,-1.0617,6.509,-0.014726,1.1322,0.16097
6.52,-13.293,1.7256,-2.4175,6.519,-0.034054,0.81653,0.088334
6.53,-13.016,1.733,-2.6259,6.529,-0.12218,0.54418,0.068882
6.54,-12.686,1.8799,-2.618,6.539,-0.18436,0.30133,0.018346
6.55,-11.806,1.6709,-2.8935,6.549,-0.20989,0.020748,-0.059253
6.56,-10.615,1.228,-2.7111,6.559,-0.29263,-0.24633,-0.074764
6.57,-9.4604,1.0956,-3.1779,6.569,-0.34843,-0.18583,-0.0692
6.58,-8.6868,0.52408,-3.2301,6.579,-0.36773,0.0085285,-0.070034
6.59,-8.0561,-0.0056093,-4.0712,6.589,-0.35998,0.07472,-0.055446
6.6,-7.3394,0.21166,-6.7519,6.599,-0.32672,0.013649,-0.0024322
6.61,-4.6324,0.28039,-10.411,6.609,-0.38335,0.11785,-0.03629
6.62,-0.23178,-0.15443,-9.2031,6.619,-0.39003,-0.018207,-0.14717
6.63,3.4706,-1.2672,-3.7293,6.629,-0.20317,-1.2656,-0.1753
6.64,8.5688,-2.2345,-2.1784,6.639,0.1558,-4.3323,-0.22741
6.65,17.738,-3.9633,9.5217,6.649,0.13714,-8.3389,-0.24872
6.66,28.829,-1.4166,13.384,6.659,-0.022354,-14.515,-1.3628
6.67,31.748,3.2418,-22.737,6.669,0.46671,-14.768,-2.5943
6.68,30.01,1.7803,-12.603,6.679,0.38461,-0.12874,-1.261
6.69,26.674,-2.3052,-1.0191,6.689,0.40077,6.944,0.030702
6.7,18.724,-4.946,-9.1361,6.699,1.1467,4.9773,0.18095
6.71,5.4829,-2.1927,-6.0239,6.709,0.60699,4.1139,0.45223
6.72,3.9878,-1.2239,-5.4078,6.719,0.0062249,2.6996,0.76367
6.73,3.8289,-0.29346,-3.648,6.729,0.10326,2.4933,0.75361
6.74,1.3608,2.1755,-1.6549,6.739,0.25314,1.7018,0.44331
6.75,0.25471,4.8997,0.75289,6.749,0.50793,0.077462,0.086106
6.76,2.7762,4.2802,0.84769,6.759,0.55218,-1.4061,-0.15796
6.77,4.4769,3.4386,-0.67297,6.769,0.41397,-1.7824,-0.28689
6.78,5.8575,3.4409,-0.016785,6.779,0.25085,-0.96632,-0.22325
6.79,5.9713,2.8702,1.0147,6.789,0.12842,-0.25023,-0.14602
6.8,4.7143,2.2498,1.6179,6.799,0.14601,0.24421,-0.16803
6.81,2.7297,2.0266,0.75259,6.809,0.13624,0.59274,-0.14332
6.82,1.3588,1.1721,2.0168,6.819,0.023724,0.96443,-0.052915
6.83,-0.69208,0.16995,1.8657,6.829,0.13293,1.2741,-0.039902
6.84,-2.2569,-0.56788,1.6206,6.839,0.15201,1.2993,-0.048091
6.85,-3.4749,-1.4052,1.6335,6.849,0.082264,1.2455,0.013964
6.86,-4.1412,-1.7566,1.9599,6.859,-0.0014828,1.2104,0.10706
6.87,-4.7263,-2.1433,2.0814,6.869,-0.024181,1.177,0.1695
6.88,-5.9667,-1.8326,1.4184,6.879,0.0083008,1.0642,0.15077
6.89,-6.3225,-1.4289,1.0086,6.889,0.012356,0.9925,0.14687
6.9,-6.605,-0.99941,0.67766,6.899,0.012194,0.95809,0.14714
6.91,-7.1298,-0.43198,-0.088773,6.909,0.036982,0.87531,0.15071
6.92,-7.255,-0.089826,-0.45561,6.919,0.03739,0.78646,0.16269
6.93,-7.1713,0.036853,-0.56488,6.929,0.039242,0.6847,0.17099
6.94,-6.5279,0.33638,-0.53187,6.939,0.071027,0.50968,0.16469
6.95,-5.835,0.55911,-0.57938,6.949,0.090084,0.35936,0.15333
6.96,-4.9375,0.84389,-0.62627,6.959,0.10083,0.22321,0.13583
6.97,-3.3646,1.2027,-0.86973,6.969,0.10241,0.0077405,0.092813
6.98,-2.3715,1.2902,-0.87241,6.979,0.069615,-0.066048,0.085342
6.99,-1.501,1.1549,-0.62166,6.989,0.046276,-0.11485,0.079399
7,0.14739,1.0944,-1.0203,6.999,-0.026681,-0.37191,0.028379
7.01,1.6214,0.74115,-0.68615,7.009,-0.087585,-0.42183,0.054901
7.02,3.0712,0.30417,-0.26711,7.019,-0.15209,-0.46993,0.05533
7.03,3.8606,0.090401,-0.46968,7.029,-0.15576,-0.44632,0.020813
7.04,5.223,-0.31703,-0.89354,7.039,-0.21192,-0.31575,0.030372
7.05,5.8229,-0.45933,-0.95599,7.049,-0.23187,-0.1305,0.034041
7.06,5.8273,-0.3259,-1.346,7.059,-0.22643,-0.018194,-0.0074121
7.07,5.4969,-0.13155,-1.5755,7.069,-0.23553,0.025053,-0.04369
7.08,4.9551,0.0078368,-1.349,7.079,-0.26228,0.065002,-0.06015
7.09,4.1425,0.15559,-0.90885,7.089,-0.2773,0.12065,-0.060339
7.1,2.9089,0.34543,-0.30796,7.099,-0.26165,0.26247,-0.039672
7.11,1.8012,0.41282,-0.21759,7.109,-0.2336,0.39363,-0.018875
7.12,0.83086,0.38439,-0.11422,7.119,-0.21692,0.50518,0.0044406
7.13,-1.0132,0.1434,0.23109,7.129,-0.18204,0.646,0.044156
7.14,-1.7739,-0.017707,0.24859,7.139,-0.13997,0.70403,0.064139
7.15,-3.151,-0.42893,0.24671,7.149,-0.064628,0.72133,0.094363
7.16,-3.7647,-0.66839,0.21698,7.159,-0.014309,0.66363,0.11041
7.17,-4.3138,-0.80314,0.12874,7.169,0.051331,0.52145,0.11802
7.18,-4.4568,-0.82703,-0.076594,7.179,0.13244,0.26275,0.11474
7.19,-3.9747,-0.72994,-0.2926,7.189,0.19827,-0.0079251,0.10475
7.2,-2.9893,-0.58395,-0.50473,7.199,0.24555,-0.25677,0.089649
7.21,-1.9971,-0.42119,-0.65827,7.209,0.26962,-0.4433,0.071795
7.22,-1.1807,-0.25243,-0.61968,7.219,0.2813,-0.56975,0.054782
7.23,0.089768,0.026363,-0.44762,7.229,0.2836,-0.69026,0.030892
7.24,1.4447,0.33035,-0.31527,7.239,0.27095,-0.77265,0.0078753
7.25,2.2058,0.42657,-0.41783,7.249,0.24517,-0.77921,-0.014232
7.26,2.812,0.50932,-0.61027,7.259,0.21158,-0.7378,-0.036286
7.27,2.9327,0.54336,-0.77753,7.269,0.18622,-0.67469,-0.041801
7.28,2.8225,0.57543,-0.89009,7.279,0.15317,-0.56883,-0.044159
7.29,2.1566,0.54519,-0.82994,7.289,0.12014,-0.37034,-0.038707
7.3,1.2286,0.47385,-0.86624,7.299,0.10853,-0.23072,-0.027146
7.31,0.14485,0.41353,-0.95052,7.309,0.084138,-0.10284,-0.0078822
7.32,-0.70876,0.37814,-0.89888,7.319,0.054814,-0.047273,0.011666
7.33,-1.46,0.38127,-0.81588,7.329,0.026448,-0.049144,0.022258
7.34,-2.1647,0.40223,-0.75245,7.339,-0.003917,-0.10168,0.02282
7.35,-2.7444,0.49857,-0.69916,7.349,-0.025907,-0.19813,0.011319
7.36,-3.3029,0.64355,-0.63439,7.359,-0.04535,-0.39161,-0.017107
7.37,-3.6016,0.61393,-0.53904,7.369,-0.054755,-0.56687,-0.047262
7.38,-3.7259,0.56558,-0.54732,7.379,-0.061866,-0.70272,-0.073214
7.39,-3.7893,0.40004,-0.51876,7.389,-0.076444,-0.85515,-0.10443
7.4,-3.8719,0.12098,-0.4207,7.399,-0.094177,-0.96254,-0.12655
7.41,-4.0598,-0.27169,-0.13154,7.409,-0.1162,-1.0184,-0.13265
7.42,-4.3872,-0.70778,0.46164,7.419,-0.14797,-1.0625,-0.12533
7.43,-4.811,-1.0265,1.5864,7.429,-0.16266,-1.062,-0.094341
7.44,-5.1273,-1.0473,2.8961,7.439,-0.15161,-1.017,-0.055458
7.45,-5.3134,-0.8007,3.5749,7.449,-0.11721,-0.94683,-0.025523
7.46,-5.6205,-0.40076,3.974,7.459,-0.061133,-0.74903,0.006031
7.47,-5.9368,-0.13819,3.763,7.469,-0.029074,-0.55101,0.018503
7.48,-6.1246,-0.18149,3.2376,7.479,-0.041782,-0.40244,0.0041503
7.49,-6.2514,-0.29157,2.8519,7.489,-0.083118,-0.32336,-0.034989
7.5,-6.3178,-0.41491,2.3597,7.499,-0.09372,-0.37354,-0.10324
7.51,-6.223,-0.49243,1.5774,7.509,-0.055333,-0.49799,-0.16947
7.52,-5.5916,-0.48444,0.070743,7.519,-0.0057399,-0.82031,-0.22497
7.53,-4.0283,-0.42211,-1.4893,7.529,-0.045247,-1.3446,-0.22612
7.54,-1.2832,-0.19504,-1.947,7.539,-0.15807,-1.8443,-0.15593
7.55,3.7042,0.30826,-0.25138,7.549,-0.26018,-2.3921,-0.076921
7.56,8.6899,0.75043,3.0771,7.559,-0.26615,-3.0415,-0.074324
7.57,17.166,0.68759,3.4806,7.569,-0.063519,-3.3486,-0.19438
7.58,20.546,0.51812,2.5496,7.579,0.093725,-3.1203,-0.27857
7.59,23.158,0.25018,-1.1934,7.589,0.2456,-1.2676,-0.2575
7.6,21.4,-0.32328,-3.8864,7.599,0.25841,-0.15397,-0.17491
7.61,17.544,-0.94952,-5.8531,7.609,0.078916,0.62577,0.027108
7.62,15.42,-0.71411,-6.5397,7.619,-0.033086,1.2542,0.17279
7.63,13.734,0.58097,-6.8223,7.629,-0.032731,1.4772,0.20583
7.64,12.73,1.5227,-5.6974,7.639,-0.054585,1.307,0.18225
7.65,12.738,1.8643,-4.4379,7.649,-0.10387,0.96272,0.17382
7.66,13.992,2.0255,-2.974,7.659,-0.11722,0.76183,0.19896
7.67,15.627,1.5886,-2.2895,7.669,-0.08437,0.6048,0.26261
7.68,17.906,0.85615,-3.0266,7.679,-0.051361,0.69884,0.35104
7.69,19.087,0.78109,-4.1536,7.689,-0.05897,0.95207,0.40925
7.7,19.832,1.133,-5.9344,7.699,-0.12069,1.3898,0.46335
7.71,18.649,1.5936,-6.5081,7.709,-0.27081,2.252,0.43307
7.72,16.309,1.9876,-6.2223,7.719,-0.31342,2.7069,0.32549
7.73,14.276,2.0444,-5.8265,7.729,-0.30422,2.8235,0.21963
7.74,11.743,1.9296,-4.3845,7.739,-0.27293,2.6834,0.10498
7.75,10.087,1.8801,-3.5258,7.749,-0.2462,2.5695,0.052193
7.76,7.1575,0.94171,-2.6792,7.759,-0.11272,2.3975,0.10165
7.77,3.9897,-0.13965,-2.0364,7.769,-0.027987,2.4019,0.15268
7.78,0.56437,-1.0661,-1.2425,7.779,0.0066125,2.5729,0.16225
7.79,-3.2347,-1.9756,-0.207,7.789,0.076477,2.742,0.17741
7.8,-6.1717,-2.4531,0.36873,7.799,0.17657,2.7887,0.20871
7.81,-8.0649,-2.2938,-0.7165,7.809,0.29032,2.7578,0.18892
7.82,-9.8006,-1.8179,-2.0847,7.819,0.35166,2.721,0.12714
7.83,-12.154,-1.5758,-2.752,7.829,0.35649,2.6549,0.059311
7.84,-17.118,-0.59024,-5.7617,7.839,0.16565,2.1679,-0.0051325
7.85,-19.425,0.61895,-8.0047,7.849,0.1634,2.4357,0.026882
7.86,-22.207,1.0859,-8.3413,7.859,0.45204,3.3733,0.13129
7.87,-21.846,1.0795,-9.9061,7.869,0.72859,4.201,0.24092
7.88,-19.26,1.9755,-11.459,7.879,0.66938,4.1682,0.15068
7.89,-18.603,3.2789,-10.898,7.889,0.4272,3.3789,0.02355
7.9,-19.957,4.1768,-9.1236,7.899,-0.081758,1.2558,-0.018278
7.91,-18.319,2.9564,-6.0599,7.909,-0.38324,-0.49124,0.052848
7.92,-14.883,1.2282,-3.0087,7.919,-0.6241,-2.4411,0.052366
7.93,-13.483,0.55667,-1.0404,7.929,-0.80498,-4.2933,-0.079324
7.94,-11.993,0.060591,1.0399,7.939,-0.9397,-5.3507,-0.14433
7.95,-8.9495,-1.0091,2.3122,7.949,-1.1549,-6.4521,-0.18202
7.96,-2.555,-3.0586,9.6025,7.959,-1.1933,-6.7187,-0.21296
7.97,2.934,-4.3333,10.181,7.969,-0.84311,-6.0342,-0.4226
7.98,2.4245,-2.1022,1.4265,7.979,-0.2481,-2.6919,-0.5113
7.99,2.9079,-1.115,5.4195,7.989,-0.37316,0.33758,0.082734
8,1.9414,-2.5777,5.6299,7.999,-0.29533,0.29256,0.33591
8.01,-1.8137,-1.8159,2.9439,8.009,-0.063839,1.1427,0.24043
8.02,-3.2087,-1.5979,2.6674,8.019,-4.7255e-05,1.6982,0.25643
8.03,-4.6401,-1.7351,2.2081,8.029,0.040775,1.975,0.30571
8.04,-7.3795,-1.3121,1.2823,8.039,0.21634,2.2787,0.29769
8.05,-9.6999,-0.53835,-0.52803,8.049,0.26197,2.1642,0.26438
8.06,-10.754,-0.2237,-0.80983,8.059,0.19698,2.0873,0.26468
8.07,-12.197,0.18644,-1.0384,8.069,0.14784,1.8909,0.2115
8.08,-12.851,0.62149,-2.2023,8.079,0.24922,1.4073,0.09777
8.09,-13.363,1.3905,-3.6516,8.089,0.23775,1.1967,0.055812
8.1,-14.174,2.0388,-3.0245,8.099,-0.049427,0.77447,-0.0075043
8.11,-13.46,2.1943,-2.3054,8.109,-0.053971,0.48532,0.031111
8.12,-13.044,2.463,-2.9501,8.119,-0.0039601,0.1935,0.021945
8.13,-10.746,2.3631,-3.4025,8.129,-0.090945,-0.16876,0.11133
8.14,-8.6363,2.4946,-4.0224,8.139,-0.085031,-0.11903,0.15515
8.15,-8.0624,2.2675,-6.5144,8.149,-0.010818,0.058818,0.085894
8.16,-7.1927,2.0353,-9.6145,8.159,-0.054071,0.11588,0.10125
8.17,-3.9154,1.8782,-13.652,8.169,-0.17113,0.36573,0.099316
8.18,0.18985,1.6851,-13.841,8.179,-0.33885,0.48672,-0.015621
8.19,2.9657,1.5851,-7.7246,8.189,-0.40495,-0.80523,-0.16977
8.2,7.5955,-0.17818,-3.2004,8.199,-0.27794,-4.5602,-0.28947
8.21,18.447,-2.8865,-2.1206,8.209,-0.43201,-9.6279,-0.65636
8.22,28.433,-6.2714,25.877,8.219,-0.79431,-15.33,-1.6995
8.23,30.649,-4.6863,-6.0988,8.229,-0.24981,-15.05,-2.6644
8.24,30.626,0.88241,-19.598,8.239,-0.17145,-3.1754,-1.7426
8.25,27.195,0.038831,-2.442,8.249,-0.41644,5.461,-0.23437
8.26,16.449,-3.6252,-7.2915,8.259,0.29494,6.5325,0.39778
8.27,8.7476,-3.3709,-5.1633,8.269,0.40496,6.6488,0.44156
8.28,0.74421,0.60569,-2.0182,8.279,-0.46907,3.6171,0.56544
8.29,-1.6665,2.8873,1.2291,8.289,-0.83052,1.373,0.77902
8.3,-0.60813,4.6878,3.8511,8.299,-0.54358,1.3043,0.75838
8.31,2.0035,3.6809,1.4697,8.309,0.075367,-0.35612,0.213
8.32,4.6188,0.97143,-0.537,8.319,0.28294,-1.9332,-0.16551
8.33,7.0273,-0.62771,-0.014435,8.329,-0.0049412,-1.6731,-0.022606
8.34,8.602,-1.6864,0.68696,8.339,-0.13733,-1.0392,0.052035
8.35,7.9854,-1.8854,0.86108,8.349,-0.19982,-0.39911,0.053047
8.36,6.7683,-2.1243,2.0855,8.359,-0.20328,0.2593,0.058695
8.37,3.9422,-2.0635,2.905,8.369,-0.066159,1.0177,0.035319
8.38,1.3278,-2.0938,2.7844,8.379,0.1143,1.4557,0.018983
8.39,-0.66126,-1.7722,2.1704,8.389,0.25177,1.6281,0.014003
8.4,-1.9403,-1.6091,2.9735,8.399,0.3617,1.8058,0.0022743
8.41,-4.2464,-2.0652,0.39689,8.409,0.64783,1.6735,0.10189
8.42,-5.5627,-2.3556,-0.41933,8.419,0.52918,1.5271,0.24609
8.43,-6.7363,-1.8566,0.51218,8.429,0.3372,1.3675,0.34653
8.44,-6.8431,-2.0225,0.27426,8.439,0.35439,1.2183,0.4124
8.45,-7.2032,-0.85626,-1.1336,8.449,0.40343,0.89707,0.3459
8.46,-7.5335,0.18353,-2.4855,8.459,0.35044,0.54019,0.27982
8.47,-6.5223,-0.13955,-1.8253,8.469,0.23257,0.24057,0.26934
8.48,-6.4592,0.50329,-1.6368,8.479,0.3123,0.0084716,0.10681
8.49,-4.5035,1.3189,-2.3645,8.489,0.344,-0.3907,-0.052066
8.5,-3.1082,1.5136,-1.5257,8.499,0.25844,-0.57542,-0.1219
8.51,-2.1699,1.7123,-0.89375,8.509,0.22321,-0.57193,-0.17633
8.52,-0.91417,1.785,-0.51136,8.519,0.14465,-0.55818,-0.24231
8.53,0.15571,1.6025,0.024708,8.529,0.054092,-0.55605,-0.27745
8.54,1.4048,1.327,0.22038,8.539,-0.030109,-0.57195,-0.30175
8.55,2.3213,1.0495,0.30278,8.549,-0.090302,-0.55481,-0.29509
8.56,2.9493,0.90269,0.35154,8.559,-0.1353,-0.54646,-0.2939
8.57,3.8534,0.50153,-0.1382,8.569,-0.20277,-0.418,-0.2606
8.58,4.2856,0.10157,-0.2748,8.579,-0.23193,-0.19473,-0.18229
8.59,3.6373,-0.33005,0.49537,8.589,-0.22991,0.096223,-0.11524
8.6,1.9547,-0.60249,0.73197,8.599,-0.13377,0.40311,-0.062085
8.61,0.71374,-0.55246,0.72705,8.609,-0.04007,0.57063,-0.023163
8.62,-0.14319,-0.64418,0.72,8.619,-0.017261,0.61684,0.020688
8.63,-0.73302,-0.71691,0.63166,8.629,0.012991,0.63878,0.050356
8.64,-1.4281,-0.69007,0.43015,8.639,0.039254,0.65135,0.053891
8.65,-1.8327,-0.70808,0.049291,8.649,0.090587,0.46005,0.059311
8.66,-1.6215,-0.67589,0.099614,8.659,0.10919,0.27516,0.045926
8.67,-1.194,-0.53352,0.0072743,8.669,0.14505,0.062958,0.028378
8.68,-0.61555,-0.38142,-0.061004,8.679,0.16593,-0.092666,0.013869
8.69,-0.0042018,-0.25431,0.038237,8.689,0.17342,-0.18852,-0.0058136
8.7,0.36369,-0.12404,0.016238,8.699,0.19475,-0.22746,-0.031464
8.71,0.79207,0.12722,-0.14571,8.709,0.20337,-0.22738,-0.061202
8.72,0.79316,0.21414,-0.15141,8.719,0.19136,-0.20043,-0.074365
8.73,0.81186,0.21252,-0.27091,8.729,0.17979,-0.1651,-0.078247
8.74,0.61896,0.16207,-0.3234,8.739,0.15282,-0.12396,-0.076285
8.75,0.47452,0.10104,-0.34917,8.749,0.11413,-0.078408,-0.05702
8.76,0.34511,0.071427,-0.3359,8.759,0.097099,-0.047216,-0.040326
8.77,0.12702,0.027948,-0.25795,8.769,0.085227,-0.023018,-0.027974
8.78,-0.048841,-0.016478,-0.23064,8.779,0.080734,-0.018082,-0.017532
8.79,-0.21498,-0.027947,-0.10353,8.789,0.087128,-0.023407,-0.013275
8.8,-0.2645,0.083818,0.047926,8.799,0.11444,-0.05652,-0.00034998
8.81,-0.28677,0.2409,0.14299,8.809,0.12244,-0.1016,0.0012545
8.82,-0.17218,0.34028,0.31392,8.819,0.13586,-0.16494,0.0045731
8.83,-0.10126,0.3841,0.36413,8.829,0.15309,-0.21779,0.0070865
8.84,-0.09273,0.34704,0.36875,8.839,0.16465,-0.25149,0.0096261
8.85,-0.10886,0.21391,0.27744,8.849,0.17641,-0.28547,0.013803
8.86,-0.1178,0.085373,0.12708,8.859,0.18937,-0.32078,0.023911
8.87,-0.080784,0.039098,0.085607,8.869,0.19489,-0.33993,0.035045
8.88,-0.08513,-0.035279,0.076924,8.879,0.2008,-0.36133,0.043847
8.89,-0.15087,-0.061025,0.0087013,8.889,0.21313,-0.38851,0.046792
8.9,-0.15075,-0.059517,-0.097956,8.899,0.23112,-0.41511,0.050386
8.91,-0.16908,-0.052132,-0.14819,8.909,0.24655,-0.43412,0.053051
8.92,-0.22893,0.0044363,-0.26587,8.919,0.25765,-0.46456,0.04247
8.93,-0.3154,0.13979,-0.43889,8.929,0.25806,-0.49491,0.02977
8.94,-0.4653,0.26796,-0.54961,8.939,0.24442,-0.52343,0.022942
8.95,-0.61124,0.38469,-0.59651,8.949,0.21238,-0.56434,0.018991
8.96,-0.75654,0.4981,-0.69086,8.959,0.16754,-0.62478,0.011953
8.97,-0.85525,0.51182,-0.75246,8.969,0.13727,-0.66704,0.0058671
8.98,-0.83471,0.49148,-0.75268,8.979,0.11908,-0.69133,-0.0036774
8.99,-1.2445,0.33102,-1.0653,8.989,0.086739,-0.74177,-0.035358
9,-1.9161,0.15639,-1.3224,8.999,0.026618,-0.79084,-0.071984
9.01,-2.3749,0.19961,-1.1069,9.009,-0.017258,-0.81845,-0.078386
9.02,-2.939,0.36978,-0.70158,9.019,-0.064365,-0.88713,-0.080041
9.03,-3.2384,0.5209,-0.46322,9.029,-0.094494,-0.95166,-0.081037
9.04,-3.7748,0.44854,-0.05813,9.039,-0.09852,-1.0245,-0.094219
9.05,-4.3257,0.29182,0.29806,9.049,-0.095057,-1.0913,-0.10757
9.06,-4.9306,0.20315,0.8636,9.059,-0.091054,-1.1333,-0.10714
9.07,-5.3196,0.19982,1.367,9.069,-0.091464,-1.1553,-0.10138
9.08,-5.6694,0.22977,1.9802,9.079,-0.093586,-1.1492,-0.093196
9.09,-6.3813,0.03766,3.5623,9.089,-0.07988,-1.1242,-0.094726
9.1,-6.8739,-0.32288,4.9698,9.099,-0.037196,-1.0769,-0.11249
9.11,-7.05,-0.52767,5.3992,9.109,0.015188,-1.0299,-0.141
9.12,-7.1484,-0.4869,4.9807,9.119,0.049294,-0.94802,-0.18201
9.13,-7.2193,-0.44631,4.0259,9.129,0.037633,-0.86371,-0.22547
9.14,-6.8449,-0.20545,2.399,9.139,-0.079472,-0.88444,-0.2855
9.15,-5.8167,0.36674,1.0051,9.149,-0.21947,-1.028,-0.32717
9.16,-3.0419,0.78665,0.98313,9.159,-0.30824,-1.3424,-0.30985
9.17,-0.48651,0.70284,1.4649,9.169,-0.22806,-1.6834,-0.27175
9.18,2.074,0.14184,1.3108,9.179,-0.097611,-1.9185,-0.23095
9.19,3.6886,-0.67146,1.0148,9.189,0.012323,-2.1088,-0.17047
9.2,11.982,-1.9385,1.7484,9.199,0.17585,-2.2134,-0.047504
9.21,19.26,-1.7628,2.4614,9.209,0.35701,-1.9745,-0.064798
9.22,22.244,-0.68274,1.2274,9.219,0.68333,-1.1024,-0.26338
9.23,21.512,0.033515,-3.2224,9.229,0.88275,0.18209,-0.3116
9.24,20.601,-0.077847,-7.0921,9.239,0.67871,0.73942,-0.2056
9.25,18.476,-0.080082,-8.8424,9.249,0.14099,0.74904,-0.086014
9.26,15.838,-0.67357,-6.0976,9.259,-0.18442,0.87565,0.010773
9.27,13.959,-0.56704,-5.031,9.269,0.00083923,1.0877,0.06662
9.28,13.873,-0.13707,-6.1166,9.279,0.033859,0.97794,0.11775
9.29,14.794,0.30096,-5.7815,9.289,-0.020057,0.88316,0.19409
9.3,15.927,0.9478,-5.0928,9.299,-0.10629,0.77654,0.26389
9.31,17.464,2.1993,-4.4178,9.309,-0.19184,0.5901,0.2809
9.32,18.715,2.8121,-5.4659,9.319,-0.21729,0.58978,0.2848
9.33,19.93,3.2942,-6.2728,9.329,-0.23217,0.77935,0.29204
9.34,20.579,3.4346,-6.9677,9.339,-0.28876,1.2184,0.23087
9.35,19.654,2.8611,-6.782,9.349,-0.35221,1.7234,0.11077
9.36,17.513,1.8715,-6.1281,9.359,-0.4011,2.3646,-0.0073549
9.37,15.086,1.0764,-5.857,9.369,-0.41362,2.7102,-0.030628
9.38,11.748,-0.049853,-4.2152,9.379,-0.44551,2.8603,0.069824
9.39,9.2527,-0.46286,-2.8714,9.389,-0.46134,2.7147,0.21347
9.4,7.3222,-0.81682,-1.8913,9.399,-0.39422,2.6659,0.29523
9.41,5.1415,-1.073,-1.2506,9.409,-0.3015,2.6844,0.34025
9.42,0.34009,-0.55482,-1.8226,9.419,-0.05549,2.8423,0.28863
9.43,-1.8229,-0.352,-2.5192,9.429,0.053548,2.8892,0.32186
9.44,-3.7567,-0.1039,-2.9917,9.439,0.16908,3.0508,0.35732
9.45,-5.593,0.073919,-4.2274,9.449,0.23306,3.215,0.31909
9.46,-10.186,0.60959,-5.7983,9.459,0.17691,3.2166,0.14464
9.47,-15.073,0.7783,-5.026,9.469,0.11801,3.0211,0.15184
9.48,-18.444,0.39547,-4.5056,9.479,0.077095,2.8971,0.26
9.49,-26.831,-0.16582,-10.161,9.489,0.29591,4.3199,0.65099
9.5,-25.36,-1.6767,-13.557,9.499,0.50665,5.5285,0.82976
9.51,-23.805,-3.2531,-16.924,9.509,0.61092,6.3932,0.96
9.52,-24.624,0.072085,-13.065,9.519,0.42646,7.4149,0.23114
9.53,-23.144,3.586,-12.863,9.529,0.16063,5.6054,-0.123
9.54,-20.812,4.8932,-15,9.539,-0.14,1.508,0.21081
9.55,-22.055,5.6089,-12.355,9.549,-0.4519,-0.36856,0.14651
9.56,-19.239,3.7972,-6.3081,9.559,-0.87174,-2.2092,0.060535
9.57,-15.69,1.5259,-2.6699,9.569,-1.6898,-6.6893,-0.26283
9.58,-12.753,0.14016,0.20464,9.579,-1.8075,-7.6952,-0.39998
9.59,-8.9139,-1.6823,3.6964,9.589,-1.8561,-8.8591,-0.65388
9.6,-5.9141,-2.4749,1.5491,9.599,-1.7564,-9.7802,-0.88518
9.61,0.40874,-4.1146,5.7903,9.609,-1.6168,-9.8607,-1.0786
9.62,11.462,-7.0994,15.572,9.619,-1.1966,-9.6909,-1.2663
9.63,19.537,-6.8903,8.8139,9.629,-0.26223,-8.4398,-1.3881
9.64,17.237,-1.5555,-1.3018,9.639,0.26608,-3.2778,-0.96349
9.65,13.353,-2.29,11.856,9.649,0.14784,0.91873,0.22992
9.66,3.8372,-2.8694,6.0213,9.659,0.12125,1.6751,0.38634
9.67,-1.2633,-1.6241,5.127,9.669,0.47497,3.2146,0.2425
9.68,-4.1216,-1.3851,4.1792,9.679,0.67326,3.3461,0.28537
9.69,-7.3634,-0.78493,2.7705,9.689,0.64351,3.2983,0.29466
9.7,-8.9904,-0.46406,1.6759,9.699,0.4635,3.1125,0.36896
9.71,-9.9221,0.10857,1.8311,9.709,0.37425,3.1269,0.41862
9.72,-11.87,1.0415,0.018195,9.719,0.35759,3.1504,0.43438
9.73,-12.958,1.2091,-0.76697,9.729,0.29192,3.244,0.49789
9.74,-13.858,1.8305,-1.2938,9.739,0.41431,3.3677,0.41424
9.75,-15.45,3.0952,-3.177,9.749,0.4831,3.2164,0.25083
9.76,-15.862,3.3181,-4.5801,9.759,0.3818,2.8948,0.19523
9.77,-15.38,2.9094,-5.3317,9.769,0.27012,2.5988,0.15822
9.78,-14.954,2.3113,-5.5636,9.779,0.21212,2.1517,0.084934
9.79,-14.2,1.8435,-6.3903,9.789,0.1242,1.3875,0.0031252
9.8,-12.592,1.4479,-6.6568,9.799,-0.099431,0.55721,-0.044797
9.81,-11.013,0.71847,-5.8446,9.809,-0.27833,-0.01744,-0.051057
9.82,-9.2566,0.18542,-6.9765,9.819,-0.2726,-0.21439,-0.022129
9.83,-6.4648,-0.0087774,-11.053,9.829,-0.28717,-0.28463,-0.019041
9.84,-5.0158,0.46988,-15.557,9.839,-0.45117,-0.11005,-0.055821
9.85,1.5849,0.46807,-9.6223,9.849,-0.48802,-0.76423,0.019929
9.86,9.6019,-0.91737,2.0145,9.859,-0.26559,-5.2862,-0.11004
9.87,14.868,-1.8733,-5.0745,9.869,-0.096336,-9.688,-0.22403
9.88,27.783,-3.5904,-1.5529,9.879,-0.83103,-13.998,-1.242
9.89,31.166,-1.008,0.54351,9.889,-0.57811,-16.283,-2.8816
9.9,30.405,4.5863,-23.714,9.899,0.46989,-7.2305,-2.0217
9.91,29.449,-0.89939,-6.9857,9.909,0.14336,4.7799,0.16477
9.92,23.098,-4.4426,-2.0323,9.919,0.86721,7.3223,0.49167
9.93,12.392,-1.8347,-7.956,9.929,1.1716,5.8778,0.1119
9.94,4.5249,0.91761,-8.524,9.939,0.15767,3.8511,0.30158
9.95,3.079,1.3117,-6.2645,9.949,-0.79408,2.1793,0.64264
9.96,3.6701,2.4212,-1.0227,9.959,-0.77666,1.3433,0.39898
9.97,4.809,2.0519,0.57855,9.969,-0.1208,0.18826,-0.10261
9.98,5.2184,0.66286,-1.6579,9.979,0.34435,-0.82738,-0.37123
9.99,4.7262,0.95767,-0.6427,9.989,0.18704,-0.71035,-0.27109
10,4.8945,1.0539,1.5287,9.999,-0.0079288,-0.21103,-0.10217
10.01,3.774,0.64018,2.2876,10.009,0.10325,0.13359,-0.070809
10.02,1.5635,0.42389,1.8639,10.019,0.30338,0.42293,-0.078247
10.03,-0.11232,0.33543,2.2406,10.029,0.36327,0.61651,-0.021264
10.04,-1.322,-0.0075107,2.2868,10.039,0.44075,0.78325,0.022282
10.05,-2.657,-0.23988,1.7863,10.049,0.46172,0.89062,0.092096
10.06,-3.2788,-0.39558,2.5098,10.059,0.51218,1.0935,0.15227
10.07,-4.1821,-0.3993,1.8423,10.069,0.69082,1.2682,0.15008
10.08,-5.3838,-0.36727,0.71026,10.079,0.56099,1.0922,0.17733
10.09,-6.2976,-0.22264,0.58076,10.089,0.12385,0.71995,0.27226
10.1,-5.7768,-0.30491,1.2757,10.099,-0.23078,0.57945,0.39963
10.11,-4.9257,-0.65025,1.9665,10.109,-0.17615,0.80695,0.41911
10.12,-6.7311,-0.030703,0.28959,10.119,0.049798,1.0177,0.1702
10.13,-7.2354,0.1201,-0.11399,10.129,-0.0092409,0.98092,0.14023
10.14,-7.2358,0.077113,0.1522,10.139,-0.10728,0.95484,0.14166
10.15,-7.3422,0.16348,0.10788,10.149,-0.087648,0.92861,0.11537
10.16,-7.3616,0.30046,-0.025268,10.159,-0.050243,0.87607,0.080884
10.17,-7.182,0.45875,-0.27104,10.169,-0.019085,0.75992,0.038898
10.18,-6.4436,0.68201,-1.0025,10.179,0.0038933,0.55894,0.00086096
10.19,-5.368,0.87958,-1.1671,10.189,-0.025803,0.35902,-0.015396
10.2,-4.6073,1.0152,-1.5342,10.199,-0.005817,0.2022,-0.056143
10.21,-3.8895,1.1477,-2.0642,10.209,-0.013968,-0.059314,-0.11511
10.22,-1.6119,1.0486,-2.0644,10.219,-0.11273,-0.42358,-0.14911
10.23,-0.3181,0.87619,-1.4136,10.229,-0.22117,-0.57467,-0.15134
10.24,0.33485,0.78776,-0.88014,10.239,-0.27608,-0.64117,-0.15228
10.25,1.7074,0.65645,0.60969,10.249,-0.36987,-0.55286,-0.18158
10.26,1.9786,0.46204,0.61895,10.259,-0.41444,-0.385,-0.1899
10.27,2.1275,0.30823,-1.0398,10.269,-0.37154,-0.16932,-0.21172
10.28,3.699,0.5193,-3.5572,10.279,-0.27062,-0.01999,-0.25077
10.29,9.0633,1.1444,-2.6596,10.289,-0.15812,-1.0212,-0.51204
10.3,10.315,0.7803,-2.0964,10.299,-0.14053,-1.5301,-0.56231
10.31,10.941,0.49223,-2.467,10.309,-0.39608,-1.8759,-0.49805
10.32,11.174,-0.42842,2.1665,10.319,-0.78132,-1.192,-0.24621
10.33,8.7458,-0.89416,5.2365,10.329,-0.58932,0.12785,-0.07399
10.34,4.2299,-0.77824,4.6949,10.339,-0.078305,1.3659,0.059109
10.35,2.9946,-1.089,4.6588,10.349,-0.10018,1.4648,0.13797
10.36,-0.19406,-1.9396,3.7193,10.359,0.029733,1.7701,0.28334
10.37,-2.1953,-2.1852,2.2783,10.369,0.18407,1.942,0.34572
10.38,-3.9883,-2.0895,1.1786,10.379,0.28862,2.0371,0.38289
10.39,-5.7456,-1.56,0.15798,10.389,0.377,1.8834,0.35072
10.4,-6.4862,-0.73952,-1.0092,10.399,0.38514,1.501,0.28801
10.41,-6.8877,-0.043037,-2.0509,10.409,0.24793,0.44599,0.16597
10.42,-5.4996,0.39017,-2.1309,10.419,0.21474,-0.11772,0.056658
10.43,-2.8158,0.86999,-2.5894,10.429,0.16501,-0.83909,-0.090654
10.44,-0.40087,1.0839,-2.0465,10.439,0.043438,-1.3881,-0.18377
10.45,1.4618,1.0375,-0.82128,10.449,-0.041553,-1.4763,-0.19743
10.46,2.7016,0.93349,-0.014798,10.459,-0.073113,-1.4961,-0.2188
10.47,3.5113,0.70181,0.6355,10.469,-0.047417,-1.3056,-0.20901
10.48,3.8262,0.49805,0.88751,10.479,-0.0061092,-0.95868,-0.1682
10.49,3.1507,0.31345,0.84453,10.489,0.053045,-0.37816,-0.081728
10.5,1.5627,0.12951,0.50822,10.499,0.099314,0.21409,0.028346
10.51,0.47034,0.05654,0.08526,10.509,0.10211,0.46175,0.10285
10.52,-0.23122,0.048808,-0.13319,10.519,0.091862,0.51935,0.14768
10.53,-0.95209,0.10548,-0.4082,10.529,0.091279,0.43974,0.16099
10.54,-1.0707,0.068265,-0.3719,10.539,0.10531,0.1843,0.1467
10.55,-1.0699,0.075375,-0.5882,10.549,0.15525,-0.097141,0.11171
10.56,-1.0414,0.11014,-0.73535,10.559,0.12561,-0.34354,0.086391
10.57,-0.51449,-0.00756,-0.15139,10.569,0.015041,-0.5435,0.089048
10.58,-0.17588,-0.11888,0.07231,10.579,0.013303,-0.56932,0.069409
10.59,-0.37088,-0.014437,-0.36357,10.589,0.04296,-0.55756,0.01725
10.6,-0.57817,0.17525,-0.36697,10.599,-0.029653,-0.54799,-0.0089029
10.61,-0.79902,0.32326,-0.27909,10.609,-0.040888,-0.50858,-0.016442
10.62,-1.345,0.44675,-0.26971,10.619,-0.048445,-0.464,-0.023615
10.63,-1.9629,0.33922,-0.097503,10.629,-0.044781,-0.42871,-0.017397
10.64,-2.5892,0.049705,0.085818,10.639,-0.018803,-0.43401,-0.0070054
10.65,-3.3168,-0.23978,0.33676,10.649,0.027753,-0.43851,0.0073508
10.66,-3.9206,-0.47995,0.52786,10.659,0.072783,-0.44553,0.021415
10.67,-4.6472,-0.73526,0.80083,10.669,0.11316,-0.45438,0.034729
10.68,-5.2674,-0.99402,1.1696,10.679,0.14923,-0.4662,0.044286
10.69,-6.5128,-1.205,2.1552,10.689,0.21409,-0.47616,0.060317
10.7,-7.2166,-1.2004,2.561,10.699,0.27057,-0.47408,0.073675
10.71,-7.6726,-1.2897,2.557,10.709,0.29943,-0.43218,0.081448
10.72,-8.081,-1.4955,2.7687,10.719,0.31934,-0.38484,0.093732
10.73,-7.9712,-1.0337,2.0649,10.729,0.29353,-0.39612,0.058246
10.74,-7.806,-0.2693,1.1707,10.739,0.22634,-0.46049,-0.012211
10.75,-7.228,0.80964,0.14629,10.749,0.12707,-0.60727,-0.065748
10.76,-5.7182,1.9775,-0.90467,10.759,-0.00048205,-0.95191,-0.11238
10.77,-3.7641,2.6517,-1.2899,10.769,-0.087267,-1.3673,-0.14891
10.78,-1.3891,2.6686,-0.83528,10.779,-0.14684,-1.8176,-0.17616
10.79,2.3489,1.9723,0.83184,10.789,-0.16138,-2.5063,-0.22594
10.8,5.8207,0.83911,2.3499,10.799,-0.10887,-3.1492,-0.27806
10.81,9.8558,-0.47298,3.1743,10.809,-0.030405,-3.489,-0.32078
10.82,13.043,-1.2823,3.8147,10.819,0.077947,-3.6568,-0.37605
10.83,19.622,-1.4491,-0.4223,10.829,0.31774,-2.6338,-0.41495
10.84,21.016,-1.1634,-3.5432,10.839,0.31292,-1.1377,-0.32468
10.85,18.431,-0.89279,-5.8411,10.849,0.082855,1.5259e-05,-0.12193
10.86,15.39,-1.1626,-5.8291,10.859,-0.013016,0.7766,0.021881
10.87,13.826,-0.87411,-6.8251,10.869,0.023201,1.0509,0.038182
10.88,11.887,0.80315,-5.8385,10.879,-0.059891,1.0834,0.11882
10.89,12.204,1.049,-4.0402,10.889,-0.049043,1.0722,0.16571
10.9,11.981,1.0691,-3.6609,10.899,0.14844,0.9646,0.12097
10.91,13.435,1.0123,-2.4343,10.909,0.12228,0.53479,0.19125
10.92,14.256,1.0725,-1.8608,10.919,0.046065,0.38893,0.25795
10.93,17.972,2.2581,-2.7611,10.929,-0.088997,0.51984,0.31791
10.94,19.492,2.8544,-3.6198,10.939,-0.26122,0.84584,0.31163
10.95,19.649,3.1362,-4.2684,10.949,-0.36304,1.2402,0.25066
10.96,18.131,3.0884,-4.898,10.959,-0.44068,1.7967,0.15728
10.97,16.427,3.0397,-5.0821,10.969,-0.45847,2.2608,0.085017
10.98,13.508,2.448,-5.3702,10.979,-0.42502,2.5009,0.071698
10.99,11.691,1.1497,-5.0302,10.989,-0.40335,2.4748,0.11495
11,11.068,0.24281,-4.3961,10.999,-0.33297,2.428,0.14865
11.01,6.4408,-1.2604,-4.8566,11.009,-0.2474,2.0421,0.14671
11.02,4.5174,-2.0219,-4.5141,11.019,-0.40164,1.8895,0.20123
11.03,1.7752,-3.2699,-2.3573,11.029,-0.44851,2.1954,0.26144
11.04,-1.5693,-3.3427,-0.62794,11.039,-0.26015,2.5023,0.24133
11.05,-4.0083,-2.9636,0.29439,11.049,-0.082035,2.658,0.31617
11.06,-6.5976,-2.2205,1.1218,11.059,0.084991,2.7452,0.41922
11.07,-9.5048,-1.3614,0.21098,11.069,0.21069,2.791,0.40431
11.08,-11.582,-0.19313,-1.0119,11.079,0.29521,2.7515,0.24854
11.09,-13.607,0.42056,-2.4686,11.089,0.30356,2.5188,0.17692
11.1,-15.931,0.9102,-4.4258,11.099,0.24692,2.1849,0.12735
11.11,-19.206,2.0119,-6.573,11.109,0.17207,2.0464,0.11582
11.12,-22.338,2.2636,-9.0195,11.119,0.30199,3.0933,0.35082
11.13,-20.804,1.6563,-9.126,11.129,0.32267,3.6053,0.37096
11.14,-18.47,1.3974,-9.4602,11.139,0.21013,3.6196,0.28782
11.15,-16.178,1.5801,-8.9957,11.149,0.053325,2.9708,0.18655
11.16,-17.158,2.5016,-7.2596,11.159,-0.081014,0.64794,-0.085875
11.17,-16.73,2.2486,-4.866,11.169,-0.32235,-0.94942,-0.19629
11.18,-14.199,1.5315,-2.7395,11.179,-0.55408,-2.5927,-0.28039
11.19,-12.678,0.98513,-1.5307,11.189,-0.68094,-3.608,-0.33604
11.2,-11.253,0.58514,1.054,11.199,-0.82687,-4.7607,-0.44896
11.21,-8.569,-0.19348,2.874,11.209,-0.94005,-5.8117,-0.55574
11.22,-4.1519,-1.7998,8.8827,11.219,-0.85018,-6.0515,-0.66669
11.23,0.16645,-3.0092,9.5719,11.229,-0.45058,-5.3214,-0.85068
11.24,0.18524,-1.7964,-0.34598,11.239,0.070984,-2.4795,-0.82944
11.25,0.86096,-1.487,4.1846,11.249,-0.087403,-0.17438,-0.32243
11.26,0.22765,-2.8206,6.0209,11.259,-0.1818,-0.033404,0.018115
11.27,-2.8509,-2.3186,3.9885,11.269,-0.026858,0.47235,-0.038042
11.28,-4.5874,-2.2866,3.2753,11.279,0.16047,1.1536,0.062963
11.29,-6.2939,-2.1762,2.5686,11.289,0.26757,1.5632,0.24999
11.3,-7.2992,-2.0311,1.8735,11.299,0.32107,1.6128,0.3194
11.31,-9.0231,-1.6,0.073799,11.309,0.40836,1.6636,0.37363
11.32,-10.511,-0.60759,-0.69113,11.319,0.2814,1.631,0.35979
11.33,-10.991,-0.10545,-0.62372,11.329,0.20934,1.557,0.33083
11.34,-11.903,0.52281,-1.7615,11.339,0.24527,1.3459,0.26428
11.35,-12.644,1.152,-2.8346,11.349,0.22378,1.0462,0.19762
11.36,-12.919,1.4384,-3.1025,11.359,0.18141,0.82067,0.15842
11.37,-12.754,1.7464,-3.6801,11.369,0.13511,0.53614,0.12979
11.38,-11.415,1.6652,-3.4022,11.379,0.05506,0.2527,0.14097
11.39,-9.7978,1.6019,-4.0894,11.389,0.058826,0.073554,0.070604
11.4,-8.6274,1.9405,-6.9012,11.399,0.050753,-0.037229,-0.0060663
11.41,-8.2326,2.0309,-9.4846,11.409,-0.056482,-0.021427,0.032752
11.42,-4.4427,1.9392,-14.112,11.419,-0.27294,0.39803,0.020275
11.43,1.4588,2.268,-13.763,11.429,-0.55781,0.47666,-0.16455
11.44,2.3416,3.5025,-8.3116,11.439,-0.67904,0.16072,-0.26559
11.45,9.8977,1.3596,-1.8315,11.449,-0.42286,-4.5263,-0.46984
11.46,19.098,-1.0485,-10.379,11.459,-0.18272,-8.9393,-0.52959
11.47,27.364,-2.1944,14.173,11.469,-0.56732,-12.855,-1.5486
11.48,31.282,-2.1398,-7.8598,11.479,0.032447,-16.259,-2.9713
11.49,30.736,1.4533,-12.208,11.489,0.31254,-0.59149,-0.93503
11.5,25.88,-2.4626,-1.9428,11.499,0.13019,6.0057,0.6543
11.51,18.409,-4.3009,-5.2185,11.509,0.47166,6.087,1.0797
11.52,9.6477,-1.5705,-4.3168,11.519,0.26276,6.3938,0.93881
11.53,4.0329,-0.26995,-1.9112,11.529,-0.25607,5.182,0.76137
11.54,2.4843,-0.43142,-1.4054,11.539,-0.27533,4.0661,0.74663
11.55,-0.70588,1.5205,-1.1894,11.549,0.08309,2.9831,0.39503
11.56,-3.7941,2.9108,-0.32902,11.559,0.26967,1.3386,0.042707
11.57,-1.8631,1.3141,0.46869,11.569,0.31429,-0.51024,-0.10822
11.58,1.1515,0.66598,-1.1351,11.579,0.40579,-1.4177,-0.18507
11.59,3.0246,0.2348,-1.3892,11.589,0.52271,-1.1948,-0.12186
11.6,4.446,-0.49886,-0.85408,11.599,0.55642,-0.8039,-0.059219
11.61,4.9413,-0.94774,-0.59416,11.609,0.52903,-0.69483,-0.059425
11.62,3.9739,-1.187,0.22817,11.619,0.52145,-0.20767,-0.045682
11.63,3.2388,-1.0793,0.65583,11.629,0.5129,0.17887,-0.026658
11.64,1.2219,-0.28473,1.2675,11.639,0.44352,0.64605,0.016168
11.65,-0.39861,0.075069,1.5042,11.649,0.40654,0.99204,0.057994
11.66,-2.1016,0.28687,1.7325,11.659,0.39652,1.1044,0.085705
11.67,-3.172,0.19318,1.7832,11.669,0.4332,1.1137,0.12128
11.68,-3.7467,-0.11971,1.0581,11.679,0.45751,0.99621,0.16883
11.69,-3.7771,-0.20441,0.68435,11.689,0.32329,0.77234,0.24112
11.7,-3.6494,-0.27259,1.2178,11.699,0.28362,0.73196,0.24362
11.71,-4.4524,0.29114,-0.6911,11.709,0.30582,0.66548,0.11046
11.72,-4.3809,0.64545,-1.05,11.719,0.038581,0.50792,0.07798
11.73,-3.8582,0.69459,-0.45839,11.729,-0.24042,0.41907,0.087002
11.74,-3.6161,0.90096,0.01671,11.739,-0.27792,0.51615,-0.028866
11.75,-3.8502,1.0757,-0.11959,11.749,-0.25035,0.53708,-0.12484
11.76,-3.5947,1.2362,-0.042011,11.759,-0.28019,0.37079,-0.20152
11.77,-2.8288,0.96346,0.35404,11.769,-0.2268,0.16354,-0.25166
11.78,-2.2952,0.64048,0.32295,11.779,-0.14778,-0.018585,-0.26119
11.79,-1.5934,0.3219,0.35614,11.789,-0.088638,-0.16296,-0.2178
11.8,-0.72864,-0.077516,0.24455,11.799,-0.037506,-0.27481,-0.13577
11.81,0.1913,-0.35768,0.093499,11.809,0.0083263,-0.30364,-0.041681
11.82,0.95682,-0.44622,-0.15879,11.819,0.041732,-0.22977,0.026384
11.83,1.281,-0.44122,-0.42166,11.829,0.051757,-0.14635,0.05581
11.84,1.6181,-0.42402,-0.64393,11.839,0.045562,-0.032296,0.073753
11.85,1.3845,-0.0010617,-0.8518,11.849,0.0058816,0.06637,0.051567
11.86,1.392,0.11693,-0.8801,11.859,-0.03302,0.12944,0.02976
11.87,1.4852,0.34933,-0.91189,11.869,-0.13412,0.14022,0.018557
11.88,1.5561,0.54176,-0.058491,11.879,-0.1965,0.18059,-0.0038875
11.89,1.082,0.74179,-0.26324,11.889,-0.17777,0.21714,-0.072271
11.9,1.1306,0.48583,0.20306,11.899,-0.19771,0.25481,-0.065926
11.91,0.70306,0.12876,0.49364,11.909,-0.15102,0.32362,-0.075583
11.92,0.2148,-0.13987,0.65273,11.919,-0.085984,0.37404,-0.074821
11.93,-0.24972,-0.35013,0.73572,11.929,-0.11706,0.34105,-0.05796
11.94,-0.39065,-0.5731,1.3175,11.939,-0.12872,0.33462,-0.031538
11.95,-0.74897,-0.57336,0.80843,11.949,-0.031487,0.34002,-0.028476
11.96,-0.84421,-0.57902,0.91401,11.959,-0.019146,0.26683,-0.0036127
11.97,-0.69817,-0.65724,0.81153,11.969,0.011754,0.17883,0.017297
11.98,-0.36322,-0.62903,0.52897,11.979,0.018743,0.083556,0.045908
11.99,-0.21805,-0.51755,0.53964,11.989,0.02504,0.032131,0.046293
12,-0.18208,-0.34035,0.03923,11.999,0.04451,-0.0021057,0.036789
12.01,-0.041095,-0.064296,-0.18717,12.009,0.037856,-0.072788,0.020921
12.02,-0.040699,0.10815,-0.38426,12.019,0.050829,-0.13874,0.002479
12.03,-0.028959,0.32169,-0.37883,12.029,0.044947,-0.2187,-0.011703
12.04,-0.044778,0.40028,-0.23766,12.039,0.043204,-0.27961,-0.016087
12.05,-0.071306,0.39663,-0.17276,12.049,0.046815,-0.33127,-0.017304
12.06,-0.19339,0.35147,-0.20446,12.059,0.053549,-0.3674,-0.013015
12.07,-0.27354,0.26134,-0.2722,12.069,0.056854,-0.406,0.0048016
12.08,-0.37268,0.18184,-0.3313,12.079,0.065811,-0.42609,0.019745
12.09,-0.55574,0.098597,-0.47577,12.089,0.082436,-0.46346,0.043182
12.1,-0.69109,0.014731,-0.47966,12.099,0.085218,-0.49991,0.056641
12.11,-0.88585,-0.053895,-0.6024,12.109,0.094594,-0.54251,0.051782
12.12,-1.0634,-0.07576,-0.81824,12.119,0.092021,-0.57795,0.032986
12.13,-1.4201,-0.0032085,-1.1245,12.129,0.063333,-0.5917,0.010687
12.14,-1.8256,0.20113,-1.3692,12.139,0.025323,-0.5929,-0.0049882
12.15,-2.1759,0.44721,-1.4535,12.149,-0.01177,-0.5958,-0.0076934
12.16,-2.7174,0.7144,-1.3081,12.159,-0.065516,-0.63435,-0.012179
12.17,-3.3775,0.75141,-0.67919,12.169,-0.098683,-0.72449,-0.01995
12.18,-4.0115,0.51966,0.0072787,12.179,-0.079651,-0.80892,-0.029565
12.19,-4.8015,-0.025885,0.79385,12.189,-0.023175,-0.89657,-0.037759
12.2,-5.6324,-0.73059,1.6271,12.199,0.05712,-0.97226,-0.041
12.21,-6.3598,-1.3553,2.5214,12.209,0.16759,-1.0407,-0.028773
12.22,-7.1168,-1.7361,3.5011,12.219,0.29704,-1.0841,-0.0076888
12.23,-7.3595,-1.7827,3.955,12.229,0.37443,-1.0709,0.011661
12.24,-7.4774,-1.5178,3.7252,12.239,0.39845,-0.96404,0.023117
12.25,-7.5436,-1.0409,3.0913,12.249,0.36224,-0.77778,0.018165
12.26,-7.4085,-0.60313,2.383,12.259,0.29309,-0.61781,0.0080913
12.27,-7.0627,0.17507,1.1028,12.269,0.17393,-0.50259,-0.025373
12.28,-6.2735,1.1738,-0.27124,12.279,0.065778,-0.55445,-0.079176
12.29,-5.218,2.2133,-1.4442,12.289,-0.001515,-0.79809,-0.12652
12.3,-2.6776,2.8357,-1.3835,12.299,-0.078043,-1.2775,-0.15545
12.31,-0.058578,2.7343,-0.43243,12.309,-0.11374,-1.8266,-0.1698
12.32,4.431,1.1802,1.4601,12.319,-0.035164,-2.6995,-0.2184
12.33,10.917,-0.99717,3.4049,12.329,0.089333,-3.6018,-0.295
12.34,18.936,-2.7066,3.4652,12.339,0.38847,-3.3848,-0.41321
12.35,23.985,-2.6542,1.7962,12.349,0.65154,-2.4357,-0.44673
12.36,25.01,-0.52827,-1.6363,12.359,0.66086,-1.0345,-0.34303
12.37,22.588,1.2742,-5.511,12.369,0.46099,-0.051355,-0.2038
12.38,16.899,0.86572,-5.5685,12.379,-0.11378,1.1141,0.10518
12.39,14.66,0.52382,-4.6144,12.389,-0.11211,1.5335,0.1506
12.4,12.591,0.61605,-4.9681,12.399,0.15621,1.422,0.042061
12.41,11.985,0.72336,-4.746,12.409,0.16534,1.1057,0.06465
12.42,13.069,0.88569,-4.2994,12.419,0.15767,0.75871,0.16512
12.43,14.828,1.4165,-4.3237,12.429,0.15715,0.5543,0.2307
12.44,16.348,1.8519,-4.297,12.439,0.06728,0.38787,0.27306
12.45,18.703,2.2375,-5.0607,12.449,-0.094267,0.49236,0.26261
12.46,19.738,2.3876,-6.0816,12.459,-0.20834,0.76839,0.20228
12.47,19.518,2.1586,-6.9652,12.469,-0.35066,1.3152,0.090864
12.48,19.537,1.885,-7.6033,12.479,-0.46886,1.799,-0.002416
12.49,15.858,1.2296,-6.6076,12.489,-0.46454,2.3775,-0.062501
12.5,11.957,0.55808,-5.286,12.499,-0.3884,2.7055,-0.029525
12.51,8.6504,-0.44659,-3.8113,12.509,-0.26547,2.4906,0.17209
12.52,6.8307,-0.90212,-2.8718,12.519,-0.14404,2.4033,0.285
12.53,5.0829,-1.0575,-2.6185,12.529,-0.053591,2.4155,0.32959
12.54,2.3703,-1.1333,-2.5447,12.539,4.6715e-06,2.5106,0.37236
12.55,-0.13393,-1.1538,-1.9649,12.549,0.006375,2.5879,0.40037
12.56,-4.2508,-1.1694,-0.29785,12.559,-0.01088,2.6525,0.44159
12.57,-6.4128,-1.0593,0.35473,12.569,-0.025458,2.6547,0.47219
12.58,-9.4194,-0.3507,0.17584,12.579,-0.040693,2.607,0.44898
12.59,-10.94,0.23963,-0.35151,12.589,-0.040489,2.5797,0.38387
12.6,-12.387,0.96129,-2.057,12.599,0.010263,2.4517,0.29544
12.61,-14.522,1.4385,-3.9279,12.609,0.039669,2.2872,0.22824
12.62,-18.902,2.256,-6.0051,12.619,-0.0016417,2.2832,0.20548
12.63,-21.452,2.4826,-7.7278,12.629,0.0049853,2.6845,0.2733
12.64,-21.036,1.7988,-9.323,12.639,0.016815,3.8115,0.24666
12.65,-19.924,1.4794,-8.6295,12.649,-0.02153,3.9937,0.061295
12.66,-17.188,0.85885,-9.436,12.659,0.073481,3.0652,-0.012142
12.67,-17.244,0.73492,-9.6081,12.669,0.13783,1.4433,-0.074975
12.68,-18.44,0.66589,-8.8167,12.679,-0.044188,0.01235,-0.12432
12.69,-17.935,0.42154,-6.4723,12.689,-0.30225,-1.0851,-0.12234
12.7,-13.572,-0.093225,-2.1171,12.699,-0.74065,-3.8333,-0.029293
12.71,-11.764,-0.21569,0.23987,12.709,-0.84263,-4.7946,-0.018444
12.72,-9.4865,-0.61316,3.1436,12.719,-0.88333,-5.5181,-0.037766
12.73,-6.3878,-1.0155,5.4677,12.729,-0.76448,-6.1395,-0.23929
12.74,-1.6387,-1.1724,10.26,12.739,-0.63132,-6.4613,-0.64095
12.75,2.2758,-1.478,9.8699,12.749,-0.2528,-5.7088,-1.0116
12.76,0.33119,0.15137,-0.95652,12.759,0.047606,-2.9531,-0.94638
12.77,3.1885,-0.19682,6.1773,12.769,-0.28639,0.11155,-0.17379
12.78,2.1516,-1.6891,5.8284,12.779,-0.34296,0.15401,0.025404
12.79,-1.1397,-1.3939,4.4129,12.789,0.012267,0.89241,-0.14706
12.8,-3.7102,-1.2047,2.3556,12.799,0.22691,1.5254,-0.14186
12.81,-5.5035,-1.3852,1.425,12.809,-0.037544,1.6559,0.054819
12.82,-6.1736,-1.9467,2.8803,12.819,-0.15897,1.8406,0.22899
12.83,-8.2965,-1.8437,1.6614,12.829,0.23822,2.1684,0.20443
12.84,-9.9992,-1.6193,-0.32431,12.839,0.38904,2.1425,0.1899
12.85,-12.149,-1.1307,-0.32409,12.849,0.080713,1.8575,0.31202
12.86,-12.46,-1.0094,-0.72636,12.859,0.1911,1.7463,0.3293
12.87,-13.527,-0.29043,-2.7843,12.869,0.30514,1.4094,0.25188
12.88,-14.195,-0.0030596,-3.3747,12.879,0.28866,1.1881,0.2126
12.89,-13.859,0.73787,-3.8412,12.889,0.19684,0.98645,0.19446
12.9,-12.145,1.8749,-4.6433,12.899,-0.038083,0.56108,0.13332
12.91,-10.797,1.83,-5.2482,12.909,-0.1482,0.33861,0.051467
12.92,-9.3459,2.1996,-7.5277,12.919,-0.29438,0.042108,-0.016951
12.93,-7.5088,2.545,-10.182,12.929,-0.42113,0.057527,-0.033855
12.94,-4.7617,3.251,-12.6,12.939,-0.62086,0.2284,-0.096301
12.95,-1.5793,4.6542,-8.9165,12.949,-0.68413,0.14171,-0.13898
12.96,1.8412,5.1451,-1.0427,12.959,-0.45744,-1.6764,-0.048791
12.97,10.489,1.9621,1.2523,12.969,-0.22569,-6.0343,0.036398
12.98,26.269,-2.6869,15.093,12.979,-0.369,-12.864,-0.82522
12.99,31.796,-4.7373,-1.1287,12.989,0.59936,-14.037,-2.4114
13,30.364,-4.4449,-23.778,12.999,0.84494,-4.1524,-1.9788
13.01,30.538,-4.0857,-3.7202,13.009,-0.20713,2.1321,-0.38075
13.02,26.535,-4.0348,0.0080642,13.019,0.27008,2.5215,0.19288
13.03,18.223,-3.8401,-7.0529,13.029,1.424,3.9789,0.078978
13.04,10.557,-1.8312,-7.7207,13.039,0.78956,4.5496,0.11142
13.05,7.0875,-0.56504,-2.364,13.049,0.023917,3.9408,0.30182
13.06,5.2391,0.66579,-0.98451,13.059,0.46024,3.5212,0.18037
13.07,-0.33925,3.951,0.30819,13.069,0.70833,1.7392,-0.11127
13.08,-1.184,3.6064,0.86716,13.079,0.75092,0.22825,-0.11494
13.09,1.4356,2.5456,0.27467,13.089,0.73986,-0.16803,-0.015253
13.1,2.2256,1.9967,-0.39791,13.099,0.74642,-0.39708,0.033765
13.11,2.4087,1.6338,-0.58854,13.109,0.72537,-0.24782,0.079817
13.12,2.1414,1.5791,-0.83517,13.119,0.63287,0.022125,0.1061
13.13,1.6525,1.6385,-1.0727,13.129,0.47242,0.2532,0.10723
13.14,0.32337,1.586,-0.49427,13.139,0.21741,0.59293,0.069408
13.15,-1.1642,1.3535,0.33306,13.149,-0.0018409,0.83141,0.0081043
13.16,-2.4631,0.87155,1.0825,13.159,-0.092066,0.91877,-0.032265
13.17,-3.9328,0.23014,1.5485,13.169,-0.13049,1.0179,-0.062426
13.18,-5.0689,-0.19496,1.8681,13.179,-0.13464,1.0845,-0.093533
13.19,-6.5607,-0.51068,1.7237,13.189,-0.081714,1.1226,-0.10314
13.2,-6.6684,-0.9622,1.268,13.199,-0.048484,1.0952,-0.064136
13.21,-7.3816,-1.1969,0.89966,13.209,-0.20271,0.90226,0.044827
13.22,-7.6371,-1.2601,1.2359,13.219,-0.26574,0.88554,0.093401
13.23,-8.0679,-1.1729,0.77848,13.229,-0.10637,0.8675,0.097822
13.24,-8.3205,-0.97458,0.71714,13.239,-0.018874,0.84174,0.11392
13.25,-7.9153,-1.0483,-0.086441,13.249,0.092252,0.68443,0.14223
13.26,-7.81,-0.44174,-0.0058193,13.259,0.06492,0.46484,0.11472
13.27,-7.1846,-0.22193,0.068527,13.269,0.093087,0.42347,0.11888
13.28,-5.2849,0.29706,-0.81398,13.279,0.20004,0.15129,0.058105
13.29,-4.5148,0.4965,-0.97903,13.289,0.19279,-0.012949,0.010318
13.3,-3.2399,0.74667,-0.9742,13.299,0.13826,-0.20345,-0.056946
13.31,-2.4073,0.87918,-0.89147,13.309,0.084316,-0.35079,-0.10025
13.32,-1.3861,1.0212,-0.65663,13.319,0.036683,-0.48236,-0.12874
13.33,0.61234,0.83747,-0.55955,13.329,-0.093979,-0.78934,-0.15388
13.34,2.0103,0.68583,-1.0615,13.339,-0.17174,-0.96298,-0.15175
13.35,3.8495,0.65477,-2.3294,13.349,-0.21104,-1.0766,-0.14925
13.36,6.1723,0.66824,-3.2518,13.359,-0.26031,-1.2991,-0.18413
13.37,8.7508,0.65391,-2.7591,13.369,-0.30322,-1.6097,-0.23597
13.38,11.075,0.82156,-2.1808,13.379,-0.31128,-1.8855,-0.28812
13.39,10.76,0.32792,-0.80663,13.389,-0.28572,-1.5105,-0.24336
13.4,9.2846,-0.27222,1.9234,13.399,-0.22894,-0.56723,-0.073753
13.41,7.2168,-0.50728,3.0437,13.409,-0.12593,0.10442,0.038925
13.42,4.8843,-0.57876,2.8329,13.419,0.023137,0.91698,0.13576
13.43,3.1508,-0.81546,2.4585,13.429,0.030725,1.2308,0.20288
13.44,0.073,-1.071,1.6835,13.439,0.074052,1.5588,0.25703
13.45,-1.9258,-0.96576,0.81491,13.449,0.12866,1.7034,0.27328
13.46,-3.3961,-0.83157,0.38751,13.459,0.1646,1.6987,0.27668
13.47,-5.2815,-0.15624,-0.51999,13.469,0.152,1.4637,0.23659
13.48,-5.9891,-0.026164,-0.80024,13.479,0.011698,1.0235,0.22263
13.49,-6.2805,0.37143,-0.6627,13.489,-0.0055542,0.56142,0.12096
13.5,-5.3054,1.057,-1.4299,13.499,-0.017738,-0.067446,-0.02979
13.51,-3.1403,1.5082,-2.0887,13.509,-0.10725,-0.80627,-0.1716
13.52,-1.57,1.5433,-1.9103,13.519,-0.16147,-1.1636,-0.22442
13.53,-0.38769,1.4038,-1.5272,13.529,-0.21861,-1.3475,-0.24336
13.54,0.47956,1.2037,-1.1294,13.539,-0.26628,-1.4623,-0.25529
13.55,2.3055,0.66612,-0.30184,13.549,-0.31116,-1.4507,-0.22879
13.56,2.3947,0.40033,-0.10044,13.559,-0.32176,-1.2404,-0.1933
13.57,2.3967,0.0044088,0.20701,13.569,-0.31685,-0.92786,-0.14065
13.58,1.7818,-0.22518,0.17363,13.579,-0.28418,-0.62732,-0.097129
13.59,0.30191,-0.50174,-0.03798,13.589,-0.23046,-0.17832,-0.029092
13.6,-0.9751,-0.64419,-0.18679,13.599,-0.18771,0.011734,0.0016479
13.61,-1.9178,-0.68848,-0.40068,13.609,-0.14364,0.082733,0.028813
13.62,-3.2206,-0.61092,-0.54297,13.619,-0.073086,-0.057941,0.045209
13.63,-3.4438,-0.58176,-0.44881,13.629,-0.044607,-0.16759,0.040403
13.64,-3.9654,-0.53549,-0.45706,13.639,-0.0021679,-0.31291,0.03165
13.65,-4.7274,-0.5825,-0.24317,13.649,0.086436,-0.53,0.01334
13.66,-5.1951,-0.67044,-0.088915,13.659,0.14987,-0.64197,0.014863
13.67,-5.7641,-0.84748,0.29888,13.669,0.20004,-0.70625,0.027206
13.68,-6.505,-1.0275,1.0854,13.679,0.27535,-0.7665,0.054739
13.69,-6.9242,-1.1154,1.6475,13.689,0.30124,-0.76271,0.061295
13.7,-7.6051,-1.2474,2.491,13.699,0.36459,-0.73638,0.063931
13.71,-8.1105,-1.2978,2.9237,13.709,0.39309,-0.67981,0.04198
13.72,-8.8705,-1.1983,3.2262,13.719,0.4136,-0.60612,0.0035945
13.73,-9.3705,-0.74829,3.1423,13.729,0.40654,-0.569,-0.042211
13.74,-9.7403,-0.026084,2.3448,13.739,0.34187,-0.6443,-0.088399
13.75,-9.6741,0.77911,1.318,13.749,0.21976,-0.80691,-0.12538
13.76,-9.0767,1.8131,-0.12221,13.759,0.062165,-1.1817,-0.12876
13.77,-7.2317,3.0623,-1.781,13.769,-0.081169,-1.7848,-0.066442
13.78,-2.6175,3.2498,-2.5224,13.779,-0.065567,-2.4949,0.022101
13.79,1.996,1.8931,-2.2241,13.789,0.05761,-3.2793,0.034166
13.8,8.717,-0.65425,0.70028,13.799,0.28918,-4.3674,-0.00019525
13.81,19.695,-2.9081,3.8936,13.809,0.61239,-5.7998,-0.089823
13.82,29.102,-2.1552,0.27464,13.819,0.90596,-5.2765,-0.32039
13.83,31.456,0.76583,-5.3688,13.829,0.96535,-2.052,-0.42217
13.84,27.75,2.0352,-10.353,13.839,0.67631,-0.22776,-0.31935
13.85,23.278,0.74029,-10.791,13.849,0.28725,0.78098,-0.048935
13.86,17.336,-0.39308,-6.5819,13.859,-0.03215,2.1769,0.22637
13.87,13.243,0.78782,-5.518,13.869,0.029904,2.4151,0.13696
13.88,12.799,1.6826,-5.213,13.879,0.15827,1.9983,0.064412
13.89,12.723,2.4358,-5.0869,13.889,0.18404,1.646,0.07916
13.9,13.109,3.0322,-4.9124,13.899,0.15873,1.421,0.15145
13.91,15.232,3.506,-4.8041,13.909,-0.024734,1.24,0.22748
13.92,18.167,3.8686,-5.3601,13.919,-0.3319,0.93483,0.27965
13.93,20.132,3.2965,-7.5927,13.929,-0.68402,1.541,0.16548
13.94,20.228,2.6316,-7.1361,13.939,-1.1467,2.3673,0.0058539
13.95,19.167,1.9525,-6.6602,13.949,-1.281,2.7776,-0.11966
13.96,18.185,0.86359,-7.0251,13.959,-1.3113,3.0938,-0.19998
13.97,16.834,-0.073891,-6.108,13.969,-1.2626,3.2387,-0.15601
13.98,14.859,-0.59579,-4.9976,13.979,-1.1319,3.1152,0.035504
13.99,11.148,-1.4298,-3.8492,13.989,-0.82402,3.1195,0.38871
14,7.8043,-1.8968,-2.7809,13.999,-0.50048,3.3904,0.61393
14.01,2.1029,-2.4616,-2.2433,14.009,0.084678,3.4831,0.56881
14.02,-2.9653,-2.6807,-2.0268,14.019,0.60289,3.4066,0.4893
14.03,-6.1302,-2.8545,-1.678,14.029,0.8343,3.3537,0.45026
14.04,-9.7001,-3.1921,-3.2079,14.039,0.91976,3.2285,0.38379
14.05,-10.885,-2.3355,-4.3691,14.049,0.92344,3.0737,0.3052
14.06,-13.699,-1.9559,-5.8947,14.059,0.91244,2.9534,0.35355
14.07,-16.48,-2.2669,-4.9146,14.069,0.86206,2.8139,0.4418
14.08,-22.094,-0.62571,-10.522,14.079,0.98053,3.2878,0.47453
14.09,-23.787,0.52505,-14.575,14.089,1.1162,4.2759,0.48839
14.1,-22.291,1.2688,-16.744,14.099,1.162,6.0113,0.45863
14.11,-23.1,2.4052,-13.86,14.109,1.0405,6.2893,0.26263
14.12,-24.041,5.5407,-15.2,14.119,0.87893,4.8799,0.20654
14.13,-23.784,6.5546,-17.704,14.129,0.68655,2.7318,0.41294
14.14,-23.718,6.5129,-13.687,14.139,-0.08226,-0.15443,0.30098
14.15,-20.404,4.1999,-5.3983,14.149,-0.89529,-3.7573,-0.021033
14.16,-18.047,3.0783,-3.3229,14.159,-1.2785,-6.5769,-0.22099
14.17,-17.36,3.8669,-1.7335,14.169,-1.5024,-8.3968,-0.33643
14.18,-12.909,1.8111,1.4495,14.179,-1.7928,-9.6019,-0.25332
14.19,-6.8753,-0.8483,8.1438,14.189,-2.0189,-10.981,-0.30477
14.2,-0.95183,-2.5643,2.0758,14.199,-2.1666,-13.151,-0.49622
14.21,11.061,-6.1349,-2.2423,14.209,-2.0732,-12.18,-0.79623
14.22,28.103,-10.058,25.699,14.219,-1.8673,-10.232,-1.2073
14.23,25.001,-3.1374,4.686,14.229,1.5371,-0.80102,-1.2902
14.24,7.0506,-3.1703,5.5292,14.239,0.21599,0.81266,0.23289
14.25,2.6549,-5.8677,11.751,14.249,-0.58525,2.1291,0.71413
14.26,0.098578,-4.4782,7.8726,14.259,0.50542,3.2574,0.25736
14.27,-2.1772,-3.1314,2.4719,14.269,1.3806,3.693,0.17359
14.28,-5.1443,-1.5592,2.8508,14.279,0.98295,3.6398,0.2742
14.29,-8.1952,-0.68199,4.4445,14.289,-0.16298,2.9683,0.57376
14.3,-8.5909,0.15369,3.5173,14.299,-0.0023651,3.1212,0.58221
14.31,-9.0543,0.90676,2.1165,14.309,0.2173,3.3097,0.47828
14.32,-10.139,2.6566,-0.16389,14.319,0.039585,2.933,0.37706
14.33,-10.725,3.796,0.15546,14.329,-0.10137,2.8353,0.31874
14.34,-10.996,4.1922,0.017279,14.339,-0.11809,2.6894,0.22404
14.35,-11.82,4.5799,-1.3269,14.349,-0.1092,2.3363,0.08851
14.36,-12.247,4.1918,-3.3348,14.359,-0.10891,2.0952,0.027644
14.37,-11.865,3.2239,-4.5647,14.369,-0.16073,1.9597,0.031039
14.38,-11.713,2.2927,-5.2758,14.379,-0.24188,1.7687,0.045203
14.39,-12.019,1.5765,-5.885,14.389,-0.29489,1.6035,0.039665
14.4,-12.192,0.87641,-6.3669,14.399,-0.37965,1.5191,0.05731
14.41,-12.129,0.14818,-7.7242,14.409,-0.60968,1.4979,0.088751
14.42,-11.751,0.17873,-8.467,14.419,-0.70697,1.5272,0.083157
14.43,-10.245,0.10934,-10.267,14.429,-0.70229,1.4962,0.036384
14.44,-8.4133,0.27466,-13.266,14.439,-0.68241,1.4829,-0.057037
14.45,-5.1795,0.4842,-16.321,14.449,-0.59998,1.2741,-0.14005
14.46,-1.6922,0.26978,-12.338,14.459,-0.24012,0.25349,-0.20117
14.47,0.13621,-1.3749,-0.43435,14.469,0.10961,-1.9766,-0.06877
14.48,3.1567,-2.7632,8.4831,14.479,0.47061,-6.5066,0.084732
14.49,10.489,-3.8037,0.2232,14.489,0.46512,-13.067,-0.052191
14.5,31.231,-6.9534,-15.977,14.499,-0.34964,-17.1,-1.1126
14.51,30.508,4.7345,-8.9538,14.509,-0.17648,-13.52,-1.8161
14.52,31.546,4.6344,-13.696,14.519,0.26653,0.15798,-0.054786
14.53,25.45,-0.90032,3.4839,14.529,0.74615,6.2309,0.22614
14.54,11.47,1.5721,-9.6715,14.539,1.494,5.8913,-0.27945
14.55,5.6215,3.5827,-8.456,14.549,-0.11117,5.385,0.12673
14.56,6.1585,2.0494,-2.154,14.559,-0.85883,5.1815,0.62695
14.57,2.1708,2.816,-1.3998,14.569,-0.47643,4.5563,0.52576
14.58,-0.67683,2.8141,-1.8561,14.579,-0.17748,3.2115,0.31631
14.59,-1.6049,0.78251,-1.4442,14.589,-0.24454,1.6429,0.30346
14.6,-0.60997,-1.0136,-1.6449,14.599,-0.31167,0.17588,0.24177
14.61,2.3915,-0.99951,-0.82319,14.609,-0.32748,-0.75231,0.15597
14.62,3.9208,-0.50722,-0.59888,14.619,-0.15075,-0.85552,0.012574
14.63,3.3622,-0.56102,-0.74184,14.629,-0.011635,-0.49891,-0.1139
14.64,3.1853,-0.71221,-0.57318,14.639,-0.016709,-0.25094,-0.14134
14.65,2.1837,-0.92961,0.18273,14.649,0.020597,0.029586,-0.048839
14.66,1.0482,-0.99596,0.89246,14.659,0.083365,0.27966,0.08006
14.67,0.17154,-0.91341,1.1091,14.669,0.16535,0.40403,0.19138
14.68,-0.39751,-0.77364,1.6519,14.679,0.25699,0.56035,0.3135
14.69,-0.59619,-0.56113,2.285,14.689,0.45569,0.77776,0.35441
14.7,-1.8394,-0.52062,0.31594,14.699,0.55046,0.74731,0.40598
14.71,-2.0153,-0.11295,0.47956,14.709,0.14964,0.52981,0.56808
14.72,-1.3742,-0.073122,2.037,14.719,0.12288,0.82631,0.5996
14.73,-2.3574,0.37633,0.94197,14.729,0.33807,1.0693,0.44675
14.74,-3.7845,0.86923,-0.043339,14.739,0.29774,1.0126,0.32717
14.75,-4.2949,0.90647,0.10982,14.749,0.18913,0.96958,0.29056
14.76,-4.7249,0.72988,0.24565,14.759,0.1786,0.99737,0.24913
14.77,-5.3816,0.53014,0.040216,14.769,0.18145,0.95194,0.19164
14.78,-5.676,0.16392,-0.15699,14.779,0.16567,0.74915,0.12518
14.79,-5.8025,-0.14746,-0.42212,14.789,0.16396,0.63499,0.077251
14.8,-5.685,-0.45274,-0.56313,14.799,0.19899,0.42896,0.011041
14.81,-5.4992,-0.6919,-0.63718,14.809,0.2238,0.1969,-0.05096
14.82,-4.1268,-0.9731,-0.38285,14.819,0.28118,-0.13737,-0.082164
14.83,-2.3766,-1.0953,-0.088606,14.829,0.36642,-0.46324,-0.12378
14.84,-1.1539,-1.3137,0.028123,14.839,0.41349,-0.60122,-0.14315
14.85,0.066298,-1.4955,0.18366,14.849,0.45491,-0.69976,-0.14998
14.86,1.5761,-1.6274,0.33214,14.859,0.50744,-0.69489,-0.14737
14.87,2.5939,-1.291,0.10453,14.869,0.55936,-0.57401,-0.14068
14.88,3.1919,-0.86872,0.10214,14.879,0.59725,-0.39272,-0.13451
14.89,3.1788,-0.24243,-0.05461,14.889,0.59099,-0.1342,-0.14537
14.9,2.9798,0.13733,-0.13665,14.899,0.58541,-0.00029189,-0.13673
14.91,2.7885,0.3763,-0.21619,14.909,0.56694,0.13157,-0.11456
14.92,2.7169,0.44816,-0.12779,14.919,0.54318,0.23251,-0.096253
14.93,1.9555,0.58938,-0.20931,14.929,0.53667,0.37073,-0.094238
14.94,1.5135,0.57623,-0.29231,14.939,0.54342,0.41293,-0.091144
14.95,1.1625,0.41688,-0.073615,14.949,0.54734,0.4378,-0.062877
14.96,0.89456,0.42433,-0.01997,14.959,0.55619,0.44183,-0.062795
14.97,0.34382,-0.044423,0.0047092,14.969,0.61549,0.43358,-0.02179
14.98,0.00068787,-0.41314,0.34147,14.979,0.66556,0.41867,0.0059052
14.99,-0.37265,-0.62977,0.0099947,14.989,0.75501,0.37567,0.041734
15,-0.58767,-0.74443,0.28585,14.999,0.7442,0.30022,0.097852
15.01,-0.47942,-0.83654,0.32709,15.009,0.79485,0.25385,0.13829
15.02,-0.54253,-0.70397,-0.013634,15.019,0.82428,0.20988,0.15823
15.03,-0.36744,-0.56909,-0.053638,15.029,0.80353,0.16072,0.18646
15.04,-0.19139,-0.25301,-0.32963,15.039,0.77569,0.12551,0.20685
15.05,-0.0080462,0.062913,-0.4703,15.049,0.70818,0.076721,0.21469
15.06,0.24543,0.30404,-0.43505,15.059,0.64498,0.041504,0.20282
15.07,0.35643,0.46159,-0.41894,15.069,0.60524,0.026151,0.19
15.08,0.52477,0.76083,-0.20766,15.079,0.47765,-0.001273,0.11971
15.09,0.6051,0.88295,0.010651,15.089,0.41245,-0.0099366,0.07901
15.1,0.6587,0.87299,0.28985,15.099,0.33892,-0.023079,0.032598
15.11,0.65512,0.71628,0.49593,15.109,0.29126,-0.039003,0.011369
15.12,0.60349,0.55678,0.45426,15.119,0.25773,-0.039871,0.012432
15.13,0.5374,0.30559,0.25568,15.129,0.22527,-0.021006,0.035402
15.14,0.45678,-0.05869,0.086875,15.139,0.19046,0.0010834,0.067688
15.15,0.43659,-0.29367,0.0089287,15.149,0.17192,0.0084067,0.10436
15.16,0.32159,-0.44259,-0.04036,15.159,0.17292,0.0069806,0.13991
15.17,0.30847,-0.57654,0.061985,15.169,0.17935,-0.012176,0.16646
15.18,0.4848,-0.57598,0.24407,15.179,0.19217,-0.052591,0.18292
15.19,0.48142,-0.50376,0.42537,15.189,0.20901,-0.073817,0.17173
15.2,0.59429,-0.49405,0.55743,15.199,0.20923,-0.081035,0.16596
