0.019,-1.3673,0.31244,-0.73067,0.017,-0.067841,0.07334,-0.026149
0.029,-0.86416,0.10282,-1.2622,0.027,-0.088039,0.14403,-0.026163
0.039,-0.43631,-0.075356,-1.1002,0.037,-0.040019,0.10298,-0.041196
0.049,-0.53321,0.13959,-0.86439,0.047,-0.02436,0.01259,-0.038664
0.059,-0.72165,0.34734,-0.48653,0.057,-0.023965,0.023821,-0.040651
0.069,-0.91294,0.24673,-0.10512,0.067,-0.034606,0.041129,-0.074985
0.079,-1.9963,0.34863,0.71092,0.077,-0.0041072,-0.014932,-0.11709
0.089,-2.3675,0.2425,0.51851,0.087,0.02675,-0.078063,-0.14963
0.099,-2.1394,0.0032873,-0.15593,0.097,0.00041092,-0.10241,-0.15445
0.109,-2.0064,-0.17642,0.00039867,0.107,-0.051925,-0.12431,-0.099489
0.119,-1.5149,-0.23634,0.34484,0.117,-0.057017,-0.19419,-0.044747
0.129,-1.1492,-0.21764,0.52784,0.127,-0.030246,-0.32247,-0.012076
0.139,-0.49029,-0.22031,0.70501,0.137,0.024655,-0.48491,-0.016241
0.149,0.41404,-0.38281,0.8559,0.147,0.057236,-0.50522,-0.070388
0.159,0.77758,-0.61562,0.8336,0.157,0.035188,-0.46497,-0.11906
0.169,0.55551,-0.38336,0.64254,0.167,0.012505,-0.45862,-0.12919
0.179,0.14093,0.1201,0.6284,0.177,0.052612,-0.53925,-0.12688
0.189,-0.001294,0.12268,0.55026,0.187,0.087519,-0.60347,-0.13712
0.199,0.041496,-0.26886,0.28398,0.197,0.08177,-0.58224,-0.1354
0.209,0.1461,-0.72236,-0.33265,0.207,0.04201,-0.53428,-0.1045
0.219,0.024765,-0.83663,-0.44341,0.217,-0.01709,-0.62666,-0.044888
0.229,0.065677,-0.60844,0.077304,0.227,-0.035457,-0.76086,0.0088605
0.239,0.27139,-0.0075083,0.050186,0.237,-0.015898,-0.74876,0.033187
0.249,0.59518,0.6284,0.51051,0.247,0.065752,-0.73351,0.0061615
0.259,0.60028,0.52629,0.93753,0.257,0.12857,-0.75005,-0.060309
0.269,0.35742,0.07392,0.47523,0.267,0.1324,-0.75517,-0.10925
0.279,0.16954,-0.2198,-0.0091058,0.277,0.1032,-0.76216,-0.14106
0.289,-0.27217,-0.32879,-0.0085457,0.287,0.071582,-0.78209,-0.15297
0.299,-0.75606,-0.2517,-0.16748,0.297,0.039112,-0.7865,-0.13728
0.309,-1.1577,-0.058338,-0.15459,0.307,0.036053,-0.80035,-0.10929
0.319,-1.5374,-0.15426,0.61893,0.317,0.083141,-0.90225,-0.082054
0.329,-1.629,-0.18197,1.1971,0.327,0.13447,-1.0121,-0.059152
0.339,-1.3772,-0.067432,1.026,0.337,0.1609,-1.0237,-0.059196
0.349,-1.0733,0.01291,0.82201,0.347,0.18347,-0.98177,-0.095481
0.359,-0.64787,0.19162,-0.39282,0.357,0.16192,-0.88914,-0.13328
0.369,-0.34247,0.47308,-1.2936,0.367,0.1085,-0.83966,-0.13369
0.379,-0.16526,0.42832,-1.2682,0.377,0.050926,-0.87238,-0.10823
0.389,0.00054393,0.13755,-0.68969,0.387,0.0054292,-0.92973,-0.093075
0.399,-0.24011,-0.11423,0.024738,0.397,-0.028993,-0.98492,-0.079442
0.409,-0.57779,-0.28382,0.35031,0.407,-0.041284,-0.99595,-0.047523
0.419,-0.73279,-0.24112,0.49605,0.417,0.0014117,-0.94476,-0.0079249
0.429,-0.52826,-0.057594,0.32364,0.427,0.057065,-0.88648,0.0051407
0.439,-0.30126,0.236,-0.068915,0.437,0.11291,-0.84155,-0.024172
0.449,-0.29524,0.56246,-0.47718,0.447,0.11323,-0.88286,-0.064585
0.459,-0.3812,0.73897,-0.59512,0.457,0.046361,-0.98887,-0.079998
0.469,-0.50122,0.73589,-0.3766,0.467,-0.0082949,-1.0652,-0.072554
0.479,-0.58502,0.46686,-0.08448,0.477,-0.047427,-1.0932,-0.064173
0.489,-0.53981,-0.081192,0.11644,0.487,-0.063937,-1.0707,-0.055198
0.499,-0.46327,-0.5721,0.22973,0.497,-0.040889,-1.0372,-0.041274
0.509,-0.33156,-0.72295,0.15143,0.507,-0.0046499,-1.0099,-0.038566
0.519,-0.058924,-0.51605,-0.074044,0.517,0.039374,-1.0069,-0.047734
0.529,-0.030503,-0.017231,-0.04714,0.527,0.08579,-1.074,-0.055645
0.539,-0.37377,0.52779,0.058537,0.537,0.10075,-1.1831,-0.053919
0.549,-0.80058,0.77538,-0.17252,0.547,0.079902,-1.2629,-0.065268
0.559,-1.1515,0.63956,-0.26941,0.557,0.021068,-1.2807,-0.074334
0.569,-1.4803,0.37914,-0.066279,0.567,-0.032231,-1.3127,-0.047511
0.579,-1.7558,0.063583,0.14931,0.577,-0.065547,-1.3283,-0.011182
0.589,-1.3432,-0.19938,0.033406,0.587,-0.073095,-1.2978,0.0067582
0.599,-0.75427,-0.22134,-0.040062,0.597,-0.032864,-1.3287,-0.0098329
0.609,-0.52293,-0.033428,0.064617,0.607,0.0032263,-1.439,-0.022131
0.619,-0.51233,0.12174,-0.048326,0.617,0.021231,-1.532,-0.037834
0.629,-0.85975,0.028133,-0.43503,0.627,0.03085,-1.5856,-0.053863
0.639,-1.1455,-0.073986,-0.69633,0.637,0.010989,-1.5655,-0.046028
0.649,-1.0182,0.011124,-0.6352,0.647,-0.043604,-1.5355,-0.023455
0.659,-0.78922,0.1898,-0.25352,0.657,-0.10146,-1.5127,-0.0022015
0.669,-0.77438,0.22316,0.34332,0.667,-0.10464,-1.4861,0.011729
0.679,-0.73532,0.17918,0.98288,0.677,-0.06941,-1.5179,0.043323
0.689,-0.56866,0.11997,1.7053,0.687,-0.0052631,-1.6929,0.03975
0.699,-0.39647,-0.24246,1.8275,0.697,0.075288,-1.8209,-0.017088
0.709,-0.58035,-0.57595,0.69081,0.707,0.12285,-1.8387,-0.081159
0.719,-0.98084,-0.6896,-0.67598,0.717,0.083723,-1.8151,-0.095677
0.729,-1.0612,-0.64794,-1.4217,0.727,0.024443,-1.7745,-0.10173
0.739,-0.68858,-0.040811,-1.7336,0.737,-0.073094,-1.6336,-0.070126
0.749,-0.23984,0.34155,-0.81737,0.747,-0.079559,-1.5224,-0.019757
0.759,0.45168,0.95355,-0.12853,0.757,-0.074789,-1.357,0.041994
0.769,0.44109,0.94943,0.34029,0.767,-0.056388,-1.3621,0.044838
0.779,0.036508,0.60364,0.87457,0.777,-0.019561,-1.4977,0.046575
0.789,-0.78329,-0.012233,1.0048,0.787,0.028259,-1.7436,0.048605
0.799,-1.5276,-0.60325,0.54562,0.797,0.058783,-1.8702,0.038621
0.809,-1.5005,-0.89611,-0.4775,0.807,0.060509,-1.9,0.0057519
0.819,-0.98494,-0.73964,-1.1478,0.817,0.031226,-1.8246,-0.016846
0.829,-0.065954,-0.32841,-1.3489,0.827,0.011927,-1.6946,-0.022181
0.839,0.74475,0.07784,-1.0591,0.837,0.018446,-1.613,-0.016562
0.849,1.0073,0.4388,-0.73776,0.847,0.026038,-1.5584,-0.00062247
0.859,0.83491,0.66484,-0.32855,0.857,0.040224,-1.5372,-0.0011925
0.869,0.48737,0.62444,-0.21573,0.867,0.048273,-1.5246,-0.0037784
0.879,0.0049889,0.45568,-0.21348,0.877,0.05786,-1.5672,0.012201
0.889,-0.59234,0.16899,-0.23185,0.887,0.073839,-1.6684,0.029245
0.899,-0.69525,-0.12808,-0.30373,0.897,0.09112,-1.7801,0.033388
0.909,-0.69343,-0.45207,-0.35745,0.907,0.10899,-1.8953,0.032441
0.919,-0.28613,-0.55504,-0.528,0.917,0.11006,-1.9613,0.017527
0.929,0.22383,-0.3529,-0.74318,0.927,0.091048,-1.9821,-0.00036629
0.939,0.44209,-0.078581,-0.93892,0.937,0.066583,-1.9789,-0.0047669
0.949,1.2813,0.57697,-0.58923,0.947,0.030164,-2.0742,0.013266
0.959,0.82066,0.68521,-0.50464,0.957,0.010989,-2.169,0.036702
0.969,0.83054,0.68306,-0.45201,0.967,0.010629,-2.2392,0.052928
0.979,0.78314,0.63386,-0.48304,0.977,0.01738,-2.2937,0.078247
0.989,0.50572,0.39399,-0.64121,0.987,0.03765,-2.3018,0.10992
0.999,0.13327,0.19983,-0.877,0.997,0.056017,-2.2858,0.11745
1.009,-0.43481,-0.09814,-1.0465,1.007,0.079235,-2.2302,0.092115
1.019,-1.0305,-0.36977,-0.92304,1.017,0.11555,-2.1873,0.13211
1.029,-0.48483,-0.31339,-0.71361,1.027,0.14696,-2.1743,0.20443
1.039,0.28925,0.016484,-0.56259,1.037,0.15547,-2.1796,0.25725
1.049,0.77867,0.023322,-0.025908,1.047,0.087522,-2.3263,0.21113
1.059,0.71845,-0.47639,0.35862,1.057,0.027484,-2.6484,0.024004
1.069,-0.046734,-0.25535,0.1087,1.067,0.028059,-2.7524,0.0014452
1.079,-0.81631,-0.24211,-0.26047,1.077,0.027288,-2.9003,0.006583
1.089,-0.76513,-0.25558,-0.10553,1.087,0.054246,-3.0734,0.024193
1.099,-1.0333,-0.12657,0.01081,1.097,0.087941,-3.2353,0.056241
1.109,-0.47714,-0.32236,-0.027811,1.107,0.10659,-3.395,0.02566
1.119,-0.81331,-0.084794,-0.38257,1.117,0.10883,-3.5143,-0.019021
1.129,-0.68545,0.22054,-0.54854,1.127,0.09754,-3.5963,-0.046767
1.139,-0.45241,0.45427,-0.61543,1.137,0.062882,-3.671,-0.048738
1.149,-0.17437,0.47785,-0.65891,1.147,0.038168,-3.7167,-0.060931
1.159,-0.44764,0.30111,-0.79397,1.157,0.077588,-3.673,-0.096421
1.169,-0.75245,0.24143,-1.3244,1.167,0.089597,-3.5925,-0.088527
1.179,-0.77453,0.032784,-1.6653,1.177,0.085576,-3.4963,-0.059959
1.189,-0.66669,-0.042296,-1.7767,1.187,0.080697,-3.3923,-0.038072
1.199,-0.67519,0.044796,-1.6974,1.197,0.050932,-3.318,-0.025035
1.209,-0.71048,0.12472,-1.5789,1.207,0.0131,-3.2811,-0.025566
1.219,-0.74138,0.091856,-1.6925,1.217,-0.0075738,-3.1935,-0.02974
1.229,-0.91543,0.19592,-1.9214,1.227,-0.021046,-3.0637,-0.023744
1.239,-0.94169,0.20555,-1.8097,1.237,-0.030494,-2.9316,-0.0096961
1.249,-0.81094,0.028836,-1.6148,1.247,-0.0063763,-2.7396,0.013749
1.259,-0.71109,-0.13099,-1.6463,1.257,0.025466,-2.5468,0.032486
1.269,-0.55016,-0.17069,-1.555,1.267,0.037627,-2.4073,0.044867
1.279,-0.0090558,-0.20614,-1.3183,1.277,0.030783,-2.2799,0.03164
1.289,-0.12337,0.030078,-1.6535,1.287,0.00037177,-2.1008,0.015618
1.299,-0.32404,0.20198,-1.8535,1.297,-0.032066,-1.902,0.010572
1.309,-0.009462,0.17058,-1.7093,1.307,-0.052809,-1.6842,-0.0030236
1.319,0.14836,0.12742,-1.4588,1.317,-0.056213,-1.4812,-0.0096211
1.329,-0.0052013,0.040559,-1.3739,1.327,-0.049369,-1.346,-0.0015935
1.339,-0.17752,-0.067804,-1.5829,1.337,-0.047809,-1.1425,-0.0028002
1.349,0.19953,-0.08658,-1.5507,1.347,-0.055265,-0.91131,-0.011555
1.359,0.43014,-0.013985,-1.4623,1.357,-0.063511,-0.74502,-0.017593
1.369,0.094486,0.11272,-1.7308,1.367,-0.06789,-0.54711,-0.021948
1.379,-0.097181,0.11941,-1.8276,1.377,-0.061682,-0.27311,-0.019708
1.389,0.058079,-0.025075,-1.5331,1.387,-0.047137,-0.08042,-0.015921
1.399,0.07491,-0.097982,-1.3245,1.397,-0.020861,0.061121,-0.015477
1.409,-0.084859,-0.088602,-1.2418,1.407,0.0042315,0.19732,-0.015125
1.419,-0.25482,-0.057765,-1.2412,1.417,0.017395,0.30134,-0.0097065
1.429,-0.28091,-0.051451,-1.2951,1.427,0.02573,0.41568,-0.0037555
1.439,-0.219,-0.035694,-1.3179,1.437,0.026918,0.53602,-0.002348
1.449,-0.19129,-0.062051,-1.3378,1.447,0.023965,0.67842,-0.004431
1.459,-0.25485,-0.088813,-1.3468,1.457,0.022745,0.81727,-0.0068686
1.469,-0.29357,-0.084408,-1.4094,1.467,0.026384,0.93653,-0.0070095
1.479,-0.29286,-0.13128,-1.4501,1.477,0.036171,1.0627,-0.0069133
1.489,-0.32124,-0.13357,-1.4493,1.487,0.051211,1.2151,-0.0071857
1.499,-0.32295,-0.12102,-1.4608,1.497,0.068367,1.3643,-0.0061555
1.509,-0.32574,-0.13332,-1.4591,1.507,0.083954,1.5119,-0.0095381
1.519,-0.43491,-0.11581,-1.3499,1.517,0.08934,1.6367,-0.020224
1.529,-0.39894,-0.019562,-1.3601,1.527,0.09419,1.7676,-0.028338
1.539,-0.27599,0.047524,-1.443,1.537,0.10577,1.9545,-0.039333
1.549,-0.33312,-0.032853,-1.3113,1.547,0.10676,2.0581,-0.049122
1.559,-0.33855,-0.031824,-1.2316,1.557,0.10432,2.16,-0.06055
1.569,-0.38756,-0.0078271,-1.153,1.567,0.10137,2.2305,-0.067173
1.579,-0.45354,-0.0072862,-1.1759,1.577,0.10125,2.3316,-0.079705
1.589,-0.46707,-0.082587,-1.2975,1.587,0.10072,2.4348,-0.097881
1.599,-0.49299,-0.099874,-1.3696,1.597,0.10139,2.5384,-0.10987
1.609,-0.66955,-0.020633,-1.1901,1.607,0.10762,2.6269,-0.10353
1.619,-0.8492,-0.026473,-0.86333,1.617,0.13072,2.6806,-0.086945
1.629,-0.92651,0.018244,-0.58145,1.627,0.15692,2.6884,-0.065953
1.639,-0.70918,-0.11191,-0.34018,1.637,0.17569,2.6547,-0.060034
1.649,-0.59876,-0.28568,-0.47093,1.647,0.16976,2.6003,-0.095754
1.659,-0.74323,-0.11023,-0.80145,1.657,0.14606,2.5984,-0.12079
1.669,-0.66723,0.068778,-0.97232,1.667,0.13243,2.6566,-0.12415
1.679,-0.49796,0.11508,-1.1086,1.677,0.11273,2.8219,-0.12941
1.689,-0.2041,0.023018,-0.98864,1.687,0.10092,2.93,-0.13441
1.699,0.1079,-0.14824,-0.62293,1.697,0.10146,2.9804,-0.143
1.709,0.11063,-0.21241,-0.42253,1.707,0.10686,2.9741,-0.15185
1.719,-0.049547,-0.14224,-0.30463,1.717,0.098579,2.9305,-0.16435
1.729,-0.011381,-0.03901,-0.31452,1.727,0.083521,2.8803,-0.18708
1.739,0.016627,-0.030084,-0.22531,1.737,0.10156,2.8592,-0.20429
1.749,-0.24485,-0.085702,-0.12278,1.747,0.12191,2.8767,-0.20749
1.759,-0.54162,-0.22058,0.053058,1.757,0.13866,2.87,-0.20005
1.769,-0.43975,-0.20339,-0.013637,1.767,0.13562,2.8185,-0.20724
1.779,-0.36118,-0.1134,-0.18564,1.777,0.12908,2.7738,-0.21342
1.789,-0.2305,-0.027088,-0.31593,1.787,0.12401,2.7829,-0.22438
1.799,-0.0082381,0.17363,-0.55483,1.797,0.082071,2.7325,-0.22665
1.809,0.19091,0.40368,-0.66283,1.807,0.025057,2.6804,-0.2139
1.819,0.43255,0.53395,-0.50158,1.817,-0.010324,2.6363,-0.21811
1.829,0.40922,0.52709,-0.16203,1.827,-0.0231,2.614,-0.23281
1.839,0.24151,0.36187,0.063293,1.837,-0.038162,2.5896,-0.23442
1.849,0.058213,0.14979,0.09185,1.847,-0.049067,2.4717,-0.21872
1.859,0.03253,-0.089445,-0.29512,1.857,-0.073246,2.1335,-0.18762
1.869,-0.017603,-0.1253,-0.67466,1.867,-0.098584,1.9828,-0.17553
1.879,-0.2762,0.029803,-0.79245,1.877,-0.11471,1.8875,-0.15292
1.889,-0.48353,0.33221,-0.64965,1.887,-0.11045,1.863,-0.11457
1.899,-0.52929,0.59586,-0.59301,1.897,-0.11571,1.8418,-0.084559
1.909,-0.2721,0.87121,-0.28148,1.907,-0.14159,1.7605,-0.067469
1.919,-0.13857,0.91743,-0.21673,1.917,-0.18912,1.6637,-0.048934
1.929,-0.24726,0.76356,-0.34853,1.927,-0.21933,1.6163,-0.015738
1.939,-0.29523,0.41366,-0.65495,1.937,-0.22457,1.6129,0.028274
1.949,-0.30209,0.065434,-0.88172,1.947,-0.1991,1.6359,0.037797
1.959,-0.43805,-0.31418,-0.87502,1.957,-0.16904,1.6084,0.021788
1.969,-0.73374,-0.43826,-0.61296,1.967,-0.15962,1.5684,0.015375
1.979,-0.88685,-0.32652,-0.37639,1.977,-0.15997,1.5595,0.018491
1.989,-0.95028,-0.049426,-0.20239,1.987,-0.16414,1.5697,0.023744
1.999,-0.97245,0.19599,0.10145,1.997,-0.17176,1.5357,0.019196
2.009,-0.85488,0.20869,0.25287,2.007,-0.17518,1.4795,0.0020723
2.019,-0.60667,0.065166,0.20811,2.017,-0.15188,1.4511,-0.0060611
2.029,-0.34207,-0.19933,0.25524,2.027,-0.10104,1.4286,-0.00011649
2.039,-0.10078,-0.32682,0.11623,2.037,-0.053666,1.4547,0.0018275
2.049,-0.015303,-0.17979,-0.11958,2.047,-0.042251,1.5054,-6.2769e-05
2.059,0.085737,0.064616,-0.37336,2.057,-0.077428,1.5413,-0.0027131
2.069,-0.07205,0.16492,-0.31789,2.067,-0.09646,1.5555,-0.0032124
2.079,-0.21835,0.21812,-0.40041,2.077,-0.11637,1.5829,9.6264e-05
2.089,-0.32843,0.31217,-0.4682,2.087,-0.13663,1.5942,0.0099847
2.099,-0.40899,0.3445,-0.36254,2.097,-0.14874,1.5851,0.017788
2.109,-0.39618,0.17244,-0.17969,2.107,-0.13759,1.5764,0.0078082
2.119,-0.43268,-0.1936,-0.090244,2.117,-0.11345,1.5804,-0.016843
2.129,-0.67767,-0.32814,-0.072613,2.127,-0.08724,1.5669,-0.053699
2.139,-1.1391,-0.26758,0.010843,2.137,-0.070329,1.5229,-0.072127
2.149,-1.5722,-0.1073,0.22483,2.147,-0.05892,1.4576,-0.046181
2.159,-1.5438,0.064016,0.43691,2.157,-0.058134,1.4007,-0.0071575
2.169,-1.0219,0.17043,0.45559,2.167,-0.050582,1.3936,0.017849
2.179,-0.12151,-0.093189,0.25541,2.177,0.00062202,1.4133,0.018646
2.189,0.66185,-0.55001,-0.24996,2.187,0.09904,1.4333,0.0072783
2.199,1.2687,-0.89799,-0.81462,2.197,0.16293,1.4542,0.0043686
2.209,1.3934,-0.97121,-1.0718,2.207,0.16584,1.4942,-0.0043542
2.219,0.79526,-0.5158,-0.88138,2.217,0.14459,1.5442,-0.015044
2.229,-0.13671,0.22574,-0.43615,2.227,0.1271,1.5745,-0.02419
2.239,-1.1807,0.87374,0.041569,2.237,0.094188,1.5656,-0.026606
2.249,-1.7419,1.028,0.40715,2.247,0.0271,1.5039,-0.019649
2.259,-1.6757,0.68258,0.41118,2.257,-0.028506,1.4029,-0.019508
2.269,-1.2898,0.15645,0.26166,2.267,-0.044724,1.2872,-0.015749
2.279,-0.72564,-0.32756,-0.25142,2.277,-0.038831,1.1736,0.0026076
2.289,-0.085961,-0.58408,-0.68456,2.287,0.0029779,1.1587,-0.0033168
2.299,0.34189,-0.79678,-0.41631,2.297,0.081814,1.2353,-0.044297
2.309,0.0072627,-0.63931,0.086647,2.307,0.11677,1.3159,-0.066066
2.319,-0.39227,-0.35915,0.13972,2.317,0.10258,1.3607,-0.06311
2.329,-0.88969,0.068291,0.20656,2.327,0.039592,1.383,-0.043764
2.339,-1.4528,0.53244,0.72874,2.337,-0.059134,1.4238,-0.017711
2.349,-1.1519,0.46332,0.59135,2.347,-0.068018,1.3771,-0.021785
2.359,-0.78203,0.34851,0.17291,2.357,-0.068051,1.2534,-0.02518
2.369,-0.50247,0.29514,0.055968,2.367,-0.052439,1.1179,-0.019067
2.379,-0.29469,0.23579,-0.88134,2.377,-0.058445,1.1325,-0.0070141
2.389,-0.14228,0.24968,-1.5103,2.387,-0.080972,1.2603,-0.015159
2.399,-0.31816,0.34276,-0.9916,2.397,-0.1081,1.3208,-0.057561
2.409,-0.8747,0.48615,-0.23354,2.407,-0.15022,1.2833,-0.089321
2.419,-1.5743,0.51981,0.53793,2.417,-0.19327,1.1968,-0.073812
2.429,-2.0551,0.43107,0.99412,2.427,-0.2213,1.1093,-0.044121
2.439,-2.1609,0.13271,0.9714,2.437,-0.18928,1.0747,0.018592
2.449,-1.298,-0.40519,0.71881,2.447,-0.11429,0.94461,0.10296
2.459,0.53119,-0.65425,-0.28773,2.457,-0.11129,0.80994,0.079903
2.469,2.6566,-0.71574,-1.3793,2.467,-0.05102,0.98468,0.016561
2.479,3.8481,-0.52349,-2.1797,2.477,-0.0066215,1.1849,-0.060123
2.489,2.3043,0.042699,-2.1826,2.487,-0.033187,1.2452,-0.076261
2.499,-0.69008,0.75932,-0.21505,2.497,-0.078106,1.1452,-0.045233
2.509,-2.4655,1.2634,1.8678,2.507,-0.10361,0.9209,-0.0060864
2.519,-2.8741,1.2457,1.7883,2.517,-0.15982,0.70371,0.026509
2.529,-2.4844,0.81778,0.54205,2.527,-0.27215,0.65318,0.053563
2.539,-1.7028,0.092488,-0.8949,2.537,-0.37888,0.7834,0.11902
2.549,0.39882,-0.78052,-1.7211,2.547,-0.30588,1.0227,0.14439
2.559,2.9721,-1.2191,-1.4102,2.557,-0.11484,1.0584,0.069079
2.569,3.9958,-0.9624,-1.0157,2.567,-0.023036,1.0103,0.010958
2.579,2.1473,-0.095915,-0.16288,2.577,0.024428,1.042,-0.023478
2.589,-0.59165,0.72963,1.5066,2.587,0.011003,0.96525,-0.032535
2.599,-1.8309,0.99999,2.4814,2.597,-0.026972,0.74525,-0.025323
2.609,-2.8163,1.0508,1.7517,2.607,-0.10332,0.69301,-0.0030649
2.619,-2.603,0.57712,-0.095147,2.617,-0.21539,0.89362,0.048156
2.629,-1.5525,-0.21034,-0.84859,2.627,-0.24989,1.0341,0.088769
2.639,-0.031765,-0.687,-1.3538,2.637,-0.2468,0.99692,0.098487
2.649,0.90185,-0.74697,-2.051,2.647,-0.25288,0.91694,0.066362
2.659,1.1216,-0.52677,-0.52773,2.657,-0.16251,0.83023,0.024618
2.669,0.57565,-0.15643,1.5599,2.667,-0.049943,0.76516,0.0073112
2.679,-0.16337,0.17492,2.8234,2.677,0.02478,0.71819,0.018218
2.689,-0.98343,0.23599,2.786,2.687,0.022684,0.68113,0.047899
2.699,-1.5937,0.077946,1.0552,2.697,-0.061449,0.75404,0.055876
2.709,-2.0432,-0.14177,-0.56113,2.707,-0.21059,0.84779,0.075051
2.719,-1.8759,-0.21113,-0.35054,2.717,-0.27131,0.84566,0.075051
2.729,-1.3407,-0.14938,0.71376,2.727,-0.25556,0.60187,0.065084
2.739,-1.1511,-0.011134,2.4436,2.737,-0.24148,0.22887,0.075051
2.749,-1.7608,0.26041,3.9982,2.747,-0.201,-0.22813,0.10701
2.759,-3.0712,0.22795,4.5028,2.757,-0.1408,-0.56095,0.133
2.769,-3.9328,-0.14729,3.6038,2.767,-0.1799,-0.57206,0.1205
2.779,-4.215,-0.58968,1.3427,2.777,-0.2873,-0.52982,0.10597
2.789,-3.417,-0.6709,-1.4424,2.787,-0.4089,-0.41098,0.075902
2.799,-1.8358,-0.47808,-2.9584,2.797,-0.44281,-0.42414,0.039897
2.809,0.1076,-0.17643,-2.2764,2.807,-0.34907,-0.56688,-0.0016478
2.819,1.4361,-0.14278,-2.0714,2.817,-0.23296,-0.54025,-0.046389
2.829,2.7638,-0.16338,-0.97269,2.827,-0.14987,-0.4561,-0.060237
2.839,3.3259,-0.32563,-0.36309,2.837,-0.079559,-0.21322,-0.022953
2.849,3.151,-0.51866,-0.30177,2.847,-0.029396,0.053449,0.013651
2.859,2.1162,-0.5552,-0.37049,2.857,0.0056625,0.21289,0.013266
2.869,0.8792,-0.52268,-0.37802,2.867,0.018065,0.24348,-0.0052131
2.879,0.1803,-0.50399,-0.05715,2.877,0.015227,0.17124,-0.019539
2.889,-0.33323,-0.3988,0.65393,2.887,-0.0017943,-0.0086852,-0.011235
2.899,-0.52633,-0.2495,0.67547,2.897,-0.027027,-0.093027,0.0050958
2.909,-0.4632,-0.26962,0.65031,2.907,-0.044739,-0.13383,0.034237
2.919,-0.27874,-0.21317,0.56603,2.917,-0.047072,-0.15956,0.045607
2.929,-0.2709,-0.15733,0.43151,2.927,-0.032219,-0.16437,0.053042
2.939,-0.18747,-0.070027,0.2502,2.937,-0.0061006,-0.15304,0.06787
2.949,0.21389,-0.10763,-0.068361,2.947,0.0073531,-0.13883,0.064097
2.959,0.48947,-0.20777,-0.095097,2.957,0.013154,-0.14605,0.048642
2.969,0.65763,-0.073302,0.1021,2.967,0.0018366,-0.19719,0.041852
2.979,0.67833,0.10085,0.019112,2.977,-0.035643,-0.24017,0.046101
2.989,0.65422,0.16113,-0.12243,2.987,-0.06346,-0.20761,0.052098
2.999,0.40959,0.23962,-0.39366,2.997,-0.064798,-0.11556,0.060973
3.009,0.27374,0.11928,-0.56294,3.007,-0.050144,-0.044314,0.052294
3.019,0.12754,0.070834,-0.48203,3.017,-0.031045,-0.022786,0.033123
3.029,-0.069068,0.14831,-0.1695,3.027,-0.022227,-0.033398,0.027882
3.039,-0.29103,0.28706,0.12443,3.037,-0.051492,-0.057762,0.047654
3.049,-0.36681,0.40301,0.5281,3.047,-0.088986,-0.10137,0.069828
3.059,-0.36655,0.39794,0.61521,3.057,-0.086906,-0.11183,0.097259
3.069,-0.26974,0.24655,0.42977,3.067,-0.058713,-0.083065,0.1014
3.079,0.19886,-0.22946,0.19494,3.077,0.0075899,-0.074019,0.051556
3.089,0.19289,-0.39653,-0.14066,3.087,0.085191,-0.036663,-0.0057793
3.099,0.14802,-0.24145,-0.2268,3.097,0.10787,-0.018148,-0.011017
3.109,0.14897,0.14439,-0.24669,3.107,0.08748,-0.029105,0.014709
3.119,0.16227,0.43668,-0.1187,3.117,0.036389,-0.043715,0.044464
3.129,0.2029,0.51354,0.049942,3.127,-0.019467,-0.047399,0.062128
3.139,0.18437,0.36699,0.10236,3.137,-0.051416,-0.032126,0.057629
3.149,0.13813,-0.039051,0.079716,3.147,-0.040263,-0.016461,0.028352
3.159,0.034044,-0.29366,0.099205,3.157,-0.0057405,-0.016853,0.0039717
3.169,-0.083767,-0.27351,0.039596,3.167,0.025709,-0.02441,-0.0015581
3.179,-0.18783,-0.086529,-0.070465,3.177,0.040759,-0.014538,0.011881
3.189,-0.1593,0.18973,-0.064419,3.187,0.030332,0.0029409,0.033457
3.199,-0.15643,0.35,0.077897,3.197,0.0040664,0.01139,0.044163
3.209,-0.28791,0.21616,0.27951,3.207,-0.019713,0.0163,0.034928
3.219,-0.45531,0.0057613,0.3241,3.217,-0.016478,0.028397,0.018773
3.229,-0.54075,-0.11557,0.30676,3.227,0.0090758,0.020534,0.013118
3.239,-0.58193,-0.10207,0.38911,3.237,0.021175,-0.037504,0.017326
3.249,-0.54877,0.11539,0.34628,3.247,0.0083128,-0.078414,0.032146
3.259,-0.2472,0.26688,0.091961,3.257,-0.0059426,-0.057119,0.04586
3.269,-0.26509,0.2964,-0.31436,3.267,-0.0082167,0.047317,0.053917
3.279,-0.1957,0.29851,-0.43379,3.277,-0.0086069,0.14202,0.054866
3.289,0.18427,0.04857,-0.27578,3.287,0.049199,0.23233,0.038116
3.299,0.37353,-0.28311,-0.3086,3.297,0.17152,0.42864,0.0181
3.309,0.39206,-0.34388,-0.35727,3.307,0.22182,0.59239,0.021214
3.319,0.52269,-0.24599,0.01034,3.317,0.21752,0.63337,0.042103
3.329,0.48563,0.085973,0.78454,3.327,0.14807,0.52795,0.07567
3.339,-0.019917,0.32012,0.82455,3.337,0.033335,0.44964,0.092389
3.349,-0.32913,0.18309,0.060088,3.347,-0.076803,0.46868,0.058967
3.359,-0.10258,-0.11802,-0.56982,3.357,-0.065899,0.48705,-0.0089663
3.369,0.22951,-0.43868,-0.57341,3.367,-0.0096675,0.45564,-0.049596
3.379,0.53983,-0.64127,0.27755,3.377,0.023179,0.3388,-0.083715
3.389,0.50866,-0.6313,1.3425,3.387,-0.0091013,0.11851,-0.10811
3.399,0.32853,-0.43432,1.5762,3.397,-0.098498,-0.097486,-0.095715
3.409,0.34086,-0.23206,0.84118,3.407,-0.096245,-0.16197,-0.059618
3.419,0.34342,-0.18507,0.12036,3.417,0.025733,-0.13,-0.03237
3.429,0.3222,-0.19705,0.23093,3.427,0.14162,-0.072416,-0.037279
3.439,0.24121,-0.036738,0.51335,3.437,0.15421,-0.047348,-0.045882
3.449,0.49039,0.72638,-0.64272,3.447,0.081528,0.06472,-0.03805
3.459,1.0252,1.1151,-1.76,3.457,0.059174,0.26543,-0.04616
3.469,0.63583,0.68171,-0.94812,3.467,0.054075,0.23831,-0.10709
3.479,-0.67474,0.34805,0.58386,3.477,0.0045588,0.040487,-0.17912
3.489,-1.8173,0.20651,1.1034,3.487,-0.077658,-0.036922,-0.1838
3.499,-2.7833,-0.035065,0.1878,3.497,-0.14166,0.06833,-0.13749
3.509,-3.3115,-0.36086,-0.60853,3.507,-0.11291,0.11885,-0.068679
3.519,-3.2053,-0.40596,-0.28383,3.517,0.0013649,-0.047782,-0.036608
3.529,-2.8172,-0.2703,-0.32366,3.527,0.0932,-0.21709,-0.043311
3.539,-1.9198,-0.49201,-0.64348,3.537,0.15194,-0.39891,-0.12427
3.549,-1.2136,-0.58128,-0.44568,3.547,0.13543,-0.47531,-0.18997
3.559,-1.4406,-0.010956,0.73589,3.557,0.12933,-0.56943,-0.15379
3.569,-1.5265,0.11023,1.7965,3.567,0.17279,-0.65995,-0.088071
3.579,-0.74635,-0.25517,2.2429,3.577,0.20061,-0.72348,-0.07302
3.589,0.085113,-0.38936,1.7202,3.587,0.14844,-0.7601,-0.07294
3.599,0.70132,-0.32471,0.97625,3.597,0.10058,-0.69677,-0.05055
3.609,1.1448,-0.55868,0.37232,3.607,0.085912,-0.71513,-0.018814
3.619,0.99792,-0.38771,0.2933,3.617,0.092231,-0.89425,0.04422
3.629,0.85414,0.21765,0.86034,3.627,0.14415,-1.01,0.061203
3.639,0.7111,0.52409,0.9954,3.637,0.21854,-1.1093,0.0059143
3.649,0.60261,0.4274,0.6485,3.647,0.216,-1.1236,-0.063805
3.659,0.50814,0.044847,-0.41758,3.657,0.13402,-1.0557,-0.092392
3.669,0.41977,-0.10107,-1.0447,3.667,0.033359,-1.0558,-0.069825
3.679,0.37747,-0.32658,-1.3009,3.677,-0.053315,-1.0915,-0.021438
3.689,0.50729,-0.32673,-0.83407,3.687,-0.0039248,-1.1304,0.012201
3.699,0.42386,-0.22889,-0.094291,3.697,0.13088,-1.1807,0.012976
3.709,-0.1297,-0.017708,0.28041,3.707,0.18205,-1.2253,-0.0037527
3.719,-1.0513,0.38064,0.49676,3.717,0.15329,-1.282,0.0038673
3.729,-1.7344,0.64146,0.54658,3.727,0.1058,-1.3179,0.03031
3.739,-1.7899,0.68811,1.0801,3.737,0.090635,-1.3639,0.027889
3.749,-1.5388,0.55474,1.0157,3.747,0.098663,-1.3396,-0.0016374
3.759,-0.97814,0.21695,-0.54792,3.757,0.041344,-1.1389,-0.053684
3.769,-0.88091,-0.059784,-1.1008,3.767,-0.034817,-1.0782,-0.038932
3.779,-1.0206,-0.1324,-0.99153,3.777,-0.11073,-1.0696,0.010951
3.789,-1.0066,0.15061,-0.53737,3.787,-0.12217,-1.1016,0.036702
3.799,-1.0034,0.49441,0.094002,3.797,-0.051609,-1.1608,0.019473
3.809,-1.1233,0.69721,0.80116,3.807,0.038822,-1.2539,-0.017014
3.819,-1.1803,0.74734,1.0737,3.817,0.085671,-1.3114,-0.078843
3.829,-0.73973,0.29953,0.21113,3.827,0.040983,-1.2293,-0.14024
3.839,-0.71355,-0.23001,-0.4881,3.837,-0.064144,-1.156,-0.1546
3.849,-0.87655,-0.5148,-0.69351,3.847,-0.17151,-1.1637,-0.10459
3.859,-0.9002,-0.48686,-0.13263,3.857,-0.16904,-1.319,-0.019757
3.869,-0.60987,-0.32792,0.33519,3.867,-0.053367,-1.4543,0.0040137
3.879,-0.42011,-0.27373,0.76687,3.877,0.085222,-1.5666,-0.0099983
3.889,-0.44527,-0.3499,0.50172,3.887,0.17213,-1.6316,-0.054144
3.899,-0.66731,-0.21313,-0.16988,3.897,0.14634,-1.6277,-0.097537
3.909,-0.94028,-0.065136,-0.19211,3.907,0.047517,-1.6915,-0.11924
3.919,-1.0978,0.047154,-0.010228,3.917,-0.0077566,-1.7641,-0.11069
3.929,-1.3613,0.26793,-0.15427,3.927,-0.0239,-1.8283,-0.066314
3.939,-1.2053,0.29528,-0.36367,3.937,-0.027597,-1.9154,-0.0216
3.949,-1.1561,0.11454,-0.50188,3.947,-0.032292,-1.9649,0.0092797
3.959,-0.84526,-0.10219,-0.47427,3.957,-0.016708,-1.9847,0.020723
3.969,-0.6855,-0.26918,-0.042828,3.967,-0.00018019,-2.0294,0.002668
3.979,-0.88563,-0.37173,0.46499,3.977,0.012238,-2.049,-0.021368
3.989,-1.2054,-0.30395,0.55081,3.987,0.018496,-1.9781,-0.023731
3.999,-1.2387,0.047569,0.62707,3.997,0.014745,-1.8976,-0.011462
4.009,-1.1578,0.16363,0.5177,4.007,0.0041316,-1.8593,0.0095594
4.019,-1.0999,0.35478,0.10409,4.017,-0.011231,-1.8921,0.01939
4.029,-1.0388,0.44743,-0.021599,4.027,-0.02667,-1.9928,0.0083115
4.039,-1.0202,0.31008,-0.3266,4.037,-0.037355,-2.0399,-0.032471
4.049,-1.1277,0.047164,-0.67724,4.047,-0.047032,-1.9563,-0.063982
4.059,-1.3324,-0.43881,-0.42657,4.057,-0.045361,-1.8363,-0.061288
4.069,-0.98372,-0.43679,-0.17506,4.067,-0.021695,-1.7569,-0.062557
4.079,-0.23463,-0.25679,0.093381,4.077,0.0082837,-1.7057,-0.059005
4.089,0.040492,-0.29268,0.2579,4.087,0.034075,-1.6924,-0.035693
4.099,0.18723,-0.22644,0.56883,4.097,0.033989,-1.7322,-0.019727
4.109,-0.00025602,-0.114,0.65405,4.107,0.011727,-1.7939,-0.023342
4.119,-0.53455,-0.082616,0.35954,4.117,-0.0090172,-1.8549,-0.030403
4.129,-1.0806,0.15799,-0.47804,4.127,-0.019473,-1.8677,-0.040665
4.139,-1.3173,0.36937,-1.3117,4.137,-0.020004,-1.7643,-0.044369
4.149,-1.0337,0.46527,-1.6252,4.147,0.0036191,-1.6615,-0.034327
4.159,-0.42027,0.35713,-1.5091,4.157,0.053069,-1.6539,-0.011947
4.169,0.25208,0.24975,-1.2889,4.167,0.093916,-1.7279,0.015693
4.179,0.6324,0.07607,-0.85602,4.177,0.11206,-1.7964,0.020987
4.189,0.74693,-0.1377,-0.47618,4.187,0.128,-1.8227,0.0046075
4.199,1.0643,-0.14778,-0.20269,4.197,0.15082,-1.9073,-0.023991
4.209,1.2598,-0.069534,-0.28689,4.207,0.15858,-2.0018,-0.066124
4.219,1.1132,0.19962,-0.82882,4.217,0.10306,-2.1057,-0.084619
4.229,1.1111,0.43863,-1.1036,4.227,0.031798,-2.2129,-0.069096
4.239,0.97004,0.57194,-1.1692,4.237,-0.026863,-2.3964,-0.044055
4.249,0.8882,0.5921,-1.3493,4.247,-0.049533,-2.5634,-0.034745
4.259,0.88715,0.51151,-1.4061,4.257,-0.029118,-2.6053,-0.01358
4.269,0.77096,0.3144,-1.4208,4.267,-0.0082173,-2.6315,0.020887
4.279,0.53869,0.1396,-1.2795,4.277,0.0095559,-2.6992,0.052574
4.289,-0.30495,0.036171,-1.2641,4.287,0.01121,-2.7751,0.078855
4.299,-0.75349,0.076501,-1.14,4.297,0.0063147,-2.8151,0.054874
4.309,-0.0013492,-0.24286,-0.7355,4.307,0.034688,-2.8277,-0.058127
4.319,0.85886,-0.32667,-0.54523,4.317,0.045816,-2.8772,-0.14651
4.329,0.51114,0.15535,-0.46905,4.327,0.0067127,-2.986,-0.12757
4.339,-0.18744,0.56589,-0.50001,4.337,0.018249,-2.9603,-0.028411
4.349,-0.66895,0.97747,-0.82401,4.347,0.069163,-2.8443,0.1263
4.359,-1.0937,0.53471,-0.57042,4.357,0.043167,-2.8986,0.17234
4.369,-1.0548,-0.53201,0.19769,4.367,0.025064,-3.0742,0.070954
4.379,-0.87183,-0.40194,0.39708,4.377,0.087515,-3.1923,-0.029673
4.389,-0.60728,0.26744,0.13656,4.387,0.10475,-3.2705,-0.080635
4.399,-0.45767,0.33951,0.30865,4.397,0.10473,-3.3802,-0.11563
4.409,-0.43948,0.20992,0.2203,4.407,0.11871,-3.7314,-0.12836
4.419,-0.35413,-0.092449,-0.29697,4.417,0.089885,-3.8154,-0.14288
4.429,-0.78614,-0.20055,-0.81577,4.427,0.051056,-3.8647,-0.15554
4.439,-1.4147,-0.039532,-1.6054,4.437,0.033493,-3.7615,-0.1202
4.449,-1.5461,-0.056956,-2.0397,4.447,0.03209,-3.5169,-0.067369
4.459,-1.0821,-0.25911,-1.8455,4.457,0.059874,-3.2935,-0.0384
4.469,-0.48745,-0.33504,-1.6357,4.467,0.089146,-3.2478,-0.040281
4.479,-0.47239,-0.095079,-1.5942,4.477,0.10894,-3.217,-0.022268
4.489,-0.9429,0.07811,-1.5787,4.487,0.1041,-3.2765,0.0026791
4.499,-1.2359,0.037694,-1.7807,4.497,0.079262,-3.2973,0.017656
4.509,-1.2271,0.07125,-1.948,4.507,0.048995,-3.2491,0.018698
4.519,-1.1587,0.068871,-2.0997,4.517,0.019807,-3.1668,0.0070942
4.529,-0.98219,0.11735,-1.8884,4.527,-0.013214,-3.0609,0.0087146
4.539,-0.62242,0.041456,-1.4927,4.537,-0.012447,-3.0021,0.016462
4.549,-0.41153,-0.25391,-1.4984,4.547,-0.025145,-2.8865,0.0043141
4.559,-0.53711,-0.37966,-1.495,4.557,-0.016427,-2.7554,0.0018488
4.569,-0.35019,-0.32285,-1.3407,4.567,-0.013142,-2.6591,0.0093317
4.579,0.21083,-0.19396,-1.1454,4.577,-0.027361,-2.5696,0.0079395
4.589,-0.19217,-0.0195,-1.3229,4.587,-0.035883,-2.4258,0.012201
4.599,-0.40715,0.069458,-1.4996,4.597,-0.041378,-2.2051,0.021061
4.609,0.055856,0.048375,-1.2895,4.607,-0.041491,-2.0417,0.013939
4.619,0.53525,-0.058468,-1.2082,4.617,-0.051247,-1.8603,-0.0017853
4.629,0.2603,-0.01687,-1.4838,4.627,-0.06749,-1.5818,-0.0075066
4.639,-0.11906,0.04091,-1.7399,4.637,-0.076363,-1.3339,-0.0069741
4.649,0.21112,0.023126,-1.5937,4.647,-0.07266,-1.0452,-0.0051843
4.659,0.17645,0.031474,-1.5969,4.657,-0.051464,-0.78772,-0.012093
4.669,0.040658,0.079215,-1.8201,4.667,-0.043244,-0.62348,-0.019555
4.679,-0.14515,0.15275,-2.0023,4.677,-0.048983,-0.35698,-0.035432
4.689,-0.12092,0.17245,-2.06,4.687,-0.054969,-0.20821,-0.04534
4.699,-0.12176,0.091804,-1.9146,4.697,-0.061449,0.15963,-0.063433
4.709,-0.25224,0.029522,-1.6031,4.707,-0.051862,0.3322,-0.063433
4.719,-0.35962,-0.013441,-1.3174,4.717,-0.032773,0.45295,-0.057627
4.729,-0.40696,0.004466,-1.2257,4.727,-0.010316,0.59852,-0.051715
4.739,-0.43951,0.049039,-1.3088,4.737,0.0053909,0.733,-0.047114
4.749,-0.43296,0.12787,-1.4396,4.747,0.016315,0.92236,-0.037867
4.759,-0.41282,0.16663,-1.6102,4.757,0.014646,1.133,-0.033425
4.769,-0.37644,0.27309,-1.6809,4.767,0.0073673,1.298,-0.032649
4.779,-0.36438,0.27958,-1.6951,4.777,0.0035537,1.4765,-0.030783
4.789,-0.4615,0.17913,-1.6337,4.787,0.005757,1.6693,-0.030071
4.799,-0.55313,0.066976,-1.5331,4.797,0.011416,1.8607,-0.032479
4.809,-0.56078,0.010102,-1.4424,4.807,0.019239,2.0162,-0.029488
4.819,-0.59698,-0.013015,-1.5043,4.817,0.034905,2.1862,-0.024221
4.829,-0.63901,-0.078778,-1.4717,4.827,0.053089,2.3693,-0.028325
4.839,-0.54432,-0.17262,-1.6209,4.837,0.065082,2.5398,-0.04072
4.849,-0.51709,-0.077224,-1.6568,4.847,0.068412,2.7039,-0.050554
4.859,-0.56887,0.075852,-1.4827,4.857,0.068513,2.8718,-0.053846
4.869,-0.57861,0.11404,-1.255,4.867,0.067368,2.9533,-0.054318
4.879,-0.58529,0.11611,-1.0518,4.877,0.068673,3.0095,-0.060431
4.889,-0.66209,0.074575,-0.82075,4.887,0.064782,3.0185,-0.070144
4.899,-1.0291,0.091395,-0.72246,4.897,0.062502,2.9944,-0.073417
4.909,-1.4416,0.066577,-0.69063,4.907,0.069772,2.9738,-0.068399
4.919,-1.2133,0.0053391,-0.79029,4.917,0.078117,2.9931,-0.056707
4.929,-1.0191,-0.047371,-0.8283,4.927,0.078554,3.0505,-0.038179
4.939,-0.90631,-0.023045,-0.73483,4.937,0.077544,3.0915,-0.024347
4.949,-0.87953,0.010815,-0.6316,4.947,0.081341,3.1213,-0.01301
4.959,-0.76669,-0.036852,-0.4435,4.957,0.088709,3.1143,-0.019918
4.969,-0.60339,-0.13795,-0.43315,4.967,0.090519,3.1247,-0.032627
4.979,-0.52525,-0.082131,-0.37091,4.977,0.084219,3.134,-0.043351
4.989,-0.60635,-0.012963,-0.3966,4.987,0.073489,3.1478,-0.060273
4.999,-0.52221,0.056953,-0.37042,4.997,0.060907,3.1664,-0.086569
5.009,-0.37438,0.090899,-0.32628,5.007,0.052929,3.1688,-0.1114
5.019,-0.22994,0.072869,-0.34869,5.017,0.044791,3.1408,-0.13293
5.029,-0.22279,0.082302,-0.41072,5.027,0.036504,3.1118,-0.15146
5.039,-0.22981,0.094679,-0.40185,5.037,0.037051,3.0911,-0.1575
5.049,-0.084771,0.066025,-0.069013,5.047,0.050113,3.0546,-0.14225
5.059,-0.063142,-0.091911,0.11501,5.057,0.067163,2.9904,-0.12536
5.069,-0.26144,-0.12952,0.033572,5.067,0.085522,2.9646,-0.11807
5.079,-0.40153,-0.071056,-0.15554,5.077,0.10355,2.9342,-0.12975
5.089,-0.3794,-0.053496,-0.1967,5.087,0.097507,2.8708,-0.148
5.099,-0.18184,-0.014316,-0.16999,5.097,0.072819,2.8055,-0.16997
5.109,-0.02352,0.13338,-0.1397,5.107,0.049429,2.7219,-0.19495
5.119,0.019255,0.32018,-0.11372,5.117,0.034319,2.6606,-0.20101
5.129,0.034183,0.35149,0.0089706,5.127,0.033996,2.6297,-0.18355
5.139,-0.012573,0.19808,0.040049,5.137,0.030311,2.563,-0.14709
5.149,0.025466,-0.033986,0.19232,5.147,0.041646,2.4177,-0.10288
5.159,0.089341,-0.13492,0.51508,5.157,0.069405,2.2918,-0.080767
5.169,0.26506,-0.21066,0.27657,5.167,0.08078,2.1288,-0.074776
5.179,0.40752,-0.27017,-0.11844,5.177,0.063792,1.8817,-0.072588
5.189,0.48205,-0.27788,-0.20749,5.187,0.032783,1.7967,-0.085095
5.199,0.47303,-0.13688,-0.41195,5.197,0.0010688,1.8399,-0.09484
5.209,0.20099,0.16349,-0.60416,5.207,-0.040047,1.8337,-0.08389
5.219,-0.16974,0.55618,-0.5086,5.217,-0.068447,1.7513,-0.039707
5.229,-0.38631,0.89892,-0.37605,5.227,-0.068445,1.6338,0.0099116
5.239,-0.44443,0.87835,-0.39951,5.237,-0.067993,1.5358,0.020146
5.249,-0.41528,0.41691,-0.56894,5.247,-0.098285,1.5348,-0.0096663
5.259,-0.43775,0.11416,-0.51389,5.257,-0.12564,1.5865,-0.034666
5.269,-0.62411,-0.020709,-0.16996,5.267,-0.090161,1.6203,-0.040963
5.279,-0.78267,-0.13139,0.3362,5.277,-0.020981,1.5574,-0.039764
5.289,-1.0427,-0.24534,0.41991,5.287,0.030827,1.4044,-0.034628
5.299,-1.322,-0.35103,0.1187,5.297,0.047562,1.2779,-0.02125
5.309,-1.2911,-0.1925,-0.1668,5.307,0.027197,1.2155,0.013044
5.319,-0.95637,0.097657,-0.39714,5.317,-0.023633,1.2768,0.057941
5.329,-0.5113,0.22817,-0.54746,5.327,-0.059357,1.4521,0.073941
5.339,-0.14653,0.29177,-0.34246,5.337,-0.059811,1.5967,0.0574
5.349,0.39302,0.36652,-0.067082,5.347,-0.0471,1.5775,0.037202
5.359,0.63681,0.21722,-0.24402,5.357,-0.024505,1.4918,0.019714
5.369,0.3501,-0.19229,-0.52081,5.367,-0.0079822,1.4406,0.018488
5.379,-0.077934,-0.43414,-0.55971,5.377,-0.0048802,1.3866,0.016397
5.389,-0.62438,-0.18554,-0.40159,5.387,-0.0019757,1.3937,0.015649
5.399,-1.11,0.20697,-0.36382,5.397,0.011633,1.4705,0.024591
5.409,-1.2301,0.44394,-0.32782,5.407,0.012978,1.5122,0.040674
5.419,-1.0988,0.47605,-0.21858,5.417,-0.0086769,1.4686,0.048222
5.429,-0.7962,0.35669,-0.09985,5.427,-0.034346,1.4077,0.045321
5.439,-0.40255,0.18062,-0.21947,5.437,-0.057411,1.3578,0.043525
5.449,0.092446,-0.099707,-0.73132,5.447,-0.048572,1.3525,0.03638
5.459,0.51697,-0.34209,-0.96378,5.457,-0.024467,1.3403,-0.0020727
5.469,0.49266,-0.28954,-0.67287,5.467,-0.011185,1.3221,-0.032712
5.479,0.086634,0.019584,-0.19367,5.477,-0.0087124,1.3405,-0.031678
5.489,-0.40688,0.44206,-0.045874,5.487,-0.031067,1.3919,0.0053519
5.499,-0.511,0.67294,-0.070061,5.497,-0.061956,1.4212,0.031532
5.509,-0.38734,0.7264,-0.060365,5.507,-0.082063,1.4315,0.025725
5.519,-0.26075,0.59404,-0.17654,5.517,-0.096603,1.4411,0.016462
5.529,-0.15089,0.15393,-0.73243,5.527,-0.13012,1.4365,0.022549
5.539,-0.088814,-0.26783,-1.0133,5.537,-0.13525,1.4207,0.02802
5.549,-0.12055,-0.49436,-0.91534,5.547,-0.099799,1.4209,0.022853
5.559,-0.27557,-0.3557,-0.49,5.557,-0.042381,1.4272,-0.0039633
5.569,-0.45517,0.006564,-0.1646,5.567,-0.041621,1.419,-0.022422
5.579,-0.66651,0.50376,0.14585,5.577,-0.069871,1.4225,-0.035649
5.589,-0.70605,0.67087,0.0060448,5.587,-0.12536,1.455,-0.039997
5.599,-0.67161,0.48467,-0.3177,5.597,-0.18715,1.5019,-0.033606
5.609,-0.55885,0.14196,-0.25441,5.607,-0.21272,1.5306,-0.01017
5.619,-0.38941,-0.33898,-0.2697,5.617,-0.17525,1.5242,0.034884
5.629,-0.34657,-0.59239,-0.21406,5.627,-0.13,1.455,0.063311
5.639,-0.40229,-0.53335,0.20239,5.637,-0.06917,1.359,0.04191
5.649,-0.55508,-0.22516,0.094508,5.647,-0.043032,1.3997,0.0039912
5.659,-0.82238,0.29318,-0.3764,5.657,-0.054749,1.4854,-0.041522
5.669,-0.92056,0.56938,-0.34139,5.667,-0.12435,1.478,-0.062299
5.679,-0.95203,0.70531,0.025532,5.677,-0.20481,1.4415,-0.064312
5.689,-0.85107,0.52821,0.15528,5.687,-0.25884,1.442,-0.019558
5.699,-0.69126,0.026111,-0.1973,5.697,-0.28328,1.506,0.062048
5.709,-0.58649,-0.45563,0.01456,5.707,-0.25756,1.4952,0.12025
5.719,-0.27246,-0.71904,0.28424,5.717,-0.21403,1.3926,0.1406
5.729,-0.046308,-0.59054,-0.26177,5.727,-0.15983,1.3184,0.11464
5.739,0.1538,-0.45547,-0.25194,5.737,-0.048666,1.3058,0.015396
5.749,-0.11782,-0.20077,-0.76867,5.747,-0.015077,1.3398,-0.0383
5.759,-0.72365,0.0059569,-1.0706,5.757,-0.0442,1.3301,-0.035026
5.769,-1.155,0.17764,-0.62024,5.767,-0.063913,1.3299,-0.00158
5.779,-1.396,0.31804,0.8431,5.777,-0.17118,1.1084,0.022531
5.789,-1.6066,0.30617,0.99373,5.787,-0.2796,1.0298,0.033912
5.799,-1.1336,0.37659,-0.1624,5.797,-0.28122,1.2084,0.048997
5.809,-0.29111,0.33867,-0.5131,5.807,-0.23905,1.28,0.045892
5.819,0.40282,0.079308,-1.7562,5.817,-0.20339,1.3238,0.030407
5.829,1.3244,-0.5337,-1.698,5.827,-0.169,1.3364,0.016225
5.839,1.4711,-0.87157,-0.59418,5.837,-0.049653,1.2841,0.019987
5.849,0.72807,-0.70896,0.3754,5.847,0.056116,1.2674,0.026879
5.859,-0.3439,-0.039547,1.462,5.857,0.099406,1.1727,0.018592
5.869,-1.1282,0.48421,1.7124,5.867,0.084699,1.1018,0.011449
5.879,-1.6133,0.80992,0.4932,5.877,-0.065354,1.1517,0.00095859
5.889,-1.5078,0.8185,-0.67925,5.887,-0.27505,1.2207,-0.0083241
5.899,-0.75156,0.4931,-1.2908,5.897,-0.29679,1.2567,0.008344
5.909,0.15226,-0.20518,-1.1741,5.907,-0.17264,1.2115,0.037654
5.919,1.0941,-0.81455,0.023139,5.917,-0.041517,1.0681,0.059274
5.929,1.0178,-0.91661,1.1422,5.927,0.03047,0.97948,0.061432
5.939,0.98653,-0.86624,1.8788,5.937,0.040173,0.92892,0.04708
5.949,-0.92651,-0.3728,3.0769,5.947,0.024326,0.88245,0.045271
5.959,-2.9022,-0.034243,2.1094,5.957,-0.069434,0.85198,0.024108
5.969,-3.3364,0.025766,0.7516,5.967,-0.18168,0.74119,-0.012526
5.979,-3.1463,0.056107,0.18718,5.977,-0.24533,0.58067,-0.014373
5.989,-3.008,0.12961,0.07454,5.987,-0.20865,0.47502,0.023453
5.999,-2.0242,0.032778,1.2649,5.997,-0.14907,0.32024,0.032562
6.009,-1.2474,-0.02312,2.4818,6.007,-0.11693,-0.014902,0.013778
6.019,-1.6702,0.022746,3.5529,6.017,-0.098809,-0.36526,0.018833
6.029,-2.5637,0.034435,4.0357,6.027,-0.10906,-0.56032,0.047011
6.039,-3.3587,-0.060501,3.2859,6.037,-0.15524,-0.58844,0.065175
6.049,-3.4344,-0.0122,1.5061,6.047,-0.23127,-0.51995,0.067008
6.059,-2.2192,0.54147,-1.3253,6.057,-0.31792,-0.52041,0.038935
6.069,-0.98514,0.84537,-2.1691,6.067,-0.34955,-0.63959,-0.0084498
6.079,-0.1873,0.61632,-2.5177,6.077,-0.28743,-0.59931,-0.036212
6.089,0.61369,0.13649,-2.5276,6.087,-0.21882,-0.38767,-0.020966
6.099,1.7061,-0.47738,-1.9528,6.097,-0.16717,-0.20712,0.017597
6.109,2.788,-1.0491,-0.84374,6.107,-0.11868,-0.12611,0.030887
6.119,3.1936,-1.104,0.093127,6.117,-0.079878,-0.10163,-0.010383
6.129,2.5342,-0.75265,0.36556,6.127,-0.026546,-0.018388,-0.064482
6.139,1.3247,-0.37151,0.38918,6.137,0.033764,0.05477,-0.073685
6.149,0.13131,-0.080689,0.25715,6.147,0.068187,0.061269,-0.061848
6.159,-0.40467,-0.038231,0.047968,6.157,0.053298,0.024665,-0.046528
6.169,-0.41187,-0.0030847,0.045913,6.167,0.0093846,-0.043647,-0.027466
6.179,-0.40934,0.04851,0.03034,6.177,-0.04053,-0.11601,0.022444
6.189,-0.13338,-0.032301,-0.10201,6.187,-0.05956,-0.11343,0.08358
6.199,0.35198,-0.16465,-0.050775,6.197,-0.058188,-0.10684,0.12701
6.209,0.76778,-0.072028,0.26871,6.207,-0.057693,-0.15134,0.16156
6.219,1.1484,0.10807,0.60841,6.217,-0.07476,-0.26149,0.17971
6.229,1.3803,0.18828,0.61857,6.227,-0.092908,-0.3285,0.15444
6.239,1.5958,0.18101,0.68315,6.237,-0.085216,-0.34371,0.091112
6.249,1.3049,0.24073,0.33049,6.247,-0.039373,-0.32625,0.044746
6.259,0.77853,0.32627,-0.42549,6.257,-0.021022,-0.239,0.060979
6.269,0.53604,0.24298,-0.79899,6.267,-0.041687,-0.13759,0.085401
6.279,0.34536,0.22516,-0.84543,6.277,-0.068913,-0.061559,0.11032
6.289,0.12917,0.41847,-0.62282,6.287,-0.10637,-0.033051,0.12737
6.299,-0.0084997,0.48534,-0.25883,6.297,-0.15399,-0.022256,0.13338
6.309,-0.0050209,0.31794,0.19954,6.307,-0.16412,-0.037749,0.10479
6.319,-0.28878,0.064791,0.66101,6.317,-0.1231,-0.050382,0.070518
6.329,-0.65995,-0.23185,0.8791,6.327,-0.042354,-0.056323,0.060812
6.339,-0.65806,-0.4798,0.81219,6.337,0.025858,-0.087108,0.037194
6.349,-0.80783,-0.44911,0.37148,6.347,0.054665,-0.10136,0.032441
6.359,-0.90094,-0.30307,-0.057782,6.357,0.060042,-0.10304,0.055981
6.369,-0.65537,-0.29476,-0.12508,6.367,0.05084,-0.089252,0.062785
6.379,-0.29887,-0.23223,-0.17726,6.377,0.049223,-0.058149,0.066721
6.389,-0.012851,-0.14216,-0.060106,6.387,0.047957,-0.036092,0.063408
6.399,-0.048966,-0.11054,0.1391,6.397,0.044012,-0.025729,0.056942
6.409,-0.2271,-0.033346,0.37138,6.407,0.033135,-0.033237,0.053113
6.419,-0.36524,-0.0027209,0.40166,6.417,0.01767,-0.070837,0.060253
6.429,-0.27294,-0.069678,0.25401,6.427,0.0012297,-0.10586,0.050871
6.439,0.03477,-0.20182,-0.043002,6.437,0.005384,-0.069286,0.029677
6.449,0.32034,-0.27424,-0.3136,6.447,0.03041,0.023113,0.0044615
6.459,0.28419,-0.15903,-0.25922,6.457,0.039722,0.039748,-0.0023624
6.469,0.055108,-0.0015324,-0.066088,6.467,0.030164,0.039252,-0.0027131
6.479,-0.20464,0.16946,-0.018143,6.477,0.024782,0.056512,0.0061937
6.489,-0.41631,0.32078,-0.14153,6.487,0.053378,0.14256,0.017808
6.499,-0.28654,0.24541,-0.045213,6.497,0.077143,0.16501,0.0097745
6.509,-0.30288,0.05831,-0.07445,6.507,0.11645,0.23313,0.005809
6.519,-0.33002,0.012084,0.055648,6.517,0.144,0.28233,0.006957
6.529,-0.30294,0.082142,0.15508,6.527,0.15648,0.29736,0.0068026
6.539,-0.18754,0.096615,-0.0099898,6.537,0.14377,0.37045,0.00283
6.549,0.080025,0.092091,-0.49199,6.547,0.080811,0.53681,0.00064726
6.559,0.34384,0.21971,-0.44618,6.557,0.0091694,0.66349,0.031005
6.569,0.75214,0.23812,0.2538,6.567,-0.0013378,0.66147,0.060562
6.579,1.1213,-0.091077,0.77573,6.577,0.03762,0.55484,0.043093
6.589,0.51857,-0.3977,0.8183,6.587,0.021955,0.42824,-0.0012255
6.599,-0.27743,-0.31803,0.80859,6.597,-0.10607,0.11196,-0.049705
6.609,-0.49982,-0.21194,1.0542,6.607,-0.2223,-0.23452,-0.083673
6.619,-0.23954,-0.31442,1.1079,6.617,-0.21919,-0.3683,-0.11306
6.629,0.17047,-0.43613,0.451,6.627,-0.12177,-0.26494,-0.13576
6.639,1.0666,-0.42242,-0.76619,6.637,0.004946,-0.022983,-0.16047
6.649,1.5874,-0.3174,-1.6338,6.647,0.11216,0.2423,-0.17528
6.659,1.3359,-0.1648,-1.2007,6.657,0.18037,0.3077,-0.12735
6.669,0.99157,-0.46867,-0.29707,6.667,0.21735,0.26874,-0.10568
6.679,-0.083549,-0.54755,0.55895,6.677,0.19545,0.18463,-0.097065
6.689,-1.3817,-0.045473,0.8832,6.687,0.10686,0.098906,-0.10711
6.699,-2.4071,0.21671,0.5477,6.697,0.053167,0.085915,-0.13013
6.709,-3.3853,0.29534,0.28709,6.707,0.068659,0.067679,-0.13963
6.719,-3.4979,0.067201,0.43015,6.717,0.15461,-0.027752,-0.1733
6.729,-3.2735,-0.40673,0.046445,6.727,0.22127,-0.14016,-0.21272
6.739,-2.9453,-0.68998,-0.47976,6.737,0.22147,-0.1841,-0.19341
6.749,-2.0366,-0.96208,-1.0891,6.747,0.21118,-0.21544,-0.13561
6.759,-1.4352,-0.79574,0.023553,6.757,0.25548,-0.45687,-0.038941
6.769,-0.90828,-0.12231,1.5016,6.767,0.33811,-0.61508,0.0075891
6.779,-0.21912,0.37952,1.7109,6.777,0.3314,-0.61758,-0.0088081
6.789,-0.0090053,1.1156,1.0577,6.787,0.2013,-0.6231,-0.019825
6.799,0.12929,1.6691,0.8368,6.797,0.092804,-0.67632,-0.01081
6.809,0.63454,1.1685,1.0101,6.807,0.079495,-0.77836,-0.036663
6.819,1.028,0.020597,1.0917,6.817,0.019311,-0.83187,-0.056003
6.829,0.70906,-0.86444,0.33981,6.827,-0.066721,-0.79315,0.0039734
6.839,0.72997,-0.84634,-0.16729,6.837,-0.077335,-0.8077,0.09034
6.849,0.84444,-0.40042,0.61277,6.847,0.11802,-0.9516,0.10176
6.859,0.7151,0.112,0.94259,6.857,0.30774,-1.041,0.054465
6.869,0.57261,0.56106,0.44945,6.867,0.31316,-1.1239,-0.01264
6.879,0.25853,0.83053,-0.019404,6.877,0.18691,-1.2162,-0.054557
6.889,0.003906,0.92855,-0.11968,6.887,0.036336,-1.2648,-0.052981
6.899,0.15562,0.80189,-0.32013,6.897,-0.022615,-1.2347,-0.040325
6.909,0.50744,0.33856,-0.53232,6.907,-0.025363,-1.207,-0.037371
6.919,0.55725,-0.18258,-0.27917,6.917,-0.030521,-1.236,-0.037519
6.929,0.33196,-0.6061,-0.090682,6.927,-0.053879,-1.2668,-0.018877
6.939,-0.072159,-0.63973,-0.18512,6.937,-0.072474,-1.2498,0.02717
6.949,-0.31803,-0.38168,-0.11033,6.947,-0.0014357,-1.2164,0.044366
6.959,-0.59758,-0.019563,0.25017,6.957,0.11941,-1.2187,0.012406
6.969,-1.1677,0.41427,0.26877,6.967,0.18288,-1.2349,-0.034842
6.979,-1.5931,0.79868,-0.21621,6.977,0.1319,-1.2276,-0.075756
6.989,-1.8189,0.86114,-0.54902,6.987,0.0019792,-1.2108,-0.089255
6.999,-1.8891,0.52755,-0.45486,6.997,-0.12307,-1.1892,-0.064765
7.009,-1.9025,-0.098271,-0.093094,7.007,-0.17966,-1.1688,-0.01855
7.019,-1.7409,-0.5615,0.17391,7.017,-0.15741,-1.1515,0.026647
7.029,-1.2734,-0.83257,0.21894,7.027,-0.080067,-1.1503,0.039806
7.039,-0.78967,-1.0569,0.55872,7.037,0.0085759,-1.1941,0.0099339
7.049,-0.61247,-1.0531,0.89981,7.047,0.05889,-1.2458,-0.028392
7.059,-0.70832,-0.18019,0.80899,7.057,0.058468,-1.2675,-0.038734
7.069,-0.71909,0.45258,0.55726,7.067,0.039564,-1.2496,-0.017613
7.079,-0.52529,0.97859,-0.024344,7.077,0.021907,-1.2178,0.011793
7.089,-0.21237,1.2189,-0.49367,7.087,-0.0075999,-1.2242,0.026279
7.099,-0.0069337,0.9235,-0.61566,7.097,-0.071088,-1.2959,0.011848
7.109,0.066555,0.4871,-0.81697,7.107,-0.15208,-1.3789,-0.009437
7.119,-0.10257,0.014251,-0.60342,7.117,-0.19413,-1.4459,-0.026502
7.129,-0.38346,-0.31029,-0.065505,7.127,-0.18103,-1.5163,-0.048228
7.139,-0.48773,-0.39388,0.12708,7.137,-0.13386,-1.5541,-0.066694
7.149,-0.45379,-0.42195,0.096263,7.147,-0.0662,-1.5824,-0.096724
7.159,-0.30831,-0.36737,-0.11324,7.157,-0.018201,-1.6441,-0.10559
7.169,-0.25417,-0.14568,-0.20054,7.167,-0.016129,-1.7316,-0.08944
7.179,-0.41728,0.13417,-0.3819,7.177,-0.029581,-1.7555,-0.067355
7.189,-0.77432,0.51893,-0.27229,7.187,-0.045068,-1.7575,-0.03954
7.199,-0.92573,0.71706,0.046589,7.197,-0.079336,-1.8178,-0.027042
7.209,-1.0997,0.57357,0.39707,7.207,-0.12289,-1.8875,-0.040033
7.219,-1.3644,0.27116,0.41027,7.217,-0.1416,-1.8796,-0.058537
7.229,-1.1429,0.036279,0.061603,7.227,-0.13157,-1.855,-0.074321
7.239,-0.74323,-0.022701,0.21076,7.237,-0.07538,-1.8997,-0.079815
7.249,-0.64263,-0.12777,0.45135,7.247,-0.0048959,-1.8825,-0.086105
7.259,-0.71137,-0.2492,0.16928,7.257,0.00133,-1.7654,-0.093484
7.269,-0.78281,-0.29317,-0.19091,7.267,-0.042998,-1.7178,-0.077724
7.279,-0.85006,-0.17352,0.12153,7.277,-0.079521,-1.7732,-0.050333
7.289,-1.0913,-0.065822,0.72609,7.287,-0.093816,-1.8698,-0.024934
7.299,-1.3922,-0.13047,0.8204,7.297,-0.087662,-1.8773,-0.004351
7.309,-1.3348,-0.12653,0.44766,7.307,-0.060633,-1.8151,-0.010149
7.319,-1.0946,-0.099618,-0.11183,7.317,-0.017191,-1.7654,-0.029927
7.329,-0.73185,-0.17463,-0.53806,7.327,0.041441,-1.6963,-0.042794
7.339,-0.24484,-0.12806,-0.77789,7.337,0.059887,-1.633,-0.050651
7.349,0.11204,-0.13355,-0.88206,7.347,0.037893,-1.5632,-0.047388
7.359,0.42454,-0.085188,-0.59852,7.357,0.0028503,-1.5437,-0.055235
7.369,0.29267,0.059851,-0.43223,7.367,-0.0072809,-1.5173,-0.067592
7.379,0.029325,0.14292,-0.24202,7.377,-2.5941e-05,-1.4835,-0.070353
7.389,-0.32057,0.1649,-0.092615,7.387,0.015189,-1.5067,-0.061073
7.399,-0.63717,0.14965,0.0072657,7.397,0.025903,-1.581,-0.044258
7.409,-0.67981,0.088071,-0.085669,7.407,0.060875,-1.691,-0.027679
7.419,-0.53898,0.035866,-0.59063,7.417,0.099782,-1.739,-0.030655
7.429,-0.27315,0.0097464,-1.0018,7.427,0.12462,-1.8123,-0.030758
7.439,0.12101,-0.035437,-0.97955,7.437,0.13136,-1.8665,-0.042128
7.449,0.6024,-0.047384,-0.7853,7.447,0.13776,-1.9347,-0.074086
7.459,1.2661,-0.039654,-0.86675,7.457,0.11764,-2.0602,-0.10359
7.469,1.2018,0.019447,-0.70014,7.467,0.09621,-2.1094,-0.10391
7.479,1.2501,0.14957,-0.67165,7.477,0.062122,-2.1957,-0.099652
7.489,1.1775,0.33931,-0.79331,7.487,0.036555,-2.331,-0.060237
7.499,1.0363,0.66785,-0.97569,7.497,0.036555,-2.4503,0.017527
7.509,0.53573,0.78989,-1.0675,7.507,0.05862,-2.5324,0.099747
7.519,0.090576,0.23273,-1.0797,7.517,0.080058,-2.6757,0.094843
7.529,0.20518,-0.17146,-1.1588,7.527,0.10444,-2.7666,0.05274
7.539,0.35552,-0.33097,-1.1586,7.537,0.14369,-2.82,0.031501
7.549,-0.10759,-0.32461,-1.1276,7.547,0.15054,-2.8465,-0.0048436
7.559,-0.40799,-0.11602,-1.2853,7.557,0.10872,-2.8721,-0.071233
7.569,0.0043409,0.0019022,-0.93289,7.567,0.064252,-2.9595,-0.12096
7.579,-0.085371,0.34435,-0.50383,7.577,0.0077931,-3.1203,-0.12202
7.589,-0.875,0.67798,-0.45963,7.587,-0.031707,-3.2234,-0.097452
7.599,-0.94567,0.63029,-0.18581,7.597,-0.047601,-3.3621,-0.081543
7.609,-0.53349,0.10475,0.39817,7.607,-0.03337,-3.5186,-0.096247
7.619,-1.0996,-0.015233,0.24373,7.617,-0.015584,-3.6019,-0.057278
7.629,-0.83852,-0.21764,0.0070667,7.627,0.027155,-3.693,-0.025885
7.639,-0.48477,-0.45029,-0.0086872,7.637,0.056555,-3.7823,-0.029168
7.649,0.26731,-0.73458,-0.15214,7.647,0.10523,-3.8374,-0.030981
7.659,-0.41122,-0.24938,-1.0205,7.657,0.01738,-3.8649,-0.14333
7.669,-0.69205,0.14702,-1.0984,7.667,-0.041198,-3.8945,-0.18577
7.679,-0.94555,0.64705,-1.4137,7.677,-0.075467,-3.9007,-0.1712
7.689,-1.2246,0.7282,-1.6527,7.687,-0.091725,-3.8555,-0.11585
7.699,-1.2302,0.35071,-1.6932,7.697,-0.074633,-3.7833,-0.06623
7.709,-0.91179,-0.092282,-1.6658,7.707,-0.032801,-3.6731,-0.048266
7.719,-0.82236,-0.52965,-1.1284,7.717,0.023031,-3.6643,-0.047508
7.729,-0.98157,-0.57468,-1.0052,7.727,0.069168,-3.729,-0.032692
7.739,-0.78751,-0.56609,-0.89308,7.737,0.11997,-3.815,-0.016258
7.749,-1.0725,-0.48565,-1.006,7.747,0.13725,-3.883,-0.028879
7.759,-1.2592,0.14478,-1.3808,7.757,0.097359,-3.8806,-0.011707
7.769,-0.98076,0.4963,-1.8221,7.767,0.049318,-3.7391,0.019959
7.779,-1.2072,0.63861,-2.3157,7.777,0.0076245,-3.4754,0.051435
7.789,-0.98735,0.43181,-2.7549,7.787,-0.032711,-3.1303,0.067667
7.799,-0.15346,-0.07813,-2.5011,7.797,-0.043655,-2.7199,0.058297
7.809,-0.35826,-0.2059,-2.4379,7.807,-0.042364,-2.3477,0.046853
7.819,-0.37375,-0.26748,-2.1616,7.817,-0.037944,-2.0917,0.036681
7.829,-0.47731,-0.16058,-1.7236,7.827,-0.027677,-1.9244,0.036986
7.839,-0.15297,0.043454,-1.3099,7.837,-0.030978,-1.8142,0.036657
7.849,-0.58055,0.14256,-1.6542,7.847,-0.046613,-1.6197,0.023385
7.859,-0.44832,0.21983,-1.9018,7.857,-0.05615,-1.3457,0.00079259
7.869,0.076834,0.26115,-1.8976,7.867,-0.057198,-1.1048,-0.021655
7.879,0.10414,0.30297,-2.1183,7.877,-0.054278,-0.82568,-0.034264
7.889,0.067388,0.2439,-2.0957,7.887,-0.048994,-0.51826,-0.037357
7.899,0.043544,0.14522,-2.0286,7.897,-0.041072,-0.2216,-0.032131
7.909,-0.0072432,-0.019393,-1.7849,7.907,-0.029846,0.0090805,-0.027534
7.919,-0.088156,-0.13688,-1.5219,7.917,-0.015838,0.15953,-0.026924
7.929,-0.20071,-0.15112,-1.4573,7.927,-0.0044488,0.30596,-0.028712
7.939,-0.30831,-0.073847,-1.3462,7.937,0.00044429,0.42588,-0.032767
7.949,-0.36661,0.058001,-1.3431,7.947,-0.0023216,0.55671,-0.033204
7.959,-0.39851,0.12869,-1.4204,7.957,-0.0057889,0.66927,-0.030903
7.969,-0.35791,0.088896,-1.4688,7.967,-0.00051456,0.80965,-0.030995
7.979,-0.30239,0.040213,-1.5582,7.977,0.0089134,0.9975,-0.0343
7.989,-0.30013,0.029681,-1.5754,7.987,0.018299,1.1569,-0.032553
7.999,-0.33147,-0.014729,-1.5789,7.997,0.031514,1.3354,-0.028481
8.009,-0.36617,-0.034688,-1.5822,8.007,0.04111,1.5324,-0.027865
8.019,-0.43503,0.033871,-1.6485,8.017,0.040441,1.706,-0.026596
8.029,-0.44633,0.053267,-1.7407,8.027,0.036035,1.8919,-0.026181
8.039,-0.44304,0.043011,-1.7306,8.037,0.03061,2.0816,-0.028765
8.049,-0.46457,0.041498,-1.689,8.047,0.020361,2.2823,-0.032832
8.059,-0.55209,0.023411,-1.5617,8.057,0.018353,2.4714,-0.033753
8.069,-0.65067,-0.01566,-1.4528,8.067,0.023179,2.5878,-0.033818
8.079,-0.72085,-0.041909,-1.412,8.077,0.03178,2.6881,-0.037359
8.089,-0.77417,-0.0067699,-1.4666,8.087,0.04532,2.8175,-0.044073
8.099,-0.78045,0.027699,-1.4773,8.097,0.049914,2.9342,-0.046182
8.109,-0.79855,0.011441,-1.2717,8.107,0.049287,3.0072,-0.045814
8.119,-0.95094,-0.010409,-1.0843,8.117,0.055134,3.0634,-0.045205
8.129,-1.1193,0.006332,-0.93095,8.127,0.068455,3.083,-0.041484
8.139,-1.0767,-0.027027,-0.79665,8.137,0.08306,3.077,-0.040541
8.149,-1.1101,-0.12026,-0.79213,8.147,0.10114,3.0734,-0.035847
8.159,-1.2258,-0.13211,-0.77212,8.157,0.11715,3.065,-0.032473
8.169,-1.1528,-0.10117,-0.68095,8.167,0.12969,3.0587,-0.030797
8.179,-0.98945,-0.11447,-0.6238,8.177,0.14008,3.0689,-0.02114
8.189,-0.82838,-0.043093,-0.7112,8.187,0.12881,3.092,-0.010429
8.199,-0.62235,0.070434,-0.72512,8.197,0.11055,3.125,-0.0031051
8.209,-0.45474,0.13618,-0.65596,8.207,0.093745,3.1411,-0.016067
8.219,-0.4097,0.18618,-0.6815,8.217,0.084364,3.1834,-0.032824
8.229,-0.30059,0.1059,-0.51337,8.227,0.084218,3.2116,-0.05123
8.239,-0.24627,0.01065,-0.3071,8.237,0.088374,3.2218,-0.067631
8.249,-0.14268,-0.1684,-0.1159,8.247,0.099815,3.1832,-0.083435
8.259,0.04257,-0.32245,0.072843,8.257,0.12358,3.1086,-0.10723
8.269,0.19404,-0.36998,0.051193,8.267,0.12383,3.0638,-0.1383
8.279,0.074531,-0.33626,-0.22884,8.277,0.10147,3.0003,-0.16813
8.289,-0.32594,-0.17158,-0.55739,8.287,0.062607,2.9734,-0.16191
8.299,-0.47008,0.077042,-0.63849,8.297,0.046074,3.0868,-0.13389
8.309,-0.35224,0.13516,-0.34734,8.307,0.074151,3.1615,-0.12653
8.319,-0.25439,0.1709,-0.068307,8.317,0.080231,3.1573,-0.11989
8.329,-0.092522,0.2899,0.16601,8.327,0.074905,3.0763,-0.11137
8.339,0.064292,0.31412,0.32557,8.337,0.068513,2.9176,-0.11989
8.349,0.15109,0.22427,0.3612,8.347,0.072774,2.728,-0.13374
8.359,0.12635,0.079634,0.14068,8.357,0.047268,2.5031,-0.14694
8.369,0.08245,0.029998,-0.049739,8.367,0.019614,2.3925,-0.15419
8.379,0.045719,0.078158,-0.17082,8.377,0.0067278,2.2582,-0.16889
8.389,0.15089,0.29046,-0.47413,8.387,-0.0049901,2.1538,-0.17102
8.399,0.2747,0.34497,-0.36898,8.397,-0.013512,2.0377,-0.17209
8.409,0.45788,0.3168,-0.077448,8.407,-0.017767,1.8813,-0.13659
8.419,0.49839,0.32176,0.021448,8.417,-0.038013,1.7948,-0.087934
8.429,0.44281,0.31987,-0.28779,8.427,-0.060125,1.7821,-0.043433
8.439,0.3625,0.29986,-0.7066,8.437,-0.063951,1.8344,-0.017626
8.449,0.17214,0.23635,-1.0622,8.447,-0.063478,1.8429,0.0062429
8.459,-0.1058,0.16415,-1.2722,8.457,-0.086679,1.7359,0.03073
8.469,-0.24897,0.14642,-1.1767,8.467,-0.11258,1.6702,0.029245
8.479,-0.41754,0.13501,-0.95292,8.477,-0.12856,1.6712,0.012201
8.489,-0.61104,0.097389,-0.65726,8.487,-0.12643,1.7,0.0036785
8.499,-0.81295,0.098001,-0.34502,8.497,-0.10086,1.717,0.0090048
8.509,-0.94464,0.026823,-0.053029,8.507,-0.060384,1.6893,0.018592
8.519,-1.14,-0.054008,-0.10977,8.517,-0.030556,1.6457,0.031375
8.529,-1.2829,0.16481,-0.24599,8.527,-0.019981,1.5985,0.028219
8.539,-1.3883,0.33573,0.004251,8.537,-0.027361,1.5061,0.016462
8.549,-1.4746,0.47374,0.27456,8.547,-0.057042,1.4274,0.018885
8.559,-1.2342,0.40836,0.24385,8.557,-0.10075,1.4013,0.047412
8.569,-0.88545,0.15593,0.070595,8.567,-0.11258,1.4486,0.076116
8.579,-0.5272,-0.22049,-0.28643,8.577,-0.11839,1.5494,0.095094
8.589,-0.22405,-0.551,-0.30513,8.587,-0.11654,1.6361,0.10278
8.599,0.25975,-0.74461,-0.24061,8.597,-0.099051,1.6049,0.10412
8.609,0.71648,-0.63184,-0.45222,8.607,-0.048377,1.5582,0.070685
8.619,0.79663,-0.31292,-0.3092,8.617,0.0073901,1.5149,0.012942
8.629,0.31225,0.15016,0.0097737,8.627,0.027154,1.4869,-0.033929
8.639,-0.54678,0.54303,-0.0085888,8.637,-0.0041957,1.4874,-0.039891
8.649,-1.0701,0.71272,-0.31681,8.647,-0.066335,1.5014,-0.0077632
8.659,-1.2621,0.70318,-0.5041,8.657,-0.13186,1.5094,0.048889
8.669,-1.0766,0.48302,-0.4482,8.667,-0.1677,1.5016,0.077176
8.679,-0.73264,0.19899,-0.3504,8.677,-0.1853,1.4875,0.085522
8.689,-0.18937,-0.19376,-0.25262,8.687,-0.15512,1.4639,0.080836
8.699,0.19562,-0.38895,-0.30664,8.697,-0.076174,1.4459,0.068244
8.709,0.40206,-0.37663,-0.5433,8.707,-0.020944,1.4041,0.051888
8.719,0.34126,-0.17857,-0.31873,8.717,0.017406,1.3431,0.026522
8.729,-0.066412,0.22938,0.20905,8.727,0.032549,1.3776,0.003727
8.739,-0.51609,0.72769,0.1642,8.737,0.0088448,1.466,-0.010091
8.749,-0.76035,0.84151,-0.22391,8.747,-0.080566,1.5351,-0.029678
8.759,-0.87151,0.66944,-0.44013,8.757,-0.20105,1.563,-0.041998
8.769,-0.93574,0.40255,-0.48178,8.767,-0.25096,1.5874,-0.022465
8.779,-0.80214,0.016078,-0.49238,8.777,-0.22275,1.5931,0.032707
8.789,-0.42038,-0.47329,-0.45911,8.787,-0.14989,1.5426,0.088522
8.799,0.0027574,-0.85747,-0.32403,8.797,-0.06504,1.4974,0.1099
8.809,0.31676,-0.91211,-0.20393,8.807,0.02004,1.538,0.059747
8.819,0.18631,-0.76557,-0.051593,8.817,0.047762,1.604,-0.00016591
8.829,-0.40373,-0.56565,-0.17747,8.827,-0.0010481,1.6405,-0.033687
8.839,-0.78869,-0.47774,-0.13613,8.837,-0.046368,1.6609,-0.059097
8.849,-0.93243,-0.27379,0.18164,8.847,-0.018404,1.6849,-0.058228
8.859,-0.70826,0.06839,0.10652,8.857,0.041453,1.697,-0.044178
8.869,-0.40549,0.22229,-0.25242,8.867,0.052289,1.6698,-0.037538
8.879,-0.30519,0.2589,-0.52013,8.877,-0.0037514,1.6021,-0.040447
8.889,-0.47485,0.28087,-0.50163,8.887,-0.078943,1.5264,-0.037521
8.899,-0.54474,0.19273,-0.012375,8.897,-0.11516,1.4579,-0.025214
8.909,-0.4261,-0.2267,-0.1714,8.907,-0.1321,1.4184,-0.03433
8.919,-0.38914,-0.59312,-0.56526,8.917,-0.15107,1.4198,-0.059342
8.929,-0.78907,-0.423,-0.49086,8.927,-0.11356,1.4417,-0.044703
8.939,-0.96895,-0.12419,-0.22961,8.937,-0.032918,1.4251,-0.0062604
8.949,-0.88629,0.14385,0.28803,8.947,-0.017738,1.3574,0.0030924
8.959,-0.9449,0.29007,0.78524,8.957,-0.021304,1.3703,0.031131
8.969,-0.73902,0.28211,0.85863,8.967,-0.01644,1.4338,0.054578
8.979,-0.25189,0.34587,0.97894,8.977,-0.05883,1.2765,0.062658
8.989,0.1852,0.16649,-0.023616,8.987,-0.10933,1.0112,0.06182
8.999,0.49741,-0.19104,-1.5132,8.997,-0.085872,1.1074,0.0492
9.009,0.57642,-0.4459,-2.0865,9.007,-0.11954,1.2463,0.027738
9.019,0.38357,-0.47672,-1.055,9.017,-0.17128,1.2475,0.0090022
9.029,-0.16218,-0.24674,0.55907,9.027,-0.14747,1.2093,0.011338
9.039,-0.75662,0.15354,1.5898,9.037,-0.046876,1.1699,0.03483
9.049,-1.3065,0.60194,1.5012,9.047,0.0068486,1.1049,0.061529
9.059,-1.6074,0.82655,0.44176,9.057,-0.043959,1.0286,0.083195
9.069,-1.4707,0.80688,-0.62579,9.067,-0.13121,1.0146,0.088871
9.079,-0.94022,0.48784,-1.3033,9.077,-0.14947,1.0536,0.090817
9.089,0.18477,-0.26316,-0.91858,9.087,-0.0088985,1.0994,0.079918
9.099,1.3031,-0.88653,0.085628,9.097,0.14795,1.1007,0.075915
9.109,1.2236,-0.68537,0.88442,9.107,0.17896,1.1418,0.075971
9.119,-0.035773,-0.13803,2.0171,9.117,0.14572,1.133,0.053093
9.129,-1.6098,0.18555,2.5879,9.127,0.11087,1.0626,0.028507
9.139,-3.0801,0.42018,1.5581,9.137,0.041936,1.0789,0.020609
9.149,-3.3798,0.76692,-0.57715,9.147,-0.20092,1.0667,0.011698
9.159,-2.3345,0.78292,-1.4984,9.157,-0.38021,0.97085,0.016679
9.169,-1.0343,0.24649,-0.23203,9.167,-0.39967,0.7739,0.022648
9.179,0.20958,-0.31924,1.131,9.177,-0.36622,0.49221,0.025914
9.189,0.065933,-0.63018,2.1887,9.187,-0.32633,0.25112,0.012897
9.199,-1.8161,-0.76351,4.2683,9.197,-0.27483,-0.029871,-0.010449
9.209,-4.4411,-0.72397,5.9932,9.207,-0.24142,-0.34583,0.0093279
9.219,-5.915,-0.49226,5.5701,9.217,-0.24056,-0.62277,0.076166
9.229,-5.818,-0.06767,1.8799,9.227,-0.2168,-0.56194,0.12691
9.239,-3.6428,0.42342,-1.7111,9.237,-0.19945,-0.52488,0.096742
9.249,-1.1824,0.62938,-3.0457,9.247,-0.19869,-0.52481,0.022621
9.259,1.1865,0.41161,-3.8585,9.257,-0.18456,-0.22366,-0.03696
9.269,2.4648,0.2204,-2.5231,9.267,-0.14369,-0.1427,-0.049103
9.279,3.7142,0.18667,-0.44704,9.277,-0.052249,-0.26608,-0.017667
9.289,3.9589,0.0095296,1.34,9.287,0.013775,-0.30271,-0.0055709
9.299,2.5415,-0.16313,1.8055,9.297,0.040816,-0.17274,-0.03041
9.309,0.45361,-0.055834,0.91267,9.307,0.022707,-0.086449,-0.060237
9.319,-0.26304,-0.13614,-0.078898,9.317,-0.031652,-0.2068,-0.075232
9.329,-0.19108,-0.22903,-0.77351,9.327,-0.077428,-0.25796,-0.054911
9.339,0.14016,-0.31289,-1.0646,9.337,-0.11671,-0.16609,-0.010379
9.349,0.47057,-0.2952,-0.93208,9.347,-0.13498,-0.029904,0.018697
9.359,0.96361,-0.15019,-0.21935,9.357,-0.14089,0.0078282,0.038539
9.369,0.90191,0.16702,0.32399,9.367,-0.14309,-0.020163,0.072482
9.379,0.85531,0.31807,0.76227,9.377,-0.14669,-0.091031,0.13805
9.389,0.90556,0.052253,0.76521,9.387,-0.13543,-0.099117,0.1656
9.399,1.1006,-0.51975,0.79221,9.397,-0.096444,-0.12171,0.16629
9.409,1.1778,-0.8288,0.72327,9.407,-0.043579,-0.19241,0.13438
9.419,0.98427,-0.74455,0.37246,9.417,-0.017773,-0.25583,0.10701
9.429,0.37617,-0.15228,-0.20058,9.427,-0.040144,-0.25583,0.13151
9.439,0.011996,0.48039,-0.48822,9.437,-0.087706,-0.25292,0.18105
9.449,0.018236,0.93226,-0.61139,9.447,-0.16265,-0.26115,0.19756
9.459,0.16208,0.87558,-0.58588,9.457,-0.19393,-0.24138,0.18247
9.469,0.22714,0.47629,-0.19759,9.467,-0.16177,-0.21602,0.14926
9.479,0.61732,-0.18746,0.1621,9.477,-0.078131,-0.19916,0.086977
9.489,0.5409,-0.61669,0.34643,9.487,0.0069813,-0.15102,0.034391
9.499,0.10081,-0.55349,0.32299,9.497,0.065099,-0.085324,0.034783
9.509,-0.34261,-0.10509,-0.060816,9.507,0.050345,0.0020528,0.096689
9.519,-0.34174,0.2313,-0.39279,9.517,-0.050513,0.031466,0.13298
9.529,-0.32247,0.33665,-0.36303,9.527,-0.13343,-0.0046826,0.12362
9.539,-0.064098,0.033043,-0.07616,9.537,-0.15052,-0.029391,0.084841
9.549,-0.0080479,-0.35056,0.28406,9.547,-0.10732,-0.022374,0.03464
9.559,-0.14121,-0.54361,0.6453,9.557,-0.0060554,-0.021468,-0.0059089
9.569,-0.55978,-0.60402,0.80205,9.567,0.056621,-0.038366,-0.015357
9.579,-0.74107,-0.45895,0.49149,9.577,0.10019,-0.057441,-0.0036003
9.589,-0.64003,-0.14037,-0.28275,9.587,0.07061,-0.04919,0.021361
9.599,-0.32764,0.18623,-0.95586,9.597,-0.010673,-0.015573,0.047889
9.609,-0.010987,0.29876,-1.0151,9.607,-0.073482,0.024291,0.05653
9.619,0.25787,0.097339,-0.43047,9.617,-0.090123,0.06071,0.038109
9.629,0.20343,-0.13728,0.054497,9.627,-0.056014,0.07299,0.0080996
9.639,-0.049626,-0.33915,0.58488,9.637,0.0029064,0.054055,-0.016803
9.649,-0.31754,-0.16831,0.65004,9.647,0.046568,0.020046,-0.014031
9.659,-0.38028,0.13279,0.33425,9.657,0.038045,-0.015478,0.0072248
9.669,-0.31731,0.27552,0.080188,9.667,0.015943,-0.028769,0.015476
9.679,-0.092393,0.18393,-0.14539,9.677,0.010536,0.0018366,0.00274
9.689,-0.031817,0.028129,-0.14424,9.687,0.023835,0.041841,-0.0090306
9.699,-0.11989,0.048695,0.046394,9.697,0.042755,0.12203,-0.0025343
9.709,-0.36212,0.24806,0.3461,9.707,0.060643,0.2454,0.026246
9.719,-0.51226,0.34643,0.35358,9.717,0.074022,0.35527,0.055581
9.729,-0.473,0.22929,0.31279,9.727,0.082941,0.35381,0.060022
9.739,-0.29868,-0.10984,0.011346,9.737,0.088191,0.29121,0.032153
9.749,0.15771,-0.46011,-0.66945,9.747,0.090163,0.31586,-0.012818
9.759,0.55109,-0.42176,-1.1066,9.757,0.12805,0.46326,-0.03093
9.769,0.88429,-0.34546,-0.84804,9.767,0.21369,0.59231,-0.022087
9.779,1.1945,-0.42769,0.58998,9.777,0.18584,0.57845,-0.034259
9.789,0.72695,-0.34493,1.4474,9.787,0.021899,0.4357,-0.056178
9.799,0.075558,-0.17303,1.8849,9.797,-0.12303,0.15751,-0.067008
9.809,0.080645,-0.28086,1.2106,9.807,-0.1373,-0.053723,-0.097937
9.819,0.32798,-0.38487,0.37711,9.817,-0.026549,-0.16537,-0.16392
9.829,0.38405,-0.38721,0.14803,9.827,0.070699,-0.24577,-0.21221
9.839,0.43363,-0.46544,-0.39793,9.837,0.12047,-0.16328,-0.21032
9.849,0.68452,-0.61497,-0.79369,9.847,0.20483,0.095319,-0.16724
9.859,0.59081,-0.71467,-0.20314,9.857,0.2864,0.20175,-0.15334
9.869,0.17344,-0.66764,0.53843,9.867,0.32202,0.15568,-0.19306
9.879,-0.48377,-0.40109,0.84629,9.877,0.33934,0.11258,-0.23829
9.889,-1.2995,-0.062347,0.50618,9.887,0.32064,0.063756,-0.28402
9.899,-2.0719,0.042858,-0.31332,9.897,0.22323,0.0031075,-0.31313
9.909,-2.7479,0.1754,-0.65527,9.907,0.13232,-0.077362,-0.28512
9.919,-3.2057,0.17556,-0.30209,9.917,0.16113,-0.19752,-0.22491
9.929,-3.5966,-0.052057,0.4086,9.927,0.25611,-0.34305,-0.1385
9.939,-3.3874,-0.017086,0.56311,9.937,0.29998,-0.40658,-0.069217
9.949,-2.3657,0.040626,0.18604,9.947,0.25397,-0.37502,-0.058236
9.959,-1.3012,0.19611,0.67726,9.957,0.23341,-0.41994,-0.04913
9.969,-0.86886,0.41734,1.2128,9.967,0.26151,-0.55083,-0.031802
9.979,-0.6398,0.71591,1.1778,9.977,0.24884,-0.68006,-0.010941
9.989,-0.34667,1.3301,0.61928,9.987,0.16167,-0.76929,0.028287
9.999,0.066858,1.5854,0.53949,9.997,0.08353,-0.82688,0.063122
10.009,0.53518,1.0147,1.2713,10.007,0.065981,-0.88685,0.073875
10.019,1.0133,0.12637,1.2167,10.017,0.048895,-0.90789,0.090956
10.029,1.4414,-0.50696,0.65339,10.027,0.031171,-0.90396,0.1066
10.039,1.6435,-0.85161,0.18762,10.037,0.038238,-0.9417,0.093306
10.049,1.6369,-1.166,-0.11841,10.047,0.056522,-1.0194,0.072555
10.059,1.1704,-0.76975,-0.099694,10.057,0.074437,-1.0434,0.10593
10.069,0.84367,-0.0073021,-0.13147,10.067,0.14239,-1.0298,0.13102
10.079,0.79541,0.66061,-0.06206,10.077,0.24476,-1.0596,0.11389
10.089,0.6233,0.93881,-0.28115,10.087,0.27703,-1.1314,0.057879
10.099,0.29024,0.78828,-0.45204,10.097,0.17835,-1.2786,-0.012864
10.109,-0.027867,0.41491,-0.26206,10.107,0.0089208,-1.3711,-0.031335
10.119,-0.23381,-0.1419,0.069464,10.117,-0.11091,-1.3563,-0.026299
10.129,-0.41531,-0.75057,0.28805,10.127,-0.15839,-1.3083,-0.0027131
10.139,-0.72631,-0.92204,0.20763,10.137,-0.11182,-1.2175,0.041641
10.149,-0.97883,-0.30995,0.45136,10.147,0.024439,-1.2357,0.046487
10.159,-1.4636,0.28783,0.38305,10.157,0.12083,-1.3273,0.018858
10.169,-1.9149,0.99627,-0.31857,10.167,0.095429,-1.3337,0.0073427
10.179,-2.0761,1.6854,-0.92278,10.177,0.014109,-1.3184,0.00065153
10.189,-1.9464,1.6424,-0.63466,10.187,-0.091276,-1.3626,-0.0123
10.199,-1.657,0.8287,0.084855,10.197,-0.20952,-1.401,-0.017627
10.209,-1.0256,-0.1127,0.33234,10.207,-0.26065,-1.3328,-0.0091047
10.219,-0.23991,-0.72253,0.025415,10.217,-0.26399,-1.203,-0.022025
10.229,0.4134,-1.2511,-0.43174,10.227,-0.2223,-1.1251,-0.05278
10.239,0.379,-1.0123,0.048751,10.237,-0.10678,-1.1669,-0.091448
10.249,-0.35684,-0.29806,0.59949,10.247,-0.039079,-1.2433,-0.11244
10.259,-1.0296,0.28124,0.69828,10.257,-0.050535,-1.3236,-0.1044
10.269,-1.2581,0.64537,0.58473,10.267,-0.096603,-1.3339,-0.079412
10.279,-1.3246,0.74776,0.29201,10.277,-0.15263,-1.2793,-0.028545
10.289,-1.1183,0.50464,0.02126,10.287,-0.16176,-1.2304,0.0052471
10.299,-0.74795,0.20157,-0.30075,10.297,-0.14454,-1.2305,0.0026132
10.309,-0.4718,0.0025971,-0.53521,10.307,-0.12562,-1.2446,-0.015713
10.319,-0.068518,-0.7251,-0.11101,10.317,-0.086341,-1.3424,-0.051571
10.329,-0.084812,-0.79009,0.17163,10.327,-0.067841,-1.4457,-0.075151
10.339,-0.11241,-0.6288,0.34297,10.337,-0.050968,-1.4895,-0.1034
10.349,-0.31372,-0.35694,0.29742,10.347,-0.035432,-1.5065,-0.1114
10.359,-0.69455,0.14983,0.031739,10.357,-0.04133,-1.5488,-0.073509
10.369,-0.93068,0.57596,-0.15552,10.367,-0.066087,-1.5975,-0.043672
10.379,-0.78391,0.70513,-0.32086,10.377,-0.08382,-1.7067,-0.027214
10.389,-0.52185,0.59452,-0.38912,10.387,-0.084885,-1.8164,-0.049585
10.399,-0.35916,0.26258,-0.47476,10.397,-0.098733,-1.8867,-0.083673
10.409,-0.32457,-0.098649,-0.34218,10.407,-0.10779,-1.9218,-0.10151
10.419,-0.35864,-0.1897,0.046279,10.417,-0.089146,-1.9304,-0.11563
10.429,-0.5268,-0.34038,0.37098,10.427,-0.055299,-1.8886,-0.12564
10.439,-0.8405,-0.39665,0.51973,10.437,-0.020635,-1.8091,-0.1127
10.449,-1.1057,-0.53291,0.18913,10.447,-0.028593,-1.7572,-0.085953
10.459,-1.0498,-0.34809,-0.4538,10.457,-0.075406,-1.6693,-0.062962
10.469,-1.1433,-0.0027291,-0.1981,10.467,-0.081067,-1.717,-0.05321
10.479,-1.2485,0.24843,0.60382,10.477,-0.084506,-1.91,-0.037485
10.489,-1.0654,0.31825,0.87037,10.487,-0.075986,-2.0619,-0.044613
10.499,-1.0766,0.19951,0.12899,10.497,-0.043668,-1.9786,-0.058952
10.509,-1.1145,0.038101,-0.73112,10.507,-0.0061085,-1.7501,-0.050903
10.519,-1.1495,0.072914,-1.1557,10.517,0.020131,-1.6264,-0.043351
10.529,-0.44426,-0.19199,-1.0017,10.527,0.034235,-1.542,-0.031527
10.539,-0.14231,-0.46648,-0.72006,10.537,0.016109,-1.4879,-0.025209
10.549,0.26451,-0.44332,-0.48295,10.547,-0.019923,-1.409,-0.031847
10.559,0.6021,-0.15387,-0.30013,10.557,-0.04334,-1.3435,-0.034671
10.569,0.28952,0.071062,-0.22764,10.567,-0.047328,-1.3336,-0.02451
10.579,0.020984,0.41247,0.12779,10.577,-0.039587,-1.4312,-0.014506
10.589,-0.071414,0.61752,0.38699,10.587,-0.020036,-1.5928,-0.023327
10.599,-0.28929,0.59602,0.21797,10.597,-0.0081237,-1.7013,-0.060147
10.609,-0.5123,0.27591,-0.13645,10.607,-0.0011265,-1.7464,-0.11111
10.619,-0.60097,-0.020121,-0.71913,10.617,0.016715,-1.7638,-0.1342
10.629,-0.40753,-0.096815,-1.3232,10.627,0.028075,-1.7816,-0.11645
10.639,0.023122,-0.034417,-1.7077,10.637,0.025166,-1.8446,-0.09713
10.649,0.62083,0.15687,-1.5495,10.647,0.035047,-1.9237,-0.091109
10.659,1.0551,0.14275,-1.3886,10.657,0.072792,-2.0138,-0.10012
10.669,1.5324,0.16607,-1.009,10.667,0.096825,-2.0952,-0.11181
10.679,1.5203,0.19301,-0.79032,10.677,0.10254,-2.2077,-0.11783
10.689,1.1715,0.3283,-0.52769,10.687,0.10489,-2.334,-0.11146
10.699,0.84156,0.53495,-0.44628,10.697,0.1067,-2.4751,-0.058384
10.709,0.73256,0.87944,-0.54191,10.707,0.10373,-2.6102,0.031491
10.719,0.51173,0.7765,-0.63816,10.717,0.072352,-2.756,0.089325
10.729,0.37583,0.18645,-0.70232,10.727,0.036549,-2.8913,0.051997
10.739,0.2297,-0.10017,-0.68799,10.737,0.035407,-2.9557,-0.0096986
10.749,-0.078136,-0.20027,-0.76262,10.747,0.047544,-2.9377,-0.025533
10.759,-0.61628,-0.16422,-0.94521,10.757,0.034251,-2.8933,-0.02802
10.769,-0.77154,-0.099821,-0.79354,10.767,0.023041,-2.8982,-0.048119
10.779,-0.19501,-0.013426,-0.17006,10.777,0.038675,-2.9928,-0.065588
10.789,-0.39588,0.10102,0.49186,10.787,0.0532,-3.1151,-0.0456
10.799,-0.78134,-0.0067342,0.64494,10.797,0.041367,-3.2594,-0.030014
10.809,-0.45121,-0.11373,0.65439,10.807,0.032564,-3.4612,-0.03279
10.819,-0.36255,0.12311,0.41873,10.817,0.032663,-3.6385,-0.027411
10.829,-0.51554,0.28873,-0.29176,10.827,0.011671,-3.733,-0.037
10.839,-0.56488,0.1986,-0.85462,10.837,0.007139,-3.7333,-0.074894
10.849,-0.49995,-0.060697,-1.1528,10.847,0.0098626,-3.7179,-0.12738
10.859,-0.70759,-0.11355,-1.502,10.857,-0.025916,-3.7422,-0.14944
10.869,-0.95009,-0.030503,-1.6827,10.867,-0.050351,-3.7605,-0.13961
10.879,-1.1437,0.10152,-1.7912,10.877,-0.069244,-3.7757,-0.11548
10.889,-1.0967,0.17129,-1.5737,10.887,-0.073369,-3.8054,-0.080968
10.899,-0.74632,0.072524,-1.2623,10.897,-0.046503,-3.8616,-0.060311
10.909,-0.62674,-0.010283,-1.5645,10.907,-0.022378,-3.8477,-0.068434
10.919,-0.87211,-0.0303,-1.85,10.917,-0.0047099,-3.7282,-0.09013
10.929,-1.1851,-0.11118,-1.9506,10.927,-0.0091259,-3.5193,-0.10251
10.939,-1.2466,-0.10848,-2.0943,10.937,-0.01067,-3.27,-0.096597
10.949,-1.0403,0.00042316,-2.0233,10.947,0.00032476,-3.097,-0.064925
10.959,-0.75362,-0.016599,-1.5751,10.957,0.024151,-2.9585,-0.024697
10.969,-0.66687,0.0030098,-1.1088,10.967,0.043407,-2.9335,0.00044854
10.979,-1.0665,0.11788,-1.1836,10.977,0.044886,-2.8764,0.029929
10.989,-0.93771,0.029218,-1.5043,10.987,0.035106,-2.7327,0.034618
10.999,-0.29406,-0.11082,-1.9142,10.997,0.012811,-2.4783,0.025225
11.009,-0.27479,-0.1357,-2.5607,11.007,-0.019507,-2.1717,0.036719
11.019,-0.022987,-0.20921,-2.9415,11.017,-0.051474,-1.7801,0.046991
11.029,0.12489,-0.29551,-2.661,11.027,-0.044483,-1.4929,0.048355
11.039,-0.058831,-0.34489,-2.4276,11.037,-0.020988,-1.1197,0.046583
11.049,-0.12418,-0.2423,-2.2156,11.047,-0.0054886,-0.88313,0.036426
11.059,-0.084467,-0.01809,-1.9736,11.057,0.0010176,-0.6503,0.016585
11.069,-0.16595,0.11696,-1.9967,11.067,-0.0041905,-0.48906,0.00023856
11.079,-0.22639,0.19404,-1.9783,11.077,-0.0096196,-0.26843,-0.015666
11.089,-0.16584,0.17981,-1.997,11.087,-0.0086558,-0.014007,-0.019265
11.099,-0.036635,0.040281,-1.9714,11.097,-0.00026792,0.23705,-0.011105
11.109,0.017806,-0.1726,-1.9648,11.107,0.0088583,0.42914,-0.01017
11.119,-0.0056078,-0.26242,-1.9807,11.117,0.027736,0.71848,-0.011827
11.129,-0.040404,-0.23937,-1.8763,11.127,0.04705,0.90503,-0.014487
11.139,-0.1476,-0.037856,-2.012,11.137,0.06309,1.136,-0.01043
11.149,-0.22246,0.1217,-2.1913,11.147,0.066812,1.4237,-0.0010388
11.159,-0.33198,0.1787,-2.1995,11.157,0.069258,1.6868,0.0055352
11.169,-0.42751,0.12207,-2.0586,11.167,0.072025,1.8673,0.0090136
11.179,-0.48614,0.067065,-1.9789,11.177,0.074905,2.0654,0.005809
11.189,-0.49058,0.057944,-1.9411,11.187,0.077035,2.2784,0.0004827
11.199,-0.52953,0.075434,-1.9886,11.197,0.082836,2.5144,-0.0075871
11.209,-0.56806,0.041974,-2.0132,11.207,0.086178,2.689,-0.013401
11.219,-0.59686,0.065421,-1.9904,11.217,0.092739,2.9389,-0.027612
11.229,-0.63503,0.077682,-1.9042,11.227,0.10154,3.1061,-0.039997
11.239,-0.69399,-0.0091058,-1.874,11.237,0.11006,3.2681,-0.05065
11.249,-0.75827,-0.063,-1.8301,11.247,0.11267,3.3906,-0.056368
11.259,-1.3029,0.03676,-1.4585,11.257,0.12115,3.4925,-0.061051
11.269,-1.4176,0.094904,-1.2699,11.267,0.12525,3.5117,-0.052322
11.279,-1.2212,0.024207,-1.1103,11.277,0.13069,3.5236,-0.048434
11.289,-1.2372,0.040962,-1.0553,11.287,0.13776,3.5067,-0.051715
11.299,-1.2279,0.087525,-1.0686,11.297,0.14734,3.495,-0.058107
11.309,-1.1511,0.16142,-1.0175,11.307,0.16009,3.5019,-0.057234
11.319,-0.89959,0.089035,-1.0683,11.317,0.16652,3.5237,-0.058107
11.329,-0.81249,-0.053988,-1.0695,11.327,0.16273,3.5554,-0.066617
11.339,-0.63714,-0.058659,-1.0095,11.337,0.15906,3.6089,-0.079412
11.349,-0.37349,-0.18568,-0.96456,11.347,0.15115,3.6449,-0.103
11.359,-0.25148,-0.24903,-0.73696,11.357,0.13569,3.639,-0.13683
11.369,-0.26608,-0.29381,-0.44111,11.367,0.13514,3.5367,-0.163
11.379,-0.38798,-0.33062,-0.09907,11.377,0.16083,3.4775,-0.17272
11.389,-0.45349,-0.30238,-0.32821,11.387,0.18474,3.527,-0.18152
11.399,-0.31415,-0.25186,-0.47657,11.397,0.16886,3.6061,-0.1982
11.409,-0.21686,0.069144,-0.30895,11.407,0.15043,3.6114,-0.20589
11.419,-0.20269,0.43188,-0.18118,11.417,0.099612,3.4991,-0.18458
11.429,-0.075351,0.57067,0.13254,11.427,0.078048,3.2991,-0.14529
11.439,0.073188,0.4509,0.56741,11.437,0.079759,3.1705,-0.125
11.449,0.051379,0.32336,0.80021,11.447,0.061355,3.1175,-0.097645
11.459,0.42409,0.17527,0.83667,11.457,0.072774,2.9527,-0.042128
11.469,0.85329,0.057847,0.66391,11.467,0.067979,2.7215,-0.01058
11.479,1.1144,-0.042983,0.15743,11.477,0.025363,2.399,0.016472
11.489,0.77065,-0.0223,-0.39892,11.487,-0.029806,2.1361,0.047306
11.499,0.30597,0.048509,-0.90635,11.497,-0.066082,2.0306,0.056012
11.509,0.11168,0.2422,-0.9702,11.507,-0.093256,2.0232,0.035619
11.519,-0.034096,0.48779,-0.72054,11.517,-0.11504,2.0728,-0.005015
11.529,-0.26508,0.6256,-0.54024,11.527,-0.13714,2.1004,-0.024852
11.539,-0.69813,0.58537,-0.53762,11.537,-0.15247,2.102,-0.0061708
11.549,-0.90929,0.33755,-0.64323,11.547,-0.14121,2.0388,0.049308
11.559,-0.97181,0.081959,-0.53839,11.557,-0.10057,1.8679,0.09257
11.569,-1.0159,0.027846,-0.28377,11.567,-0.057655,1.6823,0.097373
11.579,-1.1811,0.18393,-0.051865,11.577,-0.024155,1.5978,0.07545
11.589,-1.4089,0.46795,0.26395,11.587,-0.0067865,1.6357,0.025551
11.599,-1.3607,0.66012,0.4801,11.597,-0.019867,1.7014,-0.034553
11.609,-1.1356,0.71032,0.6391,11.607,-0.053757,1.7135,-0.075863
11.619,-1.1025,0.60461,0.28253,11.617,-0.12629,1.7669,-0.10179
11.629,-0.90417,0.34806,0.034563,11.627,-0.17914,1.7618,-0.095971
11.639,-0.32401,-0.17033,-0.46423,11.637,-0.17885,1.6708,-0.066126
11.649,0.23607,-0.49797,-0.63846,11.647,-0.095003,1.5723,-0.032744
11.659,0.52476,-0.41616,-0.24396,11.657,0.0051457,1.5205,-0.01039
11.669,0.45456,-0.26663,-0.1338,11.667,0.034968,1.5413,0.0051213
11.679,-0.045462,-0.018654,-0.3868,11.677,-0.0094048,1.6392,0.020625
11.689,-0.50572,0.25468,-0.41913,11.687,-0.079267,1.71,0.021999
11.699,-0.69565,0.44387,-0.12255,11.697,-0.13986,1.6682,0.0088447
11.709,-0.83721,0.53435,0.20391,11.707,-0.17727,1.602,-0.0058231
11.719,-0.88966,0.39378,-0.070889,11.717,-0.17848,1.5654,-0.0093465
11.729,-0.58853,-0.044529,-0.66476,11.727,-0.15497,1.5095,0.0021719
11.739,0.041141,-0.47243,-0.87227,11.737,-0.11872,1.4191,0.013264
11.749,0.39672,-0.68595,-0.34472,11.747,-0.059111,1.4139,0.0038494
11.759,0.19895,-0.66023,0.14431,11.757,-0.008554,1.518,-0.020272
11.769,-0.060409,-0.48693,0.12169,11.767,0.0035354,1.596,-0.042053
11.779,-0.3366,-0.23415,-0.03677,11.777,-0.0057597,1.6132,-0.059367
11.789,-0.60031,-0.074705,-0.00099243,11.787,-0.0279,1.5951,-0.067345
11.799,-0.73293,-0.050554,0.021135,11.797,-0.059257,1.594,-0.067281
11.809,-0.47551,-0.18384,-0.76582,11.807,-0.098406,1.6012,-0.063457
11.819,-0.05009,-0.62472,-1.511,11.817,-0.11356,1.4873,-0.059368
11.829,0.16253,-1.0893,-1.1767,11.827,-0.054327,1.305,-0.072687
11.839,0.044762,-1.254,-0.089575,11.837,0.071092,1.2781,-0.096128
11.849,-0.45482,-0.89069,0.46398,11.847,0.13914,1.4023,-0.10124
11.859,-0.95691,-0.40314,0.44237,11.857,0.098222,1.4535,-0.099054
11.869,-1.2363,0.10851,0.65365,11.867,0.019458,1.403,-0.092332
11.879,-0.95407,0.57173,0.65185,11.877,-0.038449,1.3741,-0.081373
11.889,-0.19178,0.64172,0.18027,11.887,-0.065171,1.4343,-0.074145
11.899,0.52814,0.41371,-0.3669,11.897,-0.057188,1.5317,-0.067694
11.909,0.68941,0.044124,-1.022,11.907,-0.06177,1.5597,-0.045314
11.919,0.27418,-0.2568,-1.3088,11.917,-0.067785,1.4888,-0.022718
11.929,-0.51549,-0.47319,-0.47546,11.927,-0.035018,1.4145,0.0057633
11.939,-1.4083,-0.45584,0.60375,11.937,0.020989,1.3821,0.01545
11.949,-1.9598,-0.033629,0.81176,11.947,0.032837,1.38,-0.014052
11.959,-2.2341,0.36634,0.59327,11.957,-0.0037761,1.3922,-0.067835
11.969,-2.1753,0.6727,0.31256,11.967,-0.046661,1.39,-0.11353
11.979,-1.8908,0.84196,0.1292,11.977,-0.10619,1.3206,-0.14791
11.989,-1.6518,0.8047,0.096839,11.987,-0.16218,1.1964,-0.11859
11.999,-1.3857,0.50465,-0.031705,11.997,-0.19396,1.1081,-0.05872
12.009,-1.2976,0.11691,0.14149,12.007,-0.16464,1.0493,0.010833
12.019,-0.7576,-0.3102,-0.043897,12.017,-0.089795,1.1093,0.020479
12.029,0.94594,-0.90049,-0.72388,12.027,0.092832,1.2757,0.00062996
12.039,0.78888,-0.62898,-0.46905,12.037,0.069478,1.164,-0.044088
12.049,0.34702,-0.20208,0.03448,12.047,0.051147,1.1474,-0.056645
12.059,-0.27125,0.36713,0.33326,12.057,-0.012508,1.2434,-0.039387
12.069,-0.5547,0.67629,0.28877,12.067,-0.09222,1.2874,-0.012067
12.079,-0.54347,0.85184,0.064805,12.077,-0.1469,1.2862,0.014832
12.089,-0.23791,0.85971,-0.16407,12.087,-0.13645,1.234,0.038783
12.099,0.41829,0.38148,-1.3534,12.097,-0.10406,1.2015,0.046289
12.109,1.2289,-0.16343,-1.6268,12.107,-0.073026,1.1146,0.023579
12.119,1.511,-0.59711,-0.7395,12.117,-0.032384,1.0843,-0.0027995
12.129,1.0837,-0.69173,-0.16701,12.127,0.012427,1.1485,-0.047103
12.139,0.1718,-0.15671,0.27055,12.137,0.015046,1.1606,-0.050024
12.149,-0.71287,0.44044,0.9438,12.147,0.018329,1.1058,-0.026257
12.159,-1.5274,0.8935,1.0127,12.157,0.025963,1.1867,0.050699
12.169,-1.4164,0.87114,0.53724,12.167,0.023772,1.2217,0.081443
12.179,-0.86248,0.71012,-0.60116,12.177,-0.044405,1.2441,0.10168
12.189,-0.044527,0.35066,-1.7074,12.187,-0.16137,1.2811,0.090203
12.199,0.60366,-0.066075,-1.7319,12.197,-0.23083,1.2547,0.0889
12.209,1.0803,-0.48461,-0.51244,12.207,-0.23722,1.1578,0.06866
12.219,0.75413,-0.51646,1.1337,12.217,-0.16052,1.0736,0.032441
12.229,0.16177,-0.37409,2.0214,12.227,-0.079559,0.96816,-0.0069741
12.239,-2.0697,0.13494,3.4558,12.237,-0.067841,0.80624,-0.033606
12.249,-3.8675,0.55041,3.297,12.247,-0.16653,0.67194,-0.025597
12.259,-5.2442,0.80052,2.2015,12.257,-0.28345,0.60639,0.018691
12.269,-5.275,0.80329,0.99388,12.267,-0.34527,0.54997,0.081647
12.279,-4.2256,0.53292,1.3659,12.277,-0.31024,0.2698,0.15581
12.289,-3.0114,0.19508,2.2267,12.287,-0.16052,-0.060883,0.19543
12.299,-1.628,-0.030523,1.7103,12.297,-0.076498,-0.19611,0.15197
12.309,-0.38843,-0.047461,1.0652,12.307,-0.096484,-0.4103,0.074337
12.319,-0.7132,-0.084639,1.3775,12.317,-0.17543,-0.66702,0.049485
12.329,-1.9841,-0.3843,1.654,12.327,-0.22443,-0.75757,0.059072
12.339,-1.9425,-0.54701,1.0355,12.337,-0.23083,-0.7842,0.051615
12.349,-1.2428,-0.45283,-0.38607,12.347,-0.22072,-0.77564,0.035367
12.359,-0.5494,-0.2921,-1.7689,12.357,-0.19993,-0.68619,0.017527
12.369,0.0080283,-0.32151,-2.669,12.367,-0.16554,-0.55762,0.011121
12.379,0.754,-0.37278,-2.7531,12.377,-0.10544,-0.35886,0.014515
12.389,1.5148,-0.37862,-2.3281,12.387,-0.062333,-0.17141,0.024818
12.399,2.2424,-0.32377,-1.523,12.397,-0.020627,0.092169,0.020736
12.409,3.0455,-0.037936,-0.010564,12.407,-0.0013388,0.22655,0.001587
12.419,3.2391,0.23263,1.1514,12.417,-0.017356,0.1791,-0.0077801
12.429,2.4036,0.37506,1.6878,12.427,-0.060059,0.12507,0.026069
12.439,1.2459,0.28413,1.5428,12.437,-0.10582,0.10919,0.068543
12.449,0.14734,-0.053743,1.2393,12.447,-0.12409,0.068469,0.090758
12.459,-0.54202,-0.57489,1.0778,12.457,-0.099799,-0.031056,0.079312
12.469,-0.72943,-0.7319,1.0372,12.467,-0.076705,-0.10156,0.064215
12.479,-0.73116,-0.68073,0.84527,12.477,-0.066993,-0.19632,0.052465
12.489,-0.52634,-0.39634,0.35353,12.487,-0.090868,-0.30153,0.061349
12.499,-0.12399,-0.25715,-0.59095,12.497,-0.12249,-0.29166,0.085589
12.509,0.56333,-0.23505,-0.93304,12.507,-0.12191,-0.25497,0.10885
12.519,1.1178,-0.24761,-1.0647,12.517,-0.096198,-0.2279,0.10795
12.529,1.6059,-0.26282,-0.86257,12.527,-0.057206,-0.18951,0.071992
12.539,1.5364,-0.03111,-0.51741,12.537,-0.024598,-0.16425,0.059814
12.549,1.1511,0.37337,-0.48315,12.547,-0.020162,-0.10083,0.10479
12.559,0.85164,0.83055,-0.57355,12.557,-0.060735,-0.040934,0.15582
12.569,0.62512,1.1495,-0.60885,12.567,-0.11885,-0.005255,0.18779
12.579,0.43868,1.126,-0.38417,12.577,-0.1695,0.011747,0.20779
12.589,0.35583,0.72496,-0.12423,12.587,-0.20953,0.010869,0.19401
12.599,0.36954,0.1555,0.18977,12.597,-0.21532,-0.025004,0.13181
12.609,0.14521,-0.47914,0.65467,12.607,-0.1663,-0.097766,0.068773
12.619,-0.21787,-1.0219,0.67647,12.617,-0.092744,-0.12991,0.036893
12.629,-0.36563,-1.0501,0.34188,12.627,-0.017054,-0.095773,0.028686
12.639,-0.37036,-0.78441,0.11337,12.637,0.033562,-0.049978,0.036398
12.649,-0.27635,-0.43154,-0.025817,12.647,0.052276,-0.0013034,0.050713
12.659,-0.23686,-0.24869,0.061657,12.657,0.071235,0.024644,0.055293
12.669,-0.41545,-0.31569,0.46493,12.667,0.098215,0.014078,0.054888
12.679,-0.86361,-0.30308,0.67739,12.677,0.096245,-0.020889,0.064722
12.689,-1.0801,-0.15714,0.56475,12.687,0.051952,-0.056787,0.070881
12.699,-0.83003,-0.024844,0.22198,12.697,-0.00094193,-0.042861,0.055093
12.709,-0.4465,0.19771,-0.44146,12.707,-0.041028,0.052862,0.038345
12.719,-0.20466,0.38214,-0.59752,12.717,-0.05661,0.15956,0.035221
12.729,-0.29416,0.37333,-0.24963,12.727,-0.034735,0.17516,0.026872
12.739,-0.42004,0.064477,0.32142,12.737,0.002524,0.11889,0.0035554
12.749,-0.36067,-0.42395,0.72121,12.747,0.068756,0.11347,-0.036043
12.759,-0.24796,-0.592,0.28419,12.757,0.13495,0.22261,-0.055159
12.769,0.07189,-0.21247,-0.42611,12.767,0.15198,0.36736,-0.021869
12.779,0.39373,0.3841,-0.16652,12.777,0.17496,0.48236,0.019067
12.789,0.38404,0.67525,0.76159,12.787,0.17941,0.48258,0.024346
12.799,0.13654,0.55431,1.2347,12.797,0.1291,0.38439,-0.016271
12.809,-0.046172,0.1076,0.73011,12.807,0.049142,0.32456,-0.068684
12.819,0.12581,-0.3628,0.48375,12.817,-0.01182,0.2432,-0.099091
12.829,0.34751,-0.52624,1.5205,12.827,-0.032998,0.064763,-0.10049
12.839,0.48253,-0.3651,1.7615,12.837,-0.029849,-0.028453,-0.06531
12.849,1.3395,-0.12069,-0.64855,12.847,0.062364,0.18299,-0.073047
12.859,2.5299,-0.075916,-2.8724,12.857,0.26532,0.52679,-0.1559
12.869,2.2317,-0.10288,-2.3726,12.867,0.3216,0.53789,-0.20832
12.879,0.059151,-0.08228,-0.46576,12.877,0.11592,0.056792,-0.26624
12.889,-0.92941,-0.19847,-0.42249,12.887,-0.023249,0.11218,-0.14467
12.899,-0.96949,-0.11966,0.32146,12.897,-0.070965,0.078387,-0.082546
12.909,-0.79676,0.24059,1.2156,12.907,0.0185,0.032488,-0.076805
12.919,-0.88573,0.56748,0.71224,12.917,0.13306,0.020043,-0.11403
12.929,-1.2446,0.47696,-0.18118,12.927,0.15703,0.00070533,-0.15884
12.939,-1.7404,0.26577,-0.55498,12.937,0.093062,-0.079319,-0.15726
12.949,-2.1792,-0.081469,-0.12825,12.947,0.042714,-0.20451,-0.11243
12.959,-2.5415,-0.69198,0.72302,12.957,0.088311,-0.35724,-0.060431
12.969,-2.6099,-1.1053,0.89611,12.967,0.15614,-0.40308,-0.037789
12.979,-2.5264,-1.3127,0.93432,12.977,0.21719,-0.41026,-0.025649
12.989,-2.0307,-1.0455,1.0292,12.987,0.37471,-0.41556,-0.022434
12.999,-1.4686,-0.4064,1.0703,12.997,0.3985,-0.46481,-0.047201
13.009,-0.90401,0.076483,0.91522,13.007,0.39556,-0.52407,-0.076626
13.019,-0.66843,0.29087,0.85835,13.017,0.35032,-0.63865,-0.088739
13.029,-0.51308,0.37594,0.70196,13.027,0.27837,-0.77994,-0.063433
13.039,-0.3089,0.56094,0.72984,13.037,0.18782,-0.91096,0.0036785
13.049,0.19831,0.6774,1.016,13.047,0.16159,-0.95795,0.0825
13.059,0.89219,0.34053,0.90931,13.057,0.20543,-0.95625,0.094917
13.069,1.2213,-0.17842,0.38034,13.067,0.20061,-0.9621,0.071855
13.079,1.3103,-0.61732,-0.10002,13.077,0.15821,-0.98074,0.06246
13.089,1.1073,-0.42426,-0.1307,13.087,0.13882,-1.0345,0.080377
13.099,1.0779,0.068581,0.27936,13.097,0.23983,-1.0789,0.040486
13.109,0.54551,0.2893,-0.095255,13.107,0.22706,-1.1509,0.016606
13.119,-0.037779,0.42201,-0.4783,13.117,0.15137,-1.2247,0.020705
13.129,-0.56419,0.40026,-0.26287,13.127,0.079193,-1.2844,0.036571
13.139,-1.0202,0.27048,0.16016,13.137,0.0088583,-1.4084,0.061203
13.149,-1.1951,0.29965,0.50712,13.147,-0.019564,-1.5358,0.068822
13.159,-1.1009,0.34985,0.7747,13.157,-0.050505,-1.5754,0.047361
13.169,-1.0045,0.18504,0.64341,13.167,-0.069971,-1.5331,0.039897
13.179,-1.0064,-0.032903,0.52079,13.177,-0.067841,-1.5022,0.056942
13.189,-0.97774,0.10916,0.39808,13.187,-0.04283,-1.4693,0.079253
13.199,-0.70584,0.61358,-0.026423,13.197,0.0014015,-1.4383,0.047354
13.209,-0.60962,0.94231,-0.25196,13.207,0.015483,-1.4556,-0.01831
13.219,-0.72501,0.8138,-0.55449,13.217,-0.044405,-1.4798,-0.094326
13.229,-0.89378,0.35846,-1.0324,13.227,-0.15848,-1.5027,-0.11503
13.239,-1.0039,0.11804,-0.94426,13.237,-0.25221,-1.5261,-0.080796
13.249,-0.94606,-0.16224,-0.20808,13.247,-0.24636,-1.5187,-0.037268
13.259,-0.7323,-0.31836,0.68214,13.257,-0.10793,-1.5293,-0.005069
13.269,-0.79538,-0.37621,0.89104,13.267,-0.058986,-1.5408,-0.0004567
13.279,-0.81351,-0.1848,0.78084,13.277,-0.053519,-1.5556,-0.00099244
13.289,-0.62471,0.083018,0.50781,13.287,-0.07589,-1.5318,-0.017508
13.299,-0.55496,0.3489,-0.15496,13.297,-0.11682,-1.4789,-0.022912
13.309,-0.59888,0.53191,-0.41927,13.307,-0.1336,-1.4735,-0.0055439
13.319,-0.73226,0.50616,-0.44685,13.317,-0.13105,-1.4922,0.0041707
13.329,-0.90774,0.14573,-0.035883,13.327,-0.12022,-1.5808,-0.0020012
13.339,-1.0656,-0.30674,0.41816,13.337,-0.09775,-1.6782,-0.0087765
13.349,-1.0331,-0.53325,0.44563,13.347,-0.082917,-1.7009,-0.0075549
13.359,-0.76222,-0.35028,0.39698,13.357,-0.077826,-1.6756,-0.0086163
13.369,-0.61313,-0.049645,0.26419,13.367,-0.072983,-1.6504,-0.014947
13.379,-0.48621,0.18714,-0.016356,13.377,-0.059129,-1.6421,-0.024034
13.389,-0.42289,0.21919,-0.40358,13.387,-0.047245,-1.6473,-0.033782
13.399,-0.57246,0.041614,-0.93567,13.397,-0.037712,-1.63,-0.031618
13.409,-0.74105,-0.12845,-1.0153,13.407,-0.024353,-1.655,-0.020509
13.419,-0.78778,-0.29247,-0.5212,13.417,-0.038485,-1.8062,-0.03491
13.429,-0.75876,-0.25554,-0.095569,13.427,-0.065731,-1.9732,-0.05987
13.439,-0.75328,-0.26361,0.17887,13.437,-0.069767,-2.0403,-0.081727
13.449,-0.79754,-0.15854,0.16206,13.447,-0.06037,-1.9917,-0.085595
13.459,-0.7045,0.086949,0.22963,13.457,-0.06193,-1.9234,-0.075066
13.469,-0.63452,0.037906,0.14764,13.467,-0.064416,-1.8532,-0.062745
13.479,-0.72818,0.082391,-0.34071,13.477,-0.053556,-1.7431,-0.026553
13.489,-0.67124,0.30591,-0.53857,13.487,-0.053832,-1.7513,0.0050565
13.499,-0.72073,0.27017,-0.016813,13.497,-0.078106,-1.9143,0.024443
13.509,-0.80597,0.048909,0.44823,13.507,-0.089886,-2.0642,0.022463
13.519,-0.86113,-0.38774,0.26603,13.517,-0.045936,-2.0427,-0.013773
13.529,-1.0551,-0.63071,-0.34935,13.527,0.0063534,-1.9301,-0.048403
13.539,-1.1223,-0.67734,-0.70198,13.537,0.032006,-1.8347,-0.066289
13.549,-1.0226,-0.58475,-0.68413,13.547,0.029337,-1.7828,-0.067217
13.559,-0.48984,-0.18916,-0.56519,13.557,0.00076738,-1.7668,-0.070085
13.569,-0.15778,0.021454,-0.53879,13.567,-0.023746,-1.7437,-0.073544
13.579,-0.039831,0.26422,-0.3957,13.577,-0.037044,-1.7313,-0.057545
13.589,-0.24366,0.38983,-0.26992,13.587,-0.029481,-1.7475,-0.020584
13.599,-0.4418,0.49024,0.018914,13.597,0.015866,-1.9011,-0.0011746
13.609,-0.7994,0.57403,-0.17973,13.607,0.043524,-2.1277,-0.011398
13.619,-1.3764,0.52702,-0.45078,13.617,0.046287,-2.3468,-0.021978
13.629,-1.4294,0.46063,-0.30118,13.627,0.094906,-2.5675,-0.04361
13.639,-1.2152,0.3393,-0.41386,13.637,0.17045,-2.7194,-0.066874
13.649,-0.30835,0.29754,-0.68498,13.647,0.23793,-2.8247,-0.097634
13.659,1.2251,0.35151,-1.1057,13.657,0.23221,-2.8073,-0.13638
13.669,2.2893,0.31337,-1.3085,13.667,0.16676,-2.7395,-0.13434
13.679,3.1,0.16035,-1.3065,13.677,0.087708,-2.7496,-0.089761
13.689,3.2746,-0.01683,-1.3986,13.687,0.014524,-2.7983,-0.037807
13.699,2.6882,-0.14097,-1.5285,13.697,-0.0018446,-2.8147,-0.023439
13.709,1.3734,-0.41428,-1.4627,13.707,0.007158,-2.8526,-0.050733
13.719,0.16455,-0.36492,-1.4622,13.717,0.014087,-2.9608,-0.075833
13.729,0.20806,0.045312,-1.7983,13.727,0.034269,-2.9703,-0.066158
13.739,0.33901,0.26831,-1.73,13.737,0.029339,-2.9452,-0.062115
13.749,-0.22875,0.1978,-1.428,13.747,-0.0023174,-3.0011,-0.077671
13.759,-0.74364,0.073084,-1.3674,13.757,-0.01526,-2.9864,-0.083209
13.769,-0.3353,-0.12584,-1.333,13.767,-0.02455,-2.9182,-0.088357
13.779,0.20649,-0.35438,-1.2148,13.777,-0.054782,-2.8523,-0.097284
13.789,-0.017775,-0.30932,-0.84343,13.787,-0.052454,-2.8236,-0.064821
13.799,-0.32129,-0.24096,-0.42828,13.797,0.0072294,-2.8495,-0.0060488
13.809,-0.17032,-0.098889,-0.49333,13.807,0.04904,-2.8157,0.010238
13.819,0.20627,0.15303,-0.65846,13.817,0.060924,-2.7385,-0.00026096
13.829,-0.079166,0.34714,-0.76927,13.827,0.074364,-2.6399,-0.017405
13.839,-0.62862,0.467,-1.1272,13.837,0.079734,-2.5205,-0.030803
13.849,-0.34457,0.40176,-1.3597,13.847,0.054803,-2.3831,-0.048077
13.859,-0.072873,0.26981,-1.5441,13.857,0.026542,-2.2678,-0.054322
13.869,-0.068647,-0.002315,-1.5683,13.867,0.0056625,-2.1648,-0.066629
13.879,-0.25176,-0.20714,-1.4472,13.877,-0.019343,-2.0631,-0.090233
13.889,-0.56412,-0.20211,-1.6366,13.887,-0.014469,-1.9729,-0.10141
13.899,-0.61092,-0.1807,-1.9038,13.897,0.0012152,-1.8662,-0.11524
13.909,-0.50121,-0.13728,-1.9968,13.907,0.02127,-1.7735,-0.11294
13.919,-0.37998,-0.084993,-1.969,13.917,0.034416,-1.7066,-0.09919
13.929,-0.80924,0.11716,-2.1709,13.927,0.045477,-1.5832,-0.065353
13.939,-0.83135,0.22096,-2.2557,13.937,0.051469,-1.4361,-0.036802
13.949,-0.57782,0.25104,-2.2854,13.947,0.029366,-1.1937,-0.011293
13.959,-0.47003,0.24718,-2.2063,13.957,0.00072435,-1.0089,0.0052766
13.969,-0.29522,0.10346,-1.9392,13.967,-0.009827,-0.90633,0.020187
13.979,-0.36862,-0.028926,-1.6009,13.977,-0.0024869,-0.84929,0.031328
13.989,-0.9033,-0.099782,-1.4801,13.987,0.016132,-0.78028,0.036511
13.999,-0.96845,-0.23177,-1.6158,13.997,0.031093,-0.66826,0.028268
14.009,-0.48591,-0.30066,-1.5259,14.007,0.03449,-0.56958,0.020001
14.019,-0.097234,-0.27251,-1.1979,14.017,0.032972,-0.50968,0.015204
14.029,0.23555,-0.21153,-0.8999,14.027,0.030314,-0.44775,0.01686
14.039,-0.34266,-0.10967,-1.0661,14.037,0.036555,-0.33253,0.019657
14.049,-0.069718,0.099934,-1.2773,14.047,0.038686,-0.17061,0.015396
14.059,0.45367,0.10309,-1.1204,14.057,0.027097,-0.011066,0.01454
14.069,0.26674,0.027171,-0.88155,14.067,0.024528,0.031867,0.014603
14.079,0.10901,-0.05764,-0.68405,14.077,0.029098,0.09358,0.01007
14.089,0.020846,-0.15682,-0.63603,14.087,0.029977,0.14313,0.0080565
14.099,0.029344,-0.15025,-0.6996,14.097,0.033227,0.19365,0.0069014
14.109,-0.039804,-0.093655,-0.68839,14.107,0.031229,0.22248,0.0079395
14.119,-0.076265,0.030274,-0.5746,14.117,0.028325,0.22876,0.010785
14.129,-0.11846,0.17393,-0.53268,14.127,0.024837,0.2278,0.014331
14.139,-0.16907,0.25627,-0.52205,14.137,0.020761,0.22257,0.016337
14.149,-0.11938,0.10335,-0.47635,14.147,0.019511,0.23952,0.016462
14.159,-0.12312,0.029672,-0.45866,14.157,0.018446,0.25763,0.019657
14.169,-0.082448,0.052566,-0.45701,14.167,0.016315,0.28213,0.016462
14.179,-0.026547,0.022172,-0.64228,14.177,0.018196,0.32117,0.015877
14.189,0.04097,0.045572,-0.73179,14.187,0.018204,0.37737,0.021112
14.199,0.062003,0.11956,-0.67557,14.197,0.022121,0.43674,0.030604
14.209,0.037035,0.18423,-0.56433,14.207,0.026762,0.48144,0.03452
14.219,-0.031395,0.15296,-0.54055,14.217,0.026976,0.52331,0.033713
14.229,-0.13858,0.084602,-0.46545,14.227,0.027275,0.55356,0.029832
14.239,-0.17422,-0.10052,-0.36361,14.237,0.023069,0.56484,0.019296
14.249,-0.2267,-0.087147,-0.45586,14.247,0.016647,0.59081,0.01634
14.259,-0.24427,0.12124,-0.47348,14.257,0.019511,0.64006,0.026049
14.269,-0.14346,0.16564,-0.32084,14.267,0.019757,0.66133,0.030963
