-0.404,0.548,0.608,-17.263,1.22,1.83
-0.474,0.579,0.499,-11.651,56.852,7.32
-0.508,0.599,0.446,-8.723,84.912,10.187
-0.509,0.601,0.407,-9.699,91.866,11.895
-0.51,0.59,0.41,-12.688,84.973,13.481
-0.521,0.562,0.487,-17.141,73.444,12.444
-0.472,0.513,0.601,-22.265,62.83,11.468
-0.449,0.474,0.658,-26.047,58.743,12.139
-0.489,0.492,0.63,-27.023,68.32,13.664
-0.545,0.532,0.566,-24.278,86.681,15.372
-0.599,0.552,0.524,-19.093,101.931,16.592
-0.63,0.556,0.525,-16.531,106.506,17.08
-0.599,0.566,0.53,-15.799,98.21,16.653
-0.586,0.554,0.531,-13.42,76.677,15.677
-0.639,0.516,0.55,-11.834,52.033,14.091
-0.691,0.493,0.553,-11.041,28.182,11.895
-0.787,0.481,0.556,-8.784,5.124,10.187
-0.886,0.476,0.555,-5.185,-14.701,10.553
-0.907,0.472,0.571,-2.684,-35.014,12.566
-0.865,0.469,0.599,-1.22,-54.778,14.823
-0.802,0.474,0.602,0.061,-68.747,16.104
-0.739,0.48,0.573,1.22,-73.871,16.531
-0.672,0.489,0.588,2.44,-68.808,17.141
-0.626,0.492,0.6,2.989,-54.9,18.3
-0.612,0.491,0.581,4.331,-36.234,19.581
-0.623,0.497,0.529,5.917,-19.52,19.52
-0.643,0.518,0.527,7.381,-9.699,19.703
-0.687,0.529,0.574,8.662,-5.978,20.618
-0.751,0.509,0.624,9.882,-5.429,20.374
-0.766,0.471,0.674,10.797,-5.49,17.751
-0.737,0.451,0.713,11.712,-6.1,13.725
-0.705,0.481,0.734,13.908,0.549,10.431
-0.68,0.529,0.713,17.812,18.727,9.394
-0.635,0.558,0.65,22.082,44.164,10.37
-0.589,0.578,0.613,25.62,72.59,12.383
-0.602,0.585,0.568,27.816,99.796,15.189
-0.612,0.593,0.509,31.11,122.915,15.555
-0.271,0.596,0.414,-26.047,-297.314,-15.372
-0.183,0.61,0.419,-26.23,-275.415,-17.202
-0.127,0.612,0.456,-24.156,-243.39,-18.3
-0.042,0.588,0.583,-22.204,-199.409,-16.104
0.066,0.529,0.758,-20.374,-139.446,-10.492
0.106,0.485,0.865,-18.178,-67.283,-1.952
0.03,0.489,0.883,-14.945,5.917,4.392
-0.081,0.507,0.822,-12.444,67.527,6.771
-0.2,0.523,0.737,-12.383,108.519,7.503
-0.312,0.54,0.644,-12.871,131.455,8.723
-0.409,0.563,0.558,-14.762,137.799,11.224
-0.485,0.576,0.493,-18.117,130.662,14.213
-0.503,0.564,0.502,-20.435,118.157,17.934
-0.489,0.552,0.549,-21.899,108.58,21.472
-0.485,0.553,0.59,-21.655,102.785,23.729
-0.488,0.565,0.612,-18.788,99.979,23.79
-0.483,0.575,0.613,-17.385,97.844,23.241
-0.469,0.581,0.615,-16.836,96.258,21.594
-0.486,0.579,0.608,-16.897,92.293,19.032
-0.51,0.584,0.57,-17.141,84.241,16.592
-0.503,0.595,0.562,-16.47,73.2,14.152
-0.462,0.588,0.597,-16.287,62.647,12.261
-0.444,0.555,0.617,-15.555,55.388,10.309
-0.473,0.543,0.619,-13.603,47.153,9.394
-0.603,0.527,0.618,-12.078,35.197,8.906
-0.715,0.502,0.616,-8.479,23.485,10.553
-0.774,0.506,0.632,-3.904,5.551,11.407
-0.825,0.505,0.635,-1.098,-18.666,10.309
-0.841,0.508,0.627,0.915,-43.676,11.956
-0.793,0.509,0.648,2.074,-63.135,14.579
-0.671,0.494,0.705,3.416,-68.015,15.555
-0.565,0.475,0.785,5.49,-57.34,14.762
-0.526,0.449,0.798,8.174,-36.356,13.847
-0.56,0.439,0.739,11.956,-13.237,11.712
-0.629,0.47,0.66,14.884,3.294,8.967
-0.711,0.509,0.605,14.152,10.004,7.137
-0.715,0.536,0.596,13.725,18.544,6.039
-0.716,0.527,0.606,12.81,31.537,2.501
-0.743,0.502,0.605,12.688,47.153,0.244
-0.772,0.518,0.616,14.396,62.403,0.122
-0.761,0.56,0.652,17.507,75.945,-0.915
-0.653,0.603,0.684,20.923,90.158,-2.257
-0.553,0.611,0.669,22.936,104.432,-2.867
-0.491,0.609,0.623,25.559,125.416,-2.623
-0.494,0.617,0.57,28.609,146.217,-4.331
-0.556,0.626,0.512,30.866,157.319,-7.442
-0.634,0.628,0.468,31.598,153.293,-9.882
-0.716,0.624,0.45,33.184,130.479,-13.603
-0.729,0.617,0.443,33.367,95.099,-18.178
-0.636,0.614,0.427,31.293,63.379,-22.021
-0.609,0.604,0.445,28.426,40.504,-26.84
-0.59,0.594,0.454,25.62,26.352,-30.988
-0.524,0.594,0.43,23.912,17.324,-32.818
-0.477,0.613,0.403,22.936,12.078,-31.842
-0.466,0.647,0.4,20.74,8.174,-28.914
-0.484,0.661,0.407,17.385,1.891,-26.779
-0.499,0.648,0.43,13.725,-7.442,-25.864
-0.491,0.639,0.449,9.943,-17.507,-24.827
-0.488,0.633,0.461,6.954,-27.511,-24.766
-0.494,0.623,0.481,3.599,-36.6,-25.071
-0.531,0.608,0.506,-1.342,-47.397,-25.193
-0.584,0.591,0.523,-6.039,-67.954,-24.095
-0.61,0.557,0.532,-10.187,-99.064,-23.973
-0.63,0.54,0.493,-13.359,-136.213,-23.363
-0.658,0.536,0.47,-15.677,-177.144,-21.777
-0.672,0.532,0.457,-17.69,-217.465,-22.265
-0.635,0.53,0.42,-20.74,-249.185,-22.387
-0.536,0.544,0.415,-24.339,-261.324,-19.032
-0.392,0.551,0.457,-27.145,-251.503,-13.969
-0.273,0.552,0.49,-26.352,-228.872,-10.98
-0.22,0.555,0.512,-22.692,-202.642,-8.906
-0.175,0.559,0.549,-18.605,-177.022,-4.636
-0.105,0.555,0.587,-16.348,-150.365,0.427
-0.046,0.542,0.621,-14.884,-120.048,5.368
-0.022,0.529,0.646,-13.298,-82.594,10.736
-0.046,0.518,0.655,-13.115,-38.979,14.396
-0.102,0.516,0.672,-13.298,6.527,15.921
-0.195,0.52,0.673,-14.396,48.8,16.104
-0.301,0.525,0.649,-15.189,85.339,17.446
-0.411,0.533,0.588,-15.921,113.094,20.374
-0.485,0.531,0.546,-16.409,129.076,26.108
-0.533,0.526,0.534,-15.982,129.442,33.184
-0.534,0.542,0.508,-15.799,118.767,38.491
-0.476,0.569,0.51,-16.714,106.079,39.894
-0.448,0.585,0.574,-19.947,96.319,37.149
-0.514,0.549,0.619,-23.18,91.805,30.805
-0.587,0.51,0.653,-22.265,93.879,25.986
-0.644,0.518,0.672,-19.459,92.842,25.01
-0.695,0.528,0.676,-17.324,86.254,27.511
-0.69,0.533,0.662,-14.335,76.555,30.988
-0.641,0.548,0.628,-11.468,63.135,33.672
-0.628,0.565,0.606,-8.967,46.055,33.062
-0.643,0.563,0.572,-8.479,21.35,30.195
-0.64,0.551,0.572,-8.723,-9.516,27.145
-0.638,0.535,0.604,-8.601,-34.465,25.193
-0.662,0.524,0.622,-8.296,-47.824,24.095
-0.685,0.508,0.663,-7.991,-48.556,22.692
-0.712,0.494,0.695,-8.113,-43.127,20.435
-0.752,0.475,0.722,-8.723,-38.857,17.019
-0.768,0.452,0.762,-8.357,-34.526,13.786
-0.764,0.428,0.785,-7.015,-31.964,9.394
-0.74,0.409,0.791,-3.904,-27.572,2.074
-0.761,0.398,0.769,-1.037,-21.838,-6.161
-0.774,0.394,0.755,3.355,-19.459,-12.627
-0.742,0.401,0.796,10.065,-22.448,-16.958
-0.677,0.422,0.821,16.47,-25.193,-18.056
-0.608,0.442,0.859,22.753,-18.666,-15.616
-0.561,0.458,0.896,27.999,4.88,-11.346
-0.579,0.468,0.872,31.903,39.894,-8.662
-0.618,0.488,0.818,36.173,76.982,-5.917
-0.613,0.527,0.77,40.26,109.129,-1.769
-0.575,0.567,0.724,44.164,134.078,1.159
-0.543,0.589,0.657,47.031,154.086,2.684
-0.509,0.604,0.575,47.275,168.543,1.891
-0.503,0.62,0.479,44.591,169.58,0.915
-0.499,0.628,0.404,42.456,155.489,2.745
-0.503,0.623,0.363,40.809,129.198,3.965
-0.541,0.625,0.357,38.796,94.916,2.928
-0.564,0.623,0.363,34.465,58.499,2.684
-0.545,0.622,0.368,28.121,24.766,1.769
-0.525,0.638,0.396,22.448,-2.074,0.793
-0.461,0.641,0.402,18.056,-16.348,1.891
-0.413,0.645,0.414,15.311,-20.618,1.342
-0.389,0.658,0.424,10.919,-20.74,0.305
-0.371,0.66,0.455,6.649,-22.448,-1.464
-0.36,0.649,0.507,2.806,-28.914,-3.233
-0.367,0.632,0.542,-1.525,-41.602,-3.111
-0.393,0.621,0.549,-5.185,-62.83,-3.233
-0.44,0.627,0.529,-7.93,-93.269,-5.002
-0.467,0.619,0.52,-9.333,-128.588,-8.113
-0.493,0.59,0.529,-11.651,-163.785,-10.98
-0.535,0.559,0.532,-15.799,-195.81,-12.383
-0.527,0.553,0.512,-19.215,-218.075,-11.224
-0.455,0.55,0.51,-22.509,-226.066,-9.943
-0.353,0.537,0.522,-25.376,-216.428,-9.272
-0.263,0.545,0.525,-26.474,-194.468,-7.991
-0.193,0.569,0.538,-24.278,-167.079,-7.503
-0.149,0.574,0.544,-23.485,-136.762,-8.296
-0.17,0.566,0.549,-22.753,-105.53,-9.028
-0.224,0.563,0.572,-22.509,-77.348,-8.723
-0.284,0.561,0.617,-22.936,-53.009,-8.418
-0.324,0.549,0.646,-23.546,-29.524,-6.344
-0.347,0.553,0.669,-23.973,-6.71,-3.172
-0.294,0.58,0.693,-23.973,19.154,-1.098
-0.164,0.589,0.677,-25.071,50.569,-2.013
-0.117,0.57,0.635,-27.511,86.254,0.183
-0.239,0.549,0.604,-28.792,121.329,7.381
-0.39,0.53,0.587,-28.548,145.363,14.335
-0.535,0.53,0.59,-27.938,150.304,15.372
-0.597,0.543,0.575,-27.084,145.18,16.836
-0.593,0.533,0.607,-25.01,135.725,17.385
-0.602,0.504,0.641,-21.472,121.756,17.019
-0.636,0.495,0.639,-17.385,103.09,18.788
-0.618,0.509,0.628,-12.627,84.424,21.411
-0.547,0.547,0.586,-9.821,64.416,21.838
-0.508,0.554,0.554,-8.601,45.079,20.679
-0.512,0.539,0.548,-6.832,30.439,19.581
-0.559,0.534,0.545,-6.466,14.823,18.422
-0.608,0.528,0.539,-7.259,0.549,17.507
-0.664,0.527,0.554,-7.625,-10.614,18.239
-0.708,0.531,0.587,-7.381,-16.958,21.167
-0.704,0.545,0.62,-6.222,-20.557,25.437
-0.701,0.544,0.655,-4.819,-22.875,27.755
-0.71,0.525,0.697,-4.331,-23.302,27.938
-0.715,0.511,0.727,-3.599,-24.217,26.047
-0.708,0.482,0.745,-2.806,-26.413,23.241
-0.684,0.455,0.761,-0.732,-24.827,19.398
-0.657,0.446,0.767,2.623,-16.653,16.348
-0.676,0.447,0.757,6.832,-6.893,14.03
-0.695,0.445,0.772,12.017,-1.159,10.797
-0.693,0.431,0.792,17.019,0.0,7.93
-0.704,0.421,0.807,23.302,0.793,6.893
-0.711,0.425,0.825,29.524,3.965,5.368
-0.701,0.457,0.811,35.258,11.041,2.196
-0.65,0.499,0.768,37.393,23.729,1.22
-0.556,0.532,0.743,37.637,43.615,2.501
-0.505,0.552,0.751,36.844,68.869,4.636
-0.517,0.569,0.74,34.526,97.6,5.734
-0.583,0.589,0.69,33.245,116.876,2.44
-0.617,0.582,0.621,35.929,120.048,0.549
-0.583,0.596,0.544,37.515,112.606,0.488
-0.556,0.614,0.49,38.003,96.929,-0.122
-0.547,0.636,0.45,38.308,71.309,-2.745
-0.514,0.664,0.443,35.807,38.857,-5.978
-0.447,0.693,0.426,28.975,9.577,-10.004
-0.408,0.686,0.426,21.899,-9.699,-15.189
-0.363,0.662,0.429,16.104,-16.958,-18.91
-0.317,0.671,0.449,12.627,-19.398,-22.387
-0.298,0.682,0.48,10.187,-18.178,-25.315
-0.322,0.673,0.506,7.137,-17.08,-27.45
-0.366,0.665,0.534,3.66,-22.204,-28.365
-0.436,0.632,0.56,-1.464,-38.247,-29.402
-0.518,0.601,0.567,-6.893,-69.113,-31.537
-0.578,0.592,0.549,-10.004,-114.436,-33.794
-0.588,0.581,0.515,-10.553,-166.896,-34.953
-0.555,0.58,0.482,-11.102,-219.722,-35.868
-0.475,0.584,0.457,-12.749,-258.579,-33.733
-0.349,0.588,0.45,-16.409,-269.986,-26.23
-0.2,0.59,0.476,-20.435,-254.614,-18.483
-0.073,0.597,0.525,-20.252,-218.258,-16.531
-0.014,0.584,0.575,-19.276,-164.944,-15.555
-0.027,0.564,0.595,-19.764,-103.456,-12.993
-0.059,0.553,0.598,-19.154,-44.652,-10.614
-0.125,0.534,0.602,-17.507,1.83,-7.381
-0.236,0.521,0.616,-16.47,32.452,-2.013
-0.327,0.515,0.648,-16.409,51.362,2.928
-0.348,0.529,0.667,-16.592,63.501,6.649
-0.32,0.543,0.68,-17.629,71.553,8.906
-0.289,0.539,0.689,-18.971,79.666,9.455
-0.314,0.528,0.662,-19.459,88.389,8.845
-0.383,0.531,0.61,-19.703,96.502,9.882
-0.492,0.547,0.566,-20.374,102.297,11.529
-0.552,0.566,0.556,-21.106,103.578,11.59
-0.532,0.583,0.566,-22.082,103.334,12.261
-0.52,0.562,0.603,-22.448,104.798,12.322
-0.564,0.527,0.611,-22.204,107.238,14.457
-0.606,0.504,0.603,-20.252,107.299,17.934
-0.616,0.524,0.562,-18.178,98.698,18.91
-0.586,0.559,0.544,-16.531,85.888,17.873
-0.57,0.565,0.54,-15.433,72.651,14.579
-0.598,0.549,0.586,-14.152,56.913,11.834
-0.617,0.524,0.621,-13.786,42.822,9.577
-0.64,0.504,0.598,-13.176,31.232,8.845
-0.71,0.492,0.584,-11.712,21.899,9.943
-0.781,0.484,0.597,-9.455,13.969,11.651
-0.833,0.479,0.591,-7.076,3.721,11.773
-0.835,0.481,0.595,-5.246,-5.307,12.261
-0.791,0.484,0.621,-4.27,-8.845,13.359
-0.705,0.477,0.645,-3.904,-6.893,14.945
-0.611,0.463,0.625,-3.721,-3.233,18.117
-0.599,0.453,0.549,-3.355,-1.952,22.021
-0.651,0.46,0.528,-2.806,-4.331,25.193
-0.691,0.488,0.57,-3.233,-9.943,25.315
-0.698,0.485,0.67,-3.172,-14.945,20.984
-0.71,0.45,0.755,-2.318,-16.775,14.335
-0.725,0.415,0.809,0.061,-15.189,8.662
-0.715,0.391,0.827,5.002,-10.98,6.039
-0.669,0.402,0.8,10.98,-3.599,6.344
-0.629,0.446,0.734,15.982,5.002,6.222
-0.63,0.504,0.653,18.483,8.845,4.758
-0.647,0.549,0.595,19.825,6.161,2.989
-0.643,0.576,0.571,20.679,0.976,1.769
-0.633,0.581,0.586,21.96,-2.989,1.403
-0.639,0.572,0.62,25.071,-5.368,0.915
-0.613,0.583,0.647,29.219,-4.392,1.281
-0.548,0.591,0.648,31.659,3.111,1.891
-0.487,0.598,0.641,32.696,14.518,2.623
-0.388,0.625,0.592,32.574,25.193,2.013
-0.327,0.643,0.565,29.707,28.731,-1.952
-0.279,0.654,0.54,24.217,27.267,-6.1
-0.272,0.647,0.541,18.422,18.361,-10.187
-0.336,0.643,0.561,13.664,2.318,-13.237
-0.39,0.651,0.603,10.675,-13.481,-14.945
-0.395,0.637,0.65,8.235,-23.729,-14.823
-0.4,0.619,0.672,7.747,-28.365,-14.884
-0.402,0.614,0.661,8.54,-30.073,-14.396
-0.402,0.605,0.641,9.394,-32.208,-12.871
-0.408,0.601,0.623,9.516,-36.722,-11.834
-0.415,0.582,0.61,7.747,-47.824,-12.139
-0.416,0.556,0.592,4.026,-70.516,-14.091
-0.419,0.548,0.543,0.732,-103.944,-15.982
-0.417,0.555,0.505,-1.708,-143.228,-15.433
-0.389,0.561,0.497,-4.636,-176.839,-14.579
-0.33,0.573,0.516,-7.747,-191.784,-15.128
-0.259,0.583,0.572,-11.773,-180.743,-15.677
-0.156,0.591,0.641,-14.152,-144.631,-16.714
-0.07,0.586,0.707,-15.189,-89.609,-15.86
-0.046,0.556,0.722,-16.592,-25.742,-13.725
-0.128,0.535,0.647,-16.165,34.465,-10.187
-0.332,0.516,0.591,-13.237,73.932,-3.172
-0.528,0.508,0.554,-10.797,88.938,3.782
-0.639,0.524,0.524,-10.065,81.618,9.516
-0.644,0.557,0.555,-9.638,60.207,13.969
-0.477,0.599,0.601,-10.37,37.637,13.847
-0.245,0.606,0.598,-13.359,26.779,6.954
-0.143,0.571,0.662,-16.653,34.282,0.549
-0.159,0.571,0.671,-18.91,52.521,-1.769
-0.267,0.561,0.629,-20.557,73.017,-1.952
-0.431,0.532,0.609,-19.642,92.415,-0.061
-0.591,0.537,0.578,-17.324,106.75,3.05
-0.668,0.551,0.519,-16.043,112.728,5.49
-0.704,0.551,0.485,-17.263,107.787,8.601
-0.688,0.536,0.498,-17.873,102.236,12.627
-0.684,0.519,0.551,-17.507,91.805,13.359
-0.682,0.503,0.587,-17.141,71.431,11.102
-0.643,0.492,0.564,-17.019,42.334,7.381
-0.563,0.48,0.568,-15.006,17.019,4.575
-0.563,0.459,0.615,-11.407,1.952,1.83
-0.626,0.453,0.633,-7.808,-5.368,0.427
-0.703,0.468,0.607,-5.49,-10.919,1.22
-0.752,0.478,0.607,-3.721,-14.701,2.623
-0.763,0.475,0.604,-2.501,-14.579,3.782
-0.765,0.472,0.584,-1.891,-12.261,5.124
-0.804,0.474,0.562,-1.464,-11.956,6.954
-0.822,0.477,0.55,-0.122,-16.714,9.943
-0.752,0.488,0.539,1.159,-25.986,13.359
-0.683,0.495,0.537,1.037,-37.576,16.775
-0.65,0.494,0.607,2.074,-41.907,20.435
-0.632,0.484,0.725,4.209,-35.746,21.96
-0.633,0.46,0.801,7.076,-25.925,18.91
-0.607,0.443,0.807,10.919,-15.738,13.664
-0.563,0.448,0.768,14.457,-6.1,10.858
-0.532,0.479,0.708,17.507,1.159,10.431
-0.508,0.531,0.626,19.337,6.527,9.394
-0.517,0.574,0.563,20.13,5.673,7.137
-0.524,0.601,0.538,21.533,2.562,5.002
-0.557,0.596,0.553,21.716,-0.488,2.928
-0.597,0.585,0.604,22.143,-4.27,2.135
-0.58,0.584,0.652,22.204,-5.307,2.501
-0.534,0.595,0.681,21.594,-2.928,2.013
-0.449,0.605,0.68,19.52,3.294,0.915
-0.36,0.584,0.693,17.568,14.762,0.61
-0.28,0.596,0.688,16.043,30.988,1.952
-0.262,0.621,0.647,15.067,41.663,1.464
-0.294,0.632,0.614,14.945,42.578,0.305
-0.38,0.631,0.627,16.043,33.306,-0.976
-0.438,0.631,0.649,16.836,17.324,-2.013
-0.423,0.628,0.655,16.043,1.281,-2.867
-0.429,0.613,0.631,13.969,-12.2,-3.965
-0.456,0.606,0.607,11.529,-25.071,-4.758
-0.451,0.603,0.582,9.394,-38.247,-5.49
-0.436,0.594,0.555,6.161,-54.229,-6.222
-0.423,0.582,0.537,1.464,-77.836,-7.503
-0.429,0.577,0.514,-3.172,-114.558,-10.614
-0.434,0.569,0.488,-6.527,-161.223,-14.579
-0.429,0.555,0.483,-8.906,-209.047,-16.47
-0.401,0.541,0.529,-12.139,-245.159,-15.555
-0.307,0.555,0.559,-17.263,-256.383,-12.017
-0.228,0.583,0.594,-20.862,-246.867,-11.285
-0.166,0.587,0.655,-21.594,-215.208,-13.176
-0.086,0.568,0.705,-20.313,-165.249,-13.054
-0.038,0.543,0.746,-17.873,-106.628,-12.81
-0.023,0.521,0.784,-13.969,-42.822,-11.834
-0.058,0.508,0.793,-11.163,16.409,-7.381
-0.167,0.501,0.763,-10.492,62.22,-1.281
-0.324,0.507,0.707,-8.662,89.426,3.599
-0.471,0.535,0.633,-6.649,94.916,6.954
-0.566,0.546,0.587,-6.283,80.032,9.882
-0.567,0.539,0.6,-6.466,58.011,10.431
-0.49,0.549,0.631,-7.503,38.735,8.845
-0.311,0.589,0.632,-11.102,32.391,5.856
-0.121,0.6,0.658,-15.921,44.957,3.599
-0.03,0.581,0.669,-20.618,76.067,3.355
-0.118,0.554,0.673,-23.546,112.362,4.697
-0.306,0.528,0.686,-23.119,142.618,6.344
-0.454,0.516,0.669,-20.679,158.844,6.588
-0.57,0.52,0.64,-18.422,158.295,7.503
-0.636,0.527,0.624,-16.348,147.132,8.906
-0.68,0.521,0.643,-13.725,126.209,8.601
-0.683,0.534,0.644,-11.529,94.794,8.235
-0.582,0.545,0.66,-9.455,64.843,6.832
-0.488,0.528,0.651,-8.357,39.772,3.416
-0.448,0.519,0.607,-7.564,22.265,0.549
-0.444,0.522,0.58,-7.259,13.237,-1.464
-0.479,0.518,0.579,-7.198,12.017,-3.538
-0.548,0.515,0.567,-7.503,16.836,-3.843
-0.657,0.507,0.581,-7.991,22.631,-1.83
-0.757,0.49,0.607,-7.442,24.156,-0.061
-0.79,0.468,0.633,-5.917,20.984,2.318
-0.775,0.46,0.629,-4.331,16.836,4.27
-0.751,0.472,0.623,-3.538,10.614,6.466
-0.697,0.482,0.63,-3.172,2.318,8.54
-0.651,0.486,0.604,-3.172,-7.259,10.187
-0.614,0.484,0.601,-3.355,-11.773,13.42
-0.645,0.468,0.655,-2.806,-10.614,15.677
-0.693,0.447,0.741,-0.122,-4.819,14.762
-0.677,0.438,0.787,4.453,3.416,11.529
-0.649,0.443,0.784,9.028,10.675,7.747
-0.661,0.451,0.763,13.481,15.982,6.344
-0.662,0.474,0.728,17.812,17.995,7.076
-0.63,0.493,0.672,21.411,17.385,7.198
-0.593,0.519,0.6,24.034,17.202,7.442
-0.58,0.544,0.536,24.705,14.579,6.344
-0.575,0.568,0.521,24.644,10.37,3.111
-0.591,0.58,0.532,23.729,6.039,1.22
-0.591,0.587,0.549,21.899,0.671,3.355
-0.569,0.585,0.588,20.191,-2.257,3.66
-0.521,0.585,0.644,18.544,0.061,2.257
-0.407,0.593,0.654,16.714,8.662,1.403
-0.346,0.585,0.664,16.47,19.459,-0.122
-0.31,0.565,0.687,17.568,31.903,0.366
-0.277,0.583,0.686,17.812,38.552,0.244
-0.293,0.608,0.663,17.019,34.892,-1.403
-0.346,0.625,0.635,16.348,23.912,-3.294
-0.403,0.636,0.618,15.494,11.163,-5.124
-0.441,0.628,0.609,14.396,2.806,-5.856
-0.491,0.617,0.59,13.786,-3.294,-5.734
-0.551,0.608,0.567,13.176,-13.725,-5.002
-0.559,0.606,0.546,11.59,-27.084,-3.843
-0.543,0.603,0.531,9.577,-43.554,-3.294
-0.51,0.588,0.551,6.161,-66.612,-3.599
-0.478,0.564,0.552,0.366,-100.772,-6.71
-0.455,0.578,0.537,-3.599,-145.912,-10.431
-0.436,0.574,0.534,-5.063,-197.457,-14.152
-0.433,0.551,0.54,-5.185,-250.832,-17.385
-0.433,0.529,0.546,-6.588,-299.205,-18.727
-0.41,0.53,0.573,-9.76,-331.901,-17.446
-0.288,0.546,0.603,-14.762,-335.134,-15.86
-0.09,0.586,0.656,-17.69,-300.425,-14.396
0.115,0.604,0.734,-17.751,-227.53,-11.407
0.226,0.591,0.797,-13.786,-131.699,-9.821
0.214,0.561,0.826,-9.943,-36.356,-10.187
0.113,0.524,0.808,-8.113,40.931,-10.37
-0.048,0.52,0.77,-7.259,89.06,-10.98
-0.175,0.533,0.712,-8.784,115.351,-10.431
-0.273,0.532,0.66,-11.041,130.54,-6.1
-0.405,0.539,0.597,-12.383,136.274,0.488
-0.511,0.552,0.569,-13.176,129.869,6.527
-0.543,0.549,0.563,-13.725,111.813,8.845
-0.535,0.518,0.623,-13.603,90.036,9.882
-0.458,0.503,0.692,-12.688,79.117,11.834
-0.377,0.515,0.711,-12.2,78.751,12.871
-0.327,0.517,0.707,-11.285,88.145,13.603
-0.296,0.525,0.704,-9.455,102.785,14.701
-0.28,0.544,0.713,-9.394,114.802,14.884
-0.263,0.565,0.665,-12.078,123.525,13.237
-0.267,0.568,0.601,-14.457,129.869,9.882
-0.359,0.567,0.542,-15.799,131.76,6.1
-0.518,0.552,0.517,-17.385,125.111,2.867
-0.611,0.554,0.519,-17.629,111.63,0.427
-0.678,0.545,0.527,-18.91,91.012,-0.244
-0.735,0.511,0.565,-17.69,69.967,0.366
-0.75,0.505,0.599,-15.616,46.36,1.586
-0.695,0.497,0.644,-13.42,26.657,3.233
-0.624,0.473,0.696,-10.248,12.444,5.185
-0.595,0.465,0.712,-7.076,-1.647,5.734
-0.581,0.47,0.686,-4.697,-16.592,5.856
-0.574,0.474,0.634,-2.562,-28.731,4.453
-0.599,0.477,0.615,-0.915,-36.417,1.891
-0.633,0.486,0.609,-0.183,-41.907,1.708
-0.635,0.501,0.593,0.0,-46.787,3.416
-0.63,0.5,0.586,0.122,-52.033,5.368
-0.647,0.48,0.605,0.427,-58.438,8.235
-0.659,0.452,0.669,1.586,-62.83,11.651
-0.657,0.437,0.724,3.416,-65.209,11.956
-0.669,0.441,0.76,5.063,-67.344,10.004
-0.645,0.452,0.788,7.259,-66.246,8.357
-0.603,0.461,0.802,10.492,-61.366,7.015
-0.575,0.474,0.804,14.823,-53.558,6.649
-0.513,0.51,0.804,20.069,-42.822,7.381
-0.458,0.548,0.794,22.753,-34.831,6.71
-0.379,0.569,0.766,24.217,-23.241,6.222
-0.324,0.574,0.752,25.498,-5.978,7.503
-0.334,0.571,0.736,26.962,14.152,10.736
-0.38,0.575,0.759,28.182,32.269,12.078
-0.365,0.575,0.785,27.816,48.739,12.444
-0.294,0.58,0.781,27.389,64.477,10.309
-0.233,0.597,0.735,25.742,76.433,5.429
-0.249,0.606,0.685,22.875,79.666,-0.305
-0.336,0.606,0.654,21.106,74.542,-3.05
-0.396,0.612,0.631,20.496,66.368,-2.928
-0.441,0.623,0.591,18.91,55.571,-4.27
-0.465,0.627,0.569,17.751,44.957,-4.819
-0.481,0.617,0.561,16.653,32.696,-4.758
-0.494,0.601,0.566,14.884,19.032,-4.087
-0.463,0.597,0.575,12.627,6.405,-3.355
-0.407,0.601,0.556,9.333,-5.917,-2.684
-0.397,0.614,0.54,6.954,-19.886,-2.806
-0.383,0.615,0.546,5.612,-36.6,-3.721
-0.355,0.618,0.567,3.721,-55.998,-5.368
-0.338,0.612,0.581,1.281,-78.751,-8.601
-0.324,0.601,0.574,-1.22,-105.103,-11.834
-0.342,0.584,0.588,-3.294,-138.104,-14.701
-0.381,0.557,0.615,-4.819,-173.911,-16.897
-0.4,0.52,0.633,-7.259,-203.435,-13.786
-0.38,0.509,0.63,-11.224,-217.343,-8.296
-0.335,0.545,0.632,-13.542,-215.269,-7.686
-0.269,0.575,0.646,-13.786,-201.178,-10.736
-0.183,0.576,0.651,-14.03,-172.325,-11.224
-0.1,0.575,0.648,-13.969,-128.527,-8.418
-0.049,0.569,0.667,-11.956,-75.884,-7.076
-0.063,0.567,0.685,-8.784,-24.522,-5.795
-0.133,0.542,0.687,-6.466,14.396,-4.087
-0.238,0.517,0.669,-6.1,34.77,-0.793
-0.339,0.517,0.664,-5.795,40.626,4.331
-0.394,0.532,0.665,-4.941,35.929,6.893
-0.393,0.529,0.671,-4.697,25.437,7.686
-0.315,0.532,0.686,-5.124,19.398,9.089
-0.224,0.558,0.709,-5.734,22.509,9.211
-0.131,0.574,0.715,-7.869,37.454,7.259
-0.076,0.571,0.709,-11.346,62.952,4.88
-0.129,0.564,0.711,-14.213,91.561,6.283
-0.261,0.558,0.705,-15.616,115.473,8.845
-0.357,0.554,0.694,-16.104,132.004,10.309
-0.401,0.556,0.689,-15.616,141.764,12.078
-0.429,0.562,0.673,-15.128,142.679,13.786
-0.463,0.569,0.645,-14.64,133.041,14.64
-0.462,0.576,0.638,-13.664,115.595,14.701
-0.386,0.577,0.646,-13.359,98.576,12.932
-0.294,0.569,0.66,-13.908,90.036,10.919
-0.249,0.571,0.668,-16.348,90.158,10.248
-0.3,0.557,0.671,-18.727,97.051,9.272
-0.427,0.535,0.662,-18.971,105.652,8.479
-0.562,0.53,0.648,-18.605,109.068,8.662
-0.653,0.526,0.638,-17.934,104.737,9.394
-0.696,0.523,0.628,-15.921,95.343,10.37
-0.763,0.511,0.614,-14.518,78.385,10.553
-0.824,0.49,0.63,-10.797,55.571,11.468
-0.772,0.491,0.653,-6.161,26.108,12.383
-0.628,0.484,0.672,-3.111,3.111,9.882
-0.438,0.616,0.573,18.666,7.32,-10.187
-0.489,0.63,0.566,19.581,-0.854,-7.625
-0.504,0.639,0.56,19.215,-9.516,-5.551
-0.512,0.63,0.539,16.592,-18.239,-4.026
-0.496,0.627,0.533,13.42,-29.707,-3.294
-0.463,0.631,0.534,9.577,-43.798,-3.233
-0.419,0.637,0.549,5.917,-57.096,-3.538
-0.377,0.63,0.569,3.294,-68.198,-3.965
-0.359,0.612,0.59,1.586,-81.069,-4.636
-0.34,0.595,0.608,0.915,-96.197,-6.039
-0.314,0.582,0.597,-0.061,-110.654,-7.93
-0.326,0.576,0.574,-2.806,-124.074,-9.211
-0.366,0.569,0.577,-5.856,-138.226,-8.967
-0.412,0.552,0.584,-8.662,-156.282,-8.601
-0.428,0.529,0.592,-12.261,-172.203,-7.259
-0.433,0.531,0.593,-15.311,-184.22,-5.978
-0.403,0.544,0.601,-17.08,-190.808,-6.71
-0.314,0.545,0.614,-18.483,-184.342,-6.222
-0.193,0.568,0.62,-18.483,-163.114,-4.636
-0.081,0.594,0.643,-17.568,-131.394,-4.88
-0.007,0.6,0.672,-15.25,-92.415,-5.429
0.022,0.582,0.702,-12.688,-51.911,-5.673
-0.006,0.565,0.728,-12.078,-14.213,-6.222
-0.072,0.549,0.725,-12.505,17.568,-5.673
-0.172,0.543,0.724,-11.651,41.114,-1.403
-0.292,0.546,0.723,-10.614,56.181,3.355
-0.369,0.54,0.715,-9.028,62.464,5.429
-0.37,0.542,0.715,-8.54,61.976,6.954
-0.303,0.539,0.726,-9.455,60.268,9.394
-0.249,0.532,0.754,-9.516,63.501,11.346
-0.233,0.526,0.762,-10.004,72.651,13.847
-0.245,0.535,0.759,-9.516,83.875,13.42
-0.257,0.559,0.741,-9.394,96.136,11.468
-0.307,0.561,0.732,-9.943,104.249,10.37
-0.372,0.554,0.74,-9.394,106.506,11.468
-0.41,0.565,0.733,-9.516,102.846,12.017
-0.434,0.572,0.699,-10.065,96.38,9.76
-0.472,0.564,0.682,-9.089,85.644,7.625
-0.47,0.56,0.686,-8.174,71.187,6.954
-0.407,0.554,0.71,-7.686,57.34,5.978
-0.349,0.55,0.717,-7.015,51.545,4.209
-0.304,0.554,0.712,-6.039,57.157,2.989
-0.286,0.553,0.684,-6.466,71.065,2.684
-0.327,0.551,0.62,-7.32,86.254,2.196
-0.394,0.566,0.56,-7.808,97.905,1.891
-0.478,0.586,0.509,-11.346,100.223,0.671
-0.559,0.57,0.51,-13.969,95.221,-1.281
-0.598,0.537,0.547,-14.152,88.511,-0.549
-0.6,0.513,0.621,-12.932,82.899,2.135
-0.635,0.486,0.652,-12.383,79.239,2.501
-0.706,0.462,0.652,-10.309,74.542,2.135
-0.753,0.451,0.664,-6.405,69.662,3.233
-0.766,0.472,0.676,-2.623,62.83,4.331
-0.74,0.493,0.653,-0.061,56.791,4.514
-0.722,0.503,0.609,1.647,51.545,6.161
-0.714,0.511,0.572,2.501,46.238,7.198
-0.691,0.515,0.544,3.172,40.382,9.089
-0.675,0.513,0.515,4.27,30.744,10.675
-0.662,0.509,0.52,5.551,19.459,11.102
-0.677,0.508,0.55,7.381,7.442,9.394
-0.698,0.508,0.61,9.455,-2.684,6.588
-0.706,0.513,0.649,12.2,-9.089,3.965
-0.68,0.521,0.666,14.945,-10.248,2.135
-0.606,0.529,0.675,19.032,-4.88,1.708
-0.554,0.536,0.685,22.631,2.013,1.525
-0.507,0.549,0.646,24.156,10.797,2.867
-0.461,0.57,0.575,23.607,19.337,3.233
-0.453,0.58,0.519,23.18,25.01,3.416
-0.49,0.591,0.496,22.997,22.387,3.599
-0.49,0.615,0.509,22.265,20.496,3.599
-0.481,0.623,0.518,20.191,20.374,1.586
-0.487,0.601,0.553,18.056,19.703,-1.22
-0.485,0.583,0.59,16.348,20.374,-3.843
-0.475,0.585,0.588,14.518,21.045,-5.612
-0.508,0.608,0.583,13.115,21.838,-6.222
-0.525,0.615,0.593,13.847,21.228,-5.856
-0.51,0.614,0.619,14.213,16.836,-5.917
-0.512,0.624,0.618,14.396,9.516,-5.063
-0.502,0.64,0.606,14.213,1.281,-4.148
-0.504,0.645,0.572,13.359,-7.259,-3.599
-0.515,0.638,0.547,11.468,-15.677,-4.026
-0.519,0.637,0.545,9.089,-26.901,-4.697
-0.511,0.626,0.553,5.49,-40.077,-4.88
-0.496,0.611,0.557,-0.366,-58.316,-6.832
-0.462,0.6,0.539,-8.052,-85.034,-10.309
-0.429,0.599,0.521,-12.871,-121.512,-14.091
-0.384,0.583,0.514,-14.762,-162.382,-17.507
-0.362,0.538,0.526,-17.08,-197.579,-18.788
-0.36,0.516,0.584,-19.032,-220.82,-17.263
-0.329,0.508,0.646,-20.801,-224.175,-15.494
-0.255,0.512,0.664,-22.509,-201.666,-13.42
-0.202,0.53,0.654,-22.631,-160.369,-12.932
-0.161,0.551,0.63,-21.655,-108.519,-14.335
-0.139,0.567,0.608,-20.923,-52.887,-14.152
-0.155,0.569,0.592,-20.252,-1.037,-10.736
-0.244,0.533,0.59,-18.849,39.406,-5.856
-0.375,0.506,0.601,-17.507,62.525,0.427
-0.527,0.502,0.597,-17.019,66.49,6.893
-0.615,0.507,0.609,-15.982,56.852,11.834
-0.561,0.529,0.665,-13.908,43.066,13.542
-0.4,0.57,0.678,-15.25,34.343,9.943
-0.235,0.569,0.688,-18.239,40.565,3.66
-0.167,0.557,0.665,-20.435,58.377,1.22
-0.253,0.525,0.654,-22.57,79.117,3.416
-0.412,0.499,0.662,-21.777,99.369,9.333
-0.552,0.516,0.645,-18.605,109.251,13.908
-0.63,0.523,0.616,-15.921,106.811,15.799
-0.629,0.524,0.592,-13.359,98.698,17.69
-0.596,0.516,0.608,-11.041,86.01,16.958
-0.549,0.506,0.641,-9.028,73.261,15.128
-0.495,0.515,0.626,-8.113,63.806,12.383
-0.44,0.544,0.586,-7.991,56.974,9.821
-0.434,0.557,0.552,-9.821,50.142,6.161
-0.427,0.548,0.547,-10.492,50.813,3.904
-0.467,0.522,0.565,-11.102,57.218,3.904
-0.617,0.503,0.593,-11.285,64.05,5.368
-0.776,0.497,0.622,-10.248,65.087,8.662
-0.88,0.475,0.643,-7.93,53.863,10.248
-0.904,0.443,0.664,-4.819,34.404,11.041
-0.838,0.427,0.659,-1.342,10.919,12.81
-0.738,0.436,0.662,1.525,-10.126,10.614
-0.666,0.449,0.65,3.172,-25.315,5.124
-0.651,0.455,0.61,4.636,-39.772,0.366
-0.638,0.467,0.577,6.039,-54.473,-4.148
-0.62,0.468,0.564,6.954,-63.806,-7.93
-0.641,0.461,0.583,7.503,-65.026,-9.638
-0.659,0.462,0.603,8.052,-58.377,-9.211
-0.684,0.456,0.599,8.723,-49.593,-7.259
-0.675,0.462,0.583,11.102,-44.408,-4.148
-0.684,0.484,0.573,12.688,-42.578,-1.586
-0.692,0.529,0.58,13.115,-35.624,2.867
-0.702,0.564,0.607,14.03,-29.036,6.405
-0.688,0.558,0.663,16.104,-28.792,8.479
-0.613,0.523,0.74,19.825,-28.548,9.638
-0.473,0.506,0.783,24.339,-19.764,10.187
-0.394,0.51,0.785,27.694,-4.697,7.686
-0.378,0.528,0.752,30.622,16.836,6.649
-0.379,0.562,0.688,32.452,39.833,7.93
-0.443,0.609,0.618,32.818,55.327,9.211
-0.526,0.653,0.553,32.757,57.767,9.516
-0.576,0.654,0.554,31.903,49.593,7.93
-0.546,0.644,0.562,29.28,39.65,5.978
-0.453,0.642,0.541,23.851,30.744,3.904
-0.419,0.623,0.551,18.056,23.912,0.488
-0.425,0.615,0.574,13.115,18.788,-1.708
-0.408,0.627,0.602,9.882,11.224,-3.843
-0.377,0.63,0.623,8.174,3.721,-5.795
-0.376,0.626,0.633,6.893,-4.392,-6.588
-0.39,0.619,0.644,6.283,-16.043,-6.893
-0.392,0.597,0.651,4.392,-33.794,-8.052
-0.401,0.585,0.614,0.366,-61.244,-11.041
-0.404,0.589,0.556,-3.172,-98.82,-16.409
-0.398,0.592,0.515,-5.307,-137.921,-20.252
-0.408,0.576,0.52,-9.15,-174.155,-20.679
-0.381,0.553,0.57,-14.518,-193.248,-18.361
-0.331,0.558,0.601,-18.605,-187.697,-16.531
-0.264,0.574,0.613,-20.008,-161.223,-15.372
-0.19,0.573,0.611,-18.056,-120.902,-15.921
-0.153,0.558,0.614,-14.335,-74.481,-13.969
-0.216,0.533,0.615,-11.224,-32.513,-7.076
-0.337,0.511,0.61,-9.028,-2.196,0.305
-0.434,0.516,0.611,-7.32,11.285,5.612
-0.456,0.542,0.592,-7.564,8.54,7.137
-0.386,0.566,0.61,-9.943,0.671,5.734
-0.227,0.606,0.615,-14.762,3.477,2.135
-0.06,0.623,0.638,-19.825,24.461,-2.44
-0.035,0.612,0.646,-24.705,56.425,-3.477
-0.178,0.587,0.653,-27.389,86.376,-1.708
-0.39,0.533,0.646,-28.548,106.628,3.111
-0.609,0.506,0.651,-27.572,111.63,13.603
-0.707,0.524,0.655,-24.339,105.713,23.363
-0.663,0.534,0.649,-20.313,91.805,25.559
-0.569,0.526,0.67,-16.958,72.773,25.742
-0.469,0.522,0.712,-13.664,57.096,25.193
-0.36,0.551,0.711,-11.468,47.702,21.838
-0.263,0.58,0.684,-12.261,49.715,18.544
-0.244,0.577,0.646,-13.542,63.501,16.775
-0.349,0.577,0.58,-14.884,76.555,14.579
-0.503,0.556,0.558,-15.25,87.169,14.03
-0.666,0.525,0.577,-14.213,90.768,16.592
-0.819,0.525,0.677,-12.505,83.326,21.228
-0.881,0.521,0.734,-9.699,68.381,24.522
-0.867,0.48,0.737,-6.893,49.044,26.291
-0.783,0.467,0.675,-4.941,31.598,27.755
-0.698,0.476,0.65,-3.843,16.47,27.511
-0.612,0.482,0.63,-3.111,7.259,25.01
-0.537,0.479,0.615,-2.501,3.965,21.167
-0.476,0.481,0.598,-1.769,9.15,17.141
-0.462,0.488,0.56,-1.22,21.594,14.335
-0.531,0.483,0.51,-0.854,33.306,11.651
-0.612,0.482,0.499,-0.488,38.979,9.699
-0.668,0.477,0.505,0.061,36.295,8.662
-0.702,0.459,0.525,1.403,30.134,9.089
-0.758,0.431,0.553,4.514,20.862,10.492
-0.8,0.422,0.566,8.845,5.856,12.932
-0.786,0.44,0.558,12.505,-8.418,13.42
-0.752,0.474,0.557,14.823,-16.531,12.017
-0.727,0.505,0.595,15.677,-19.825,9.882
-0.687,0.515,0.613,15.86,-18.117,7.869
-0.637,0.517,0.626,16.409,-13.237,6.1
-0.595,0.524,0.672,19.215,-8.601,3.843
-0.565,0.527,0.723,22.509,-4.941,2.013
-0.505,0.547,0.738,25.437,3.05,1.952
-0.426,0.594,0.693,27.023,17.141,1.159
-0.47,0.606,0.614,28.06,30.622,0.732
-0.588,0.608,0.573,30.5,38.552,3.355
-0.562,0.638,0.562,32.208,35.258,5.246
-0.468,0.656,0.53,31.537,28.853,1.403
-0.489,0.648,0.501,29.829,25.742,-3.66
-0.549,0.657,0.49,27.267,22.021,-7.564
-0.564,0.652,0.492,24.766,16.348,-10.614
-0.566,0.607,0.513,22.57,13.237,-11.956
-0.551,0.593,0.531,20.435,12.322,-11.041
-0.514,0.6,0.55,18.605,10.858,-9.272
-0.458,0.613,0.56,17.995,8.723,-6.1
-0.406,0.62,0.575,16.531,3.599,-5.551
-0.378,0.628,0.578,14.335,-3.294,-6.405
-0.41,0.623,0.597,13.725,-10.736,-6.283
-0.398,0.618,0.601,14.64,-16.836,-5.368
-0.378,0.617,0.58,14.518,-21.716,-4.453
-0.36,0.634,0.565,14.152,-25.986,-4.392
-0.341,0.646,0.551,12.2,-31.72,-5.856
-0.317,0.65,0.541,7.32,-42.822,-10.126
-0.312,0.64,0.496,0.61,-59.841,-14.03
-0.365,0.616,0.453,-4.636,-85.095,-15.86
-0.449,0.594,0.467,-8.479,-115.595,-19.093
-0.526,0.579,0.449,-12.383,-148.596,-21.533
-0.533,0.554,0.467,-17.385,-177.083,-20.557
-0.455,0.537,0.575,-23.363,-182.39,-17.08
-0.319,0.539,0.684,-27.206,-154.086,-12.078
-0.224,0.553,0.702,-25.681,-106.506,-13.542
-0.183,0.569,0.659,-23.058,-54.534,-15.311
-0.178,0.59,0.588,-21.289,-10.309,-15.189
-0.222,0.6,0.502,-19.642,20.801,-15.311
-0.377,0.575,0.461,-18.178,33.306,-13.725
-0.581,0.545,0.456,-17.202,26.291,-7.442
-0.746,0.537,0.515,-15.738,3.355,1.464
-0.751,0.562,0.624,-13.542,-18.483,6.588
-0.544,0.578,0.695,-13.176,-25.071,6.283
-0.313,0.547,0.776,-13.908,-11.224,6.405
-0.185,0.548,0.812,-14.945,22.387,7.564
-0.203,0.578,0.756,-17.507,56.547,7.137
-0.305,0.602,0.63,-20.252,81.313,7.259
-0.391,0.613,0.514,-21.594,95.709,7.869
-0.519,0.606,0.499,-20.984,93.635,8.479
-0.622,0.571,0.533,-18.056,77.409,11.834
-0.675,0.521,0.581,-14.762,55.388,13.237
-0.68,0.516,0.606,-11.285,38.186,16.348
-0.643,0.529,0.641,-7.869,23.912,20.069
-0.565,0.54,0.698,-5.795,12.078,20.252
-0.443,0.556,0.708,-5.856,10.98,18.483
-0.362,0.574,0.655,-7.259,23.363,17.568
-0.382,0.602,0.585,-9.76,39.833,16.226
-0.425,0.626,0.533,-12.688,51.179,13.786
-0.462,0.626,0.505,-14.823,57.645,10.675
-0.545,0.585,0.532,-15.86,64.233,9.15
-0.663,0.544,0.561,-15.799,68.198,9.699
-0.849,0.504,0.646,-14.579,61.61,13.359
-0.957,0.459,0.72,-10.675,43.92,18.849
-0.943,0.406,0.714,-6.222,15.799,23.119
-0.799,0.399,0.669,-1.159,-8.784,25.62
-0.663,0.442,0.607,1.769,-22.143,23.241
-0.59,0.488,0.54,2.074,-27.45,18.971
-0.566,0.502,0.497,0.244,-26.413,14.945
-0.558,0.508,0.484,-2.135,-19.52,12.932
-0.592,0.508,0.496,-4.331,-11.407,11.163
-0.648,0.501,0.533,-5.185,-5.124,9.943
-0.676,0.494,0.591,-3.843,-2.44,9.333
-0.672,0.497,0.646,-1.22,-3.599,8.784
-0.639,0.513,0.668,2.684,-6.1,7.564
-0.606,0.524,0.654,6.283,-9.76,5.429
-0.549,0.533,0.634,9.089,-11.956,3.721
-0.502,0.553,0.612,11.041,-13.969,-0.183
-0.475,0.563,0.6,12.322,-15.189,-3.721
-0.454,0.564,0.591,13.908,-16.897,-5.917
-0.471,0.56,0.625,16.287,-19.154,-7.015
-0.486,0.553,0.689,19.459,-16.287,-6.222
-0.493,0.539,0.734,23.119,-8.479,-4.453
-0.504,0.53,0.751,27.145,-1.22,-2.379
-0.454,0.543,0.739,29.768,6.466,-1.647
-0.372,0.574,0.716,30.439,13.847,-2.867
-0.32,0.59,0.678,30.012,17.751,-6.161
-0.34,0.588,0.628,28.975,16.653,-10.065
-0.402,0.588,0.604,29.585,11.773,-11.102
-0.457,0.606,0.582,29.585,3.782,-12.017
-0.498,0.611,0.565,28.548,-2.074,-13.054
-0.543,0.612,0.56,26.962,-7.381,-14.091
-0.533,0.62,0.571,25.376,-12.993,-14.457
-0.496,0.626,0.578,23.668,-15.982,-13.786
-0.466,0.632,0.556,21.899,-17.202,-12.078
-0.517,0.628,0.532,20.313,-22.082,-10.126
-0.509,0.64,0.53,19.398,-33.001,-8.845
-0.452,0.634,0.538,18.239,-43.615,-7.93
-0.446,0.629,0.543,17.69,-48.678,-6.893
-0.481,0.609,0.534,16.653,-49.654,-5.246
-0.518,0.606,0.531,16.653,-50.935,-3.599
-0.513,0.601,0.524,17.751,-55.51,-2.806
-0.456,0.594,0.558,17.385,-60.634,-2.928
-0.374,0.602,0.595,13.298,-63.196,-3.965
-0.312,0.621,0.593,7.991,-63.745,-4.331
-0.261,0.629,0.588,4.941,-63.745,-5.307
-0.209,0.63,0.592,3.782,-61.183,-7.991
-0.202,0.621,0.593,3.538,-52.033,-9.943
-0.268,0.618,0.59,2.928,-41.663,-12.017
-0.322,0.623,0.565,1.647,-37.332,-13.115
-0.345,0.631,0.551,0.061,-40.931,-13.298
-0.375,0.621,0.552,-3.05,-53.253,-13.298
-0.386,0.604,0.549,-6.893,-69.113,-10.431
-0.372,0.59,0.546,-11.163,-82.35,-8.906
-0.378,0.584,0.551,-13.847,-89.304,-8.723
-0.411,0.586,0.549,-15.616,-91.439,-8.784
-0.442,0.592,0.534,-15.86,-93.818,-11.224
-0.434,0.594,0.537,-15.982,-96.502,-14.518
-0.365,0.598,0.565,-17.934,-94.55,-17.873
-0.243,0.622,0.586,-21.045,-80.886,-20.74
-0.148,0.633,0.596,-22.753,-57.889,-24.217
-0.144,0.616,0.63,-22.875,-30.744,-25.01
-0.214,0.575,0.697,-21.655,-0.488,-20.557
-0.317,0.526,0.758,-19.032,30.683,-11.529
-0.454,0.507,0.776,-15.555,55.876,-3.477
-0.596,0.518,0.729,-13.969,62.525,1.342
-0.64,0.522,0.68,-13.359,51.545,6.222
-0.564,0.529,0.683,-11.773,35.746,9.882
-0.412,0.545,0.704,-12.139,25.315,9.821
-0.275,0.555,0.724,-14.396,25.559,9.455
-0.22,0.562,0.726,-16.104,35.38,9.882
-0.233,0.568,0.717,-16.47,50.752,11.163
-0.277,0.559,0.705,-15.494,66.246,12.566
-0.324,0.558,0.681,-14.335,78.812,15.86
-0.393,0.573,0.639,-14.03,86.437,16.592
-0.489,0.576,0.603,-12.566,87.901,15.128
-0.571,0.574,0.602,-10.187,80.703,15.555
-0.568,0.576,0.616,-7.93,69.113,14.823
-0.505,0.569,0.609,-7.808,58.804,14.396
-0.442,0.571,0.596,-8.601,53.68,15.555
-0.362,0.582,0.605,-10.736,57.462,17.751
-0.336,0.591,0.609,-14.884,67.405,18.605
-0.377,0.59,0.587,-18.056,77.653,18.117
-0.417,0.58,0.555,-19.52,84.058,17.812
-0.462,0.569,0.534,-20.313,85.644,17.873
-0.505,0.572,0.519,-20.801,85.644,17.873
-0.551,0.569,0.532,-19.764,83.021,16.775
-0.569,0.553,0.572,-18.361,77.104,15.677
-0.579,0.523,0.608,-16.592,71.98,15.738
-0.638,0.514,0.615,-14.884,65.88,16.165
-0.707,0.5,0.646,-12.749,59.414,18.178
-0.718,0.492,0.669,-9.394,54.839,20.374
-0.71,0.499,0.674,-6.527,49.044,21.655
-0.686,0.507,0.656,-4.758,44.103,22.387
-0.669,0.511,0.607,-3.294,40.992,22.143
-0.656,0.527,0.552,-1.403,39.101,20.618
-0.629,0.546,0.507,-1.403,35.258,18.544
-0.614,0.549,0.483,-2.501,29.036,15.616
-0.642,0.537,0.479,-3.538,22.753,12.566
-0.664,0.518,0.505,-4.392,17.995,11.285
-0.675,0.492,0.538,-3.66,12.688,11.834
-0.703,0.468,0.536,-1.647,4.331,14.091
-0.734,0.471,0.51,0.732,-6.1,15.616
-0.75,0.506,0.499,1.037,-17.812,15.738
-0.772,0.518,0.531,0.122,-29.158,13.42
-0.737,0.501,0.599,0.671,-35.685,10.736
-0.679,0.462,0.657,1.464,-38.308,8.967
-0.621,0.45,0.679,3.538,-35.868,9.272
-0.575,0.477,0.682,7.259,-29.951,10.248
-0.582,0.498,0.668,12.261,-25.681,8.662
-0.573,0.536,0.641,17.629,-24.034,7.381
-0.564,0.578,0.609,21.96,-27.877,4.148
-0.564,0.604,0.6,26.352,-33.306,0.305
-0.548,0.635,0.584,29.707,-34.953,-1.952
-0.509,0.655,0.579,31.659,-33.855,-3.782
-0.467,0.65,0.615,34.099,-29.158,-5.917
-0.409,0.636,0.63,35.136,-20.13,-7.381
-0.356,0.621,0.63,33.855,-11.102,-9.089
-0.321,0.625,0.61,30.622,-3.477,-11.041
-0.322,0.65,0.587,26.291,1.769,-13.298
-0.361,0.655,0.582,23.424,0.183,-15.921
-0.457,0.629,0.606,22.509,-8.845,-17.385
-0.499,0.632,0.623,21.594,-20.252,-18.361
-0.525,0.628,0.615,20.008,-34.038,-19.825
-0.547,0.615,0.59,18.788,-46.482,-18.361
-0.513,0.623,0.57,18.422,-57.157,-15.799
-0.478,0.63,0.552,18.605,-70.821,-13.42
-0.44,0.631,0.539,17.69,-84.973,-12.078
-0.411,0.635,0.549,14.64,-100.833,-12.688
-0.359,0.653,0.557,10.431,-118.401,-14.457
-0.306,0.651,0.575,6.466,-136.518,-15.738
-0.251,0.635,0.596,3.111,-154.269,-16.836
-0.184,0.63,0.601,0.427,-166.042,-16.287
-0.132,0.625,0.604,-1.342,-165.92,-15.86
-0.103,0.621,0.594,-2.135,-153.964,-16.836
-0.126,0.607,0.565,-4.148,-134.993,-16.714
-0.209,0.618,0.535,-6.893,-117.852,-15.616
-0.29,0.637,0.504,-10.126,-104.188,-16.226
-0.304,0.637,0.491,-14.152,-90.951,-17.995
-0.265,0.629,0.509,-18.666,-74.847,-19.703
-0.199,0.624,0.556,-22.692,-51.423,-18.91
-0.161,0.613,0.633,-23.79,-20.618,-16.409
-0.158,0.566,0.722,-21.35,10.858,-14.396
-0.198,0.498,0.768,-18.666,38.979,-10.614
-0.291,0.47,0.777,-16.043,58.987,-2.257
-0.414,0.486,0.74,-12.871,67.039,5.429
-0.497,0.518,0.666,-9.699,64.355,10.736
-0.504,0.545,0.607,-7.991,52.765,12.566
-0.444,0.553,0.58,-9.577,39.284,12.078
-0.355,0.564,0.615,-11.773,33.245,12.505
-0.251,0.594,0.647,-14.579,38.064,11.956
-0.195,0.589,0.658,-17.507,51.423,9.699
-0.249,0.564,0.677,-18.117,70.76,12.505
-0.322,0.542,0.708,-16.47,89.792,17.08
-0.38,0.543,0.732,-13.481,102.907,18.544
-0.453,0.562,0.712,-11.651,106.872,19.825
-0.521,0.575,0.666,-10.065,103.7,21.35
-0.55,0.596,0.618,-7.686,93.757,21.96
-0.513,0.61,0.589,-5.917,79.788,20.862
-0.419,0.617,0.581,-6.71,68.869,20.618
-0.317,0.622,0.569,-10.309,67.161,20.74
-0.264,0.633,0.55,-14.091,74.664,20.496
-0.296,0.64,0.532,-17.751,85.522,17.934
-0.393,0.618,0.552,-20.252,95.221,15.677
-0.507,0.588,0.564,-22.021,103.273,16.47
-0.65,0.554,0.619,-20.069,105.286,18.544
-0.729,0.531,0.643,-16.714,101.26,20.191
-0.782,0.51,0.642,-13.603,88.023,22.082
-0.776,0.511,0.676,-8.052,70.028,25.559
-0.67,0.532,0.69,-3.782,52.033,27.572
-0.565,0.536,0.651,-3.294,43.188,24.705
-0.541,0.542,0.582,-4.575,44.652,20.618
-0.564,0.555,0.535,-6.161,49.776,17.934
-0.608,0.558,0.519,-7.442,52.033,14.518
-0.659,0.544,0.508,-7.93,50.203,10.797
-0.719,0.516,0.53,-7.808,46.177,8.418
-0.783,0.49,0.564,-6.344,39.101,7.076
-0.834,0.468,0.591,-4.026,28.304,6.527
-0.807,0.457,0.582,-1.098,18.239,6.222
-0.752,0.469,0.516,1.708,7.686,7.625
-0.748,0.5,0.452,4.026,-10.065,10.37
-0.776,0.529,0.46,6.161,-32.879,11.041
-0.754,0.549,0.501,8.479,-48.312,11.041
-0.7,0.541,0.523,9.76,-51.85,10.492
-0.644,0.529,0.549,12.078,-49.044,8.723
-0.579,0.526,0.582,16.104,-46.482,5.673
-0.52,0.52,0.616,20.13,-46.482,2.196
-0.472,0.527,0.637,22.997,-45.506,-0.671
-0.423,0.559,0.638,26.474,-44.286,-5.246
-0.39,0.589,0.661,29.158,-45.018,-10.797
-0.445,0.59,0.69,28.792,-42.517,-11.224
-0.464,0.61,0.703,27.633,-34.038,-6.832
-0.416,0.637,0.686,26.413,-24.156,-7.442
-0.39,0.642,0.644,24.766,-16.226,-10.675
-0.386,0.655,0.598,23.607,-11.285,-12.261
-0.393,0.666,0.562,22.692,-11.346,-14.762
-0.38,0.657,0.562,22.448,-12.871,-15.494
-0.38,0.652,0.568,21.411,-14.457,-14.945
-0.433,0.653,0.587,19.825,-17.202,-15.006
-0.464,0.635,0.6,18.483,-18.422,-13.603
-0.495,0.626,0.569,17.934,-18.483,-11.346
-0.519,0.623,0.547,19.276,-22.021,-9.699
-0.461,0.614,0.545,20.008,-28.487,-9.089
-0.409,0.625,0.542,17.995,-37.942,-7.564
-0.416,0.646,0.537,15.25,-51.362,-6.466
-0.393,0.671,0.543,12.017,-70.455,-6.649
-0.33,0.673,0.547,7.93,-88.328,-8.845
-0.283,0.678,0.554,4.209,-98.637,-10.492
-0.236,0.679,0.553,1.769,-102.602,-11.956
-0.209,0.677,0.549,0.061,-102.724,-13.237
-0.222,0.668,0.541,-2.013,-104.615,-14.091
-0.251,0.642,0.569,-4.148,-110.471,-14.457
-0.293,0.614,0.575,-5.734,-119.011,-15.616
-0.308,0.588,0.561,-7.686,-124.684,-14.762
-0.319,0.586,0.533,-11.224,-126.697,-12.993
-0.326,0.604,0.539,-14.823,-123.83,-12.2
-0.291,0.615,0.547,-18.544,-112.362,-12.017
-0.183,0.611,0.563,-22.326,-84.912,-11.529
-0.125,0.61,0.577,-24.095,-47.702,-13.664
-0.142,0.612,0.592,-23.546,-8.601,-17.08
-0.178,0.582,0.594,-23.058,25.376,-18.788
-0.326,0.513,0.607,-22.509,44.164,-15.433
-0.488,0.482,0.635,-21.106,51.362,-6.771
-0.554,0.484,0.676,-19.215,53.558,3.294
-0.545,0.517,0.722,-16.714,52.582,10.126
-0.431,0.557,0.71,-15.86,50.386,10.004
-0.307,0.545,0.686,-16.47,49.959,7.747
-0.219,0.55,0.705,-16.775,57.767,9.333
-0.178,0.566,0.706,-17.385,73.078,11.529
-0.278,0.562,0.689,-16.897,86.681,13.542
-0.407,0.564,0.667,-14.823,93.757,17.263
-0.44,0.578,0.635,-12.2,94.916,20.252
-0.413,0.601,0.609,-11.712,96.197,23.302
-0.429,0.612,0.595,-13.176,97.539,24.827
-0.504,0.592,0.593,-14.762,94.794,24.583
-0.558,0.582,0.583,-15.433,86.62,21.899
-0.538,0.588,0.598,-15.433,77.409,19.459
-0.482,0.582,0.627,-15.616,71.309,18.788
-0.441,0.584,0.625,-16.47,69.906,18.605
-0.434,0.58,0.639,-16.409,72.041,19.032
-0.478,0.571,0.67,-15.25,73.932,20.618
-0.54,0.556,0.681,-13.542,73.932,21.533
-0.595,0.544,0.679,-11.773,71.98,21.472
-0.65,0.546,0.671,-9.76,62.769,21.106
-0.641,0.548,0.665,-7.991,50.874,20.801
-0.425,0.638,0.614,24.766,6.588,-6.954
-0.351,0.651,0.575,25.986,6.039,-8.235
-0.354,0.661,0.558,26.413,4.514,-9.76
-0.383,0.669,0.559,24.949,6.161,-11.59
-0.413,0.67,0.546,22.692,9.699,-13.115
-0.443,0.661,0.543,20.313,11.59,-12.749
-0.467,0.649,0.551,18.727,10.797,-11.59
-0.482,0.656,0.558,17.812,7.93,-10.553
-0.466,0.668,0.564,16.958,2.196,-10.004
-0.421,0.666,0.56,15.616,-7.686,-8.601
-0.378,0.672,0.56,13.725,-17.385,-6.466
-0.349,0.672,0.569,10.858,-26.535,-5.551
-0.33,0.666,0.582,8.479,-38.552,-4.758
-0.299,0.647,0.574,6.588,-51.606,-5.429
-0.287,0.641,0.544,4.209,-65.514,-8.174
-0.3,0.633,0.525,1.281,-77.958,-10.492
-0.333,0.617,0.541,-1.586,-88.938,-11.346
-0.366,0.59,0.561,-4.087,-104.066,-11.834
-0.386,0.57,0.581,-6.466,-124.074,-14.213
-0.364,0.577,0.609,-8.967,-142.374,-14.884
-0.302,0.578,0.631,-11.285,-155.672,-13.481
-0.222,0.578,0.649,-12.444,-159.271,-11.773
-0.153,0.592,0.654,-13.359,-149.206,-10.248
-0.138,0.609,0.635,-13.908,-125.843,-9.455
-0.171,0.621,0.615,-13.847,-95.404,-10.736
-0.186,0.602,0.604,-14.152,-65.697,-14.274
-0.234,0.564,0.585,-14.335,-41.907,-18.361
-0.379,0.546,0.58,-14.152,-21.411,-20.984
-0.529,0.539,0.61,-14.274,-3.111,-17.507
-0.59,0.524,0.686,-14.03,8.418,-9.211
-0.579,0.517,0.75,-12.627,11.102,-0.244
-0.426,0.548,0.767,-10.919,6.649,6.893
-0.169,0.587,0.759,-8.601,-2.928,9.028
0.001,0.615,0.736,-7.747,-7.442,7.869
0.008,0.623,0.713,-9.516,4.026,5.856
-0.117,0.614,0.688,-12.993,31.232,5.063
-0.255,0.61,0.642,-17.385,67.283,8.967
-0.335,0.594,0.607,-20.069,98.515,13.908
-0.391,0.58,0.59,-19.459,114.314,14.518
-0.451,0.563,0.615,-18.544,114.314,13.969
-0.5,0.542,0.65,-17.568,104.737,14.884
-0.491,0.544,0.658,-16.531,93.574,15.067
-0.399,0.557,0.667,-15.86,82.106,14.152
-0.318,0.573,0.661,-15.311,69.906,13.908
-0.286,0.586,0.615,-14.518,63.257,14.762
-0.273,0.595,0.562,-13.481,66.002,14.091
-0.323,0.594,0.531,-12.566,76.738,14.152
-0.434,0.583,0.534,-12.261,89.121,14.335
-0.527,0.59,0.523,-12.261,96.929,13.054
-0.569,0.572,0.528,-12.078,98.027,11.468
-0.582,0.559,0.544,-13.908,92.049,11.529
-0.63,0.574,0.557,-14.091,88.145,12.688
-0.682,0.574,0.59,-12.688,88.633,13.054
-0.637,0.568,0.61,-12.078,86.071,13.725
-0.534,0.57,0.601,-11.102,80.398,15.738
-0.501,0.569,0.563,-8.967,74.725,18.361
-0.572,0.564,0.546,-7.991,72.529,20.618
-0.686,0.546,0.55,-8.052,75.335,21.472
-0.775,0.526,0.553,-7.747,76.555,19.337
-0.818,0.515,0.56,-7.198,71.309,15.433
-0.872,0.49,0.571,-6.954,60.939,11.163
-0.917,0.471,0.575,-6.039,49.715,9.272
-0.907,0.46,0.57,-5.124,40.138,9.272
-0.88,0.451,0.565,-3.965,29.707,10.248
-0.826,0.467,0.559,-2.806,18.91,9.577
-0.742,0.477,0.563,-2.013,7.625,6.893
-0.659,0.486,0.554,-0.427,-6.771,5.307
-0.607,0.508,0.547,0.549,-22.631,3.477
-0.604,0.523,0.542,0.671,-35.38,1.891
-0.629,0.532,0.562,1.586,-42.456,0.244
-0.63,0.545,0.595,2.013,-42.7,-1.037
-0.632,0.545,0.61,2.562,-37.698,-0.488
-0.64,0.538,0.597,4.819,-29.036,-0.061
-0.639,0.545,0.563,7.137,-22.509,-1.037
-0.608,0.568,0.541,9.577,-20.13,-1.22
-0.57,0.596,0.567,11.834,-23.973,-1.159
-0.479,0.618,0.603,13.847,-30.073,-1.281
-0.42,0.628,0.614,16.409,-37.027,-3.05
-0.403,0.632,0.579,18.91,-41.053,-5.978
-0.433,0.6,0.615,18.788,-41.236,-8.723
-0.409,0.595,0.67,17.873,-38.369,-10.858
-0.357,0.603,0.689,20.557,-34.892,-10.37
-0.366,0.597,0.711,24.766,-28.548,-7.32
-0.341,0.604,0.694,27.206,-22.631,-7.442
-0.345,0.594,0.649,27.633,-17.202,-9.943
-0.426,0.599,0.596,26.962,-12.078,-13.786
-0.492,0.634,0.562,23.546,-10.37,-19.215
-0.508,0.656,0.546,20.679,-10.858,-22.57
-0.477,0.665,0.534,19.215,-13.969,-23.119
-0.451,0.665,0.542,18.422,-19.337,-22.204
-0.477,0.649,0.538,17.141,-25.925,-19.825
-0.505,0.643,0.532,15.738,-29.219,-17.141
-0.48,0.631,0.551,13.603,-31.598,-15.006
-0.443,0.625,0.569,12.322,-38.186,-12.505
-0.411,0.63,0.595,12.322,-48.312,-10.37
-0.386,0.615,0.594,11.102,-59.597,-9.699
-0.35,0.617,0.585,9.272,-71.553,-8.967
-0.303,0.635,0.569,6.588,-84.79,-9.577
-0.266,0.627,0.554,4.026,-99.552,-11.224
-0.26,0.6,0.559,2.379,-117.547,-13.969
-0.27,0.58,0.567,1.708,-138.104,-16.409
-0.279,0.562,0.597,1.708,-159.149,-18.544
-0.285,0.534,0.654,1.708,-177.815,-19.459
-0.262,0.51,0.669,1.769,-191.601,-18.666
-0.176,0.533,0.65,0.976,-197.396,-16.043
-0.091,0.575,0.628,-1.708,-189.71,-12.078
-0.061,0.596,0.61,-5.307,-164.334,-9.577
-0.081,0.606,0.588,-7.991,-126.88,-9.028
-0.122,0.61,0.564,-10.065,-85.095,-8.113
-0.173,0.612,0.557,-12.505,-47.214,-8.54
-0.237,0.601,0.541,-15.311,-19.093,-9.272
-0.357,0.552,0.539,-17.69,-2.867,-11.712
-0.517,0.499,0.586,-18.91,2.196,-15.799
-0.549,0.475,0.687,-18.3,-5.978,-15.921
-0.481,0.501,0.791,-15.189,-24.217,-9.638
-0.307,0.56,0.82,-11.285,-35.868,1.22
-0.127,0.578,0.808,-7.442,-37.271,9.394
-0.026,0.559,0.795,-6.954,-24.522,10.919
-0.064,0.543,0.768,-9.821,2.013,9.943
-0.168,0.536,0.759,-12.688,38.247,11.651
-0.257,0.55,0.73,-13.603,69.784,15.372
-0.32,0.559,0.705,-12.078,91.317,19.032
-0.369,0.578,0.68,-9.577,102.175,21.716
-0.386,0.583,0.674,-7.93,104.859,21.228
-0.371,0.568,0.684,-7.93,103.822,20.618
-0.359,0.569,0.677,-8.479,100.528,22.082
-0.341,0.594,0.646,-10.065,97.173,23.912
-0.313,0.616,0.623,-11.895,96.502,24.888
-0.26,0.611,0.627,-13.847,99.186,23.851
-0.268,0.607,0.603,-15.677,104.371,22.204
-0.351,0.614,0.576,-17.629,112.667,21.899
-0.465,0.602,0.59,-20.313,123.098,22.692
-0.576,0.572,0.627,-21.594,129.747,21.716
-0.637,0.552,0.685,-21.533,128.954,20.74
-0.658,0.535,0.716,-20.984,119.438,21.045
-0.67,0.507,0.754,-19.947,103.639,22.448
-0.645,0.506,0.801,-18.3,87.291,24.278
-0.56,0.513,0.792,-15.799,72.102,26.169
-0.498,0.522,0.727,-12.566,60.268,27.389
-0.529,0.54,0.643,-9.638,56.913,27.45
-0.557,0.553,0.577,-6.832,61.0,26.291
-0.583,0.562,0.528,-6.649,63.684,24.644
-0.627,0.546,0.506,-6.405,64.355,22.082
-0.674,0.524,0.515,-5.856,58.987,18.483
-0.7,0.51,0.512,-5.734,49.654,15.799
-0.677,0.511,0.501,-5.856,38.918,14.213
-0.655,0.503,0.514,-5.673,26.352,13.908
-0.686,0.49,0.549,-5.307,14.152,13.481
-0.702,0.485,0.573,-5.49,3.172,11.59
-0.712,0.481,0.589,-4.697,-8.784,10.248
-0.747,0.48,0.604,-2.379,-21.777,9.76
-0.772,0.48,0.619,-0.488,-34.465,7.991
-0.697,0.491,0.646,2.135,-48.678,7.381
-0.588,0.49,0.679,5.49,-67.1,6.405
-0.524,0.502,0.736,8.418,-79.3,3.721
-0.482,0.521,0.76,10.614,-77.287,0.671
-0.468,0.515,0.777,13.603,-66.856,-0.793
-0.401,0.529,0.795,16.714,-56.12,-3.294
-0.298,0.565,0.789,19.947,-52.216,-7.137
-0.291,0.59,0.735,24.217,-47.336,-10.004
-0.391,0.584,0.71,24.705,-38.552,-12.383
-0.447,0.617,0.674,22.57,-26.291,-12.627
-0.389,0.635,0.644,21.716,-13.969,-9.394
-0.355,0.631,0.627,22.997,-5.734,-7.808
-0.367,0.622,0.642,22.753,-6.527,-10.065
-0.344,0.623,0.64,22.387,-7.32,-14.701
-0.331,0.632,0.61,22.082,-6.527,-19.093
-0.359,0.632,0.605,20.313,-5.246,-22.448
-0.367,0.641,0.591,18.605,-2.745,-25.071
-0.39,0.635,0.583,16.775,0.976,-25.681
-0.464,0.616,0.602,15.921,3.538,-24.522
-0.456,0.605,0.619,15.25,3.66,-22.692
-0.416,0.605,0.614,16.043,-1.769,-20.252
-0.428,0.609,0.591,16.531,-11.651,-18.605
-0.456,0.609,0.575,15.128,-21.899,-17.568
-0.403,0.613,0.566,13.176,-32.086,-15.677
-0.347,0.617,0.556,12.383,-45.445,-14.335
-0.324,0.613,0.56,12.566,-58.377,-14.213
-0.289,0.612,0.56,11.712,-71.675,-14.762
-0.244,0.628,0.566,10.004,-84.79,-14.518
-0.209,0.63,0.562,7.747,-94.184,-13.542
-0.195,0.621,0.55,5.307,-100.284,-12.627
-0.192,0.614,0.561,3.111,-106.079,-12.566
-0.19,0.592,0.587,0.305,-111.569,-12.383
-0.202,0.565,0.589,-1.769,-116.449,-12.749
-0.223,0.565,0.593,-3.416,-121.329,-13.42
-0.252,0.565,0.627,-5.673,-124.684,-12.81
-0.267,0.556,0.645,-7.564,-126.392,-11.834
-0.258,0.558,0.633,-10.309,-128.588,-11.163
-0.229,0.569,0.602,-12.932,-129.564,-10.675
-0.181,0.579,0.588,-14.823,-128.283,-11.834
-0.133,0.574,0.64,-15.86,-125.416,-14.396
-0.099,0.547,0.726,-16.348,-119.56,-17.751
-0.072,0.501,0.844,-15.616,-106.079,-19.093
-0.075,0.465,0.914,-13.969,-83.265,-17.751
-0.148,0.481,0.896,-12.383,-48.19,-13.115
-0.261,0.517,0.798,-9.455,-1.342,-4.636
-0.307,0.549,0.707,-5.429,45.75,3.66
-0.256,0.587,0.639,-4.148,77.958,7.686
-0.188,0.605,0.604,-3.721,93.33,8.967
-0.161,0.601,0.609,-3.904,96.929,10.187
-0.162,0.597,0.635,-5.429,95.831,10.736
-0.188,0.592,0.663,-7.442,95.282,11.468
-0.289,0.59,0.694,-9.882,99.735,12.383
-0.378,0.579,0.73,-13.786,111.752,14.03
-0.395,0.562,0.763,-17.141,125.599,15.555
-0.386,0.573,0.756,-17.812,135.054,16.775
-0.406,0.595,0.699,-17.263,139.08,20.313
-0.426,0.618,0.638,-15.982,142.923,25.01
-0.456,0.623,0.579,-14.335,145.302,27.938
-0.508,0.612,0.563,-12.81,141.459,29.036
-0.526,0.601,0.563,-12.261,128.161,29.28
-0.48,0.582,0.592,-12.078,105.652,28.426
-0.433,0.567,0.655,-12.139,79.788,25.742
-0.391,0.552,0.708,-13.054,61.549,23.851
-0.396,0.542,0.712,-14.274,56.913,22.936
-0.445,0.569,0.659,-15.555,66.246,23.18
-0.54,0.587,0.626,-15.738,84.607,24.644
-0.589,0.559,0.618,-13.603,100.406,25.132
-0.625,0.531,0.638,-12.383,101.931,24.583
-0.632,0.536,0.653,-9.516,93.513,24.4
-0.61,0.542,0.648,-5.917,74.237,23.973
-0.579,0.542,0.635,-3.599,50.569,24.461
-0.561,0.547,0.611,-2.684,31.781,24.339
-0.58,0.547,0.594,-2.379,24.522,23.18
-0.629,0.538,0.566,-2.867,27.206,22.143
-0.679,0.524,0.546,-3.843,33.245,21.777
-0.712,0.506,0.537,-4.514,37.942,20.496
-0.718,0.491,0.549,-5.002,36.295,18.849
-0.693,0.485,0.571,-4.819,29.036,18.056
-0.654,0.492,0.588,-4.331,20.191,17.202
-0.656,0.49,0.589,-3.416,12.81,15.494
-0.693,0.485,0.585,-1.952,5.978,13.664
-0.723,0.484,0.598,0.183,-4.026,11.041
-0.72,0.489,0.612,3.66,-17.08,9.028
-0.692,0.494,0.607,6.527,-30.256,8.174
-0.66,0.507,0.612,7.808,-38.796,7.259
-0.611,0.531,0.61,9.211,-43.127,5.368
-0.549,0.552,0.62,11.956,-44.652,2.623
-0.502,0.559,0.642,15.006,-43.798,-0.671
-0.474,0.567,0.705,17.507,-43.432,-4.087
-0.395,0.586,0.781,20.618,-46.665,-8.113
-0.299,0.597,0.807,25.376,-52.643,-11.285
-0.289,0.615,0.735,28.67,-53.558,-12.932
-0.386,0.613,0.695,28.365,-44.469,-14.274
-0.455,0.635,0.651,24.766,-29.585,-13.969
-0.432,0.647,0.612,22.387,-13.481,-12.078
-0.374,0.631,0.596,22.692,-5.612,-11.041
-0.337,0.637,0.61,22.875,-11.651,-13.176
-0.341,0.651,0.605,22.631,-17.751,-15.982
-0.405,0.642,0.609,21.899,-21.777,-19.215
-0.447,0.644,0.625,20.069,-23.912,-22.448
-0.429,0.645,0.624,19.032,-22.997,-23.546
-0.409,0.641,0.604,18.849,-20.862,-22.326
-0.408,0.639,0.588,18.117,-19.398,-21.472
-0.386,0.637,0.572,16.714,-18.178,-19.764
-0.355,0.643,0.552,14.64,-18.849,-17.69
-0.341,0.647,0.556,12.444,-22.875,-15.982
-0.321,0.649,0.577,9.943,-30.927,-16.287
-0.293,0.647,0.59,8.113,-41.785,-17.446
-0.261,0.641,0.585,7.076,-53.924,-18.056
-0.267,0.635,0.576,5.429,-69.784,-19.52
-0.278,0.612,0.579,3.111,-86.986,-21.472
-0.3,0.598,0.558,2.44,-106.994,-21.96
-0.325,0.591,0.517,2.745,-130.967,-22.875
-0.325,0.593,0.487,2.196,-158.844,-24.034
-0.256,0.585,0.508,-0.061,-188.307,-25.498
-0.162,0.576,0.598,-3.782,-215.452,-26.169
-0.078,0.567,0.718,-8.113,-229.36,-21.655
-0.063,0.537,0.801,-11.651,-221.613,-13.42
-0.096,0.517,0.825,-13.603,-190.442,-7.259
-0.122,0.518,0.82,-14.64,-144.753,-3.477
-0.141,0.528,0.791,-13.298,-94.794,0.244
-0.156,0.549,0.7,-9.455,-47.519,1.647
-0.13,0.593,0.584,-5.795,-8.54,1.891
-0.068,0.651,0.506,-3.904,21.716,1.891
0.02,0.683,0.447,-4.392,43.249,-0.61
0.063,0.665,0.403,-8.418,57.035,-5.917
-0.121,0.57,0.473,-15.555,72.468,-11.407
-0.471,0.493,0.585,-23.302,96.563,-13.908
-0.666,0.515,0.604,-27.511,124.745,-11.407
-0.608,0.553,0.627,-26.291,147.376,-1.525
-0.451,0.566,0.674,-23.607,155.428,8.784
-0.337,0.579,0.688,-21.35,151.28,12.81
-0.284,0.583,0.659,-19.764,145.973,12.261
-0.253,0.579,0.611,-19.642,143.106,12.505
-0.259,0.604,0.537,-21.045,143.167,13.786
-0.31,0.634,0.504,-21.167,147.681,13.786
-0.383,0.626,0.532,-21.289,150.731,12.688
-0.49,0.594,0.607,-23.424,149.328,11.163
-0.637,0.552,0.643,-25.01,146.522,11.163
-0.718,0.538,0.592,-24.949,143.899,11.59
-0.748,0.53,0.541,-24.339,141.52,11.041
-0.853,0.529,0.524,-23.18,141.276,12.749
-0.905,0.542,0.533,-21.289,142.13,16.043
-0.853,0.552,0.547,-19.032,134.749,18.849
-0.847,0.527,0.586,-17.507,114.436,22.448
-0.857,0.494,0.62,-16.836,84.668,24.156
-0.821,0.466,0.661,-16.653,49.471,22.875
-0.811,0.44,0.69,-15.677,16.043,19.52
-0.865,0.423,0.701,-14.396,-6.588,13.847
-0.878,0.426,0.701,-13.237,-17.141,6.222
-0.848,0.433,0.677,-12.078,-22.997,-0.366
-0.822,0.44,0.647,-10.187,-27.389,-2.989
-0.782,0.445,0.622,-8.052,-32.879,-4.087
-0.734,0.46,0.631,-5.063,-40.504,-5.856
-0.695,0.469,0.668,-1.403,-50.264,-9.821
-0.651,0.488,0.711,1.769,-60.268,-14.762
-0.604,0.5,0.744,4.697,-68.259,-19.398
-0.569,0.511,0.774,9.15,-71.187,-23.119
-0.559,0.522,0.801,12.688,-67.588,-25.254
-0.544,0.544,0.787,16.165,-58.011,-26.474
-0.524,0.555,0.746,20.862,-44.835,-27.023
-0.472,0.549,0.729,24.888,-33.672,-26.901
-0.443,0.556,0.686,28.365,-25.132,-25.925
-0.458,0.569,0.645,31.537,-17.629,-24.217
-0.445,0.571,0.616,31.903,-13.42,-23.302
-0.422,0.579,0.598,30.561,-15.86,-24.339
-0.417,0.594,0.592,27.938,-19.398,-27.328
-0.402,0.596,0.587,23.607,-19.886,-30.866
-0.35,0.599,0.578,19.459,-14.945,-33.001
-0.361,0.595,0.579,16.47,-7.503,-33.794
-0.407,0.589,0.598,14.396,1.891,-32.147
-0.432,0.579,0.62,14.213,7.076,-31.11
-0.461,0.565,0.627,14.945,2.928,-29.89
-0.494,0.558,0.616,14.152,-7.93,-28.792
-0.509,0.558,0.596,12.627,-19.093,-26.23
-0.491,0.575,0.567,11.407,-28.06,-23.546
-0.458,0.574,0.574,9.882,-37.21,-21.228
-0.445,0.56,0.615,7.381,-49.715,-22.143
-0.433,0.543,0.678,4.514,-61.488,-22.997
-0.417,0.513,0.726,0.976,-70.516,-23.119
-0.398,0.505,0.742,-3.904,-78.69,-24.461
-0.339,0.49,0.759,-8.601,-88.938,-26.413
-0.264,0.488,0.749,-9.394,-100.223,-25.498
-0.215,0.505,0.697,-7.625,-107.665,-23.607
-0.167,0.53,0.615,-5.551,-109.19,-21.594
-0.126,0.577,0.546,-4.453,-109.007,-20.801
-0.113,0.595,0.517,-4.514,-103.273,-19.154
-0.148,0.577,0.504,-6.161,-89.731,-18.239
-0.19,0.55,0.519,-10.309,-69.784,-19.703
-0.249,0.478,0.555,-14.823,-48.495,-21.533
-0.372,0.405,0.612,-17.873,-29.097,-22.143
-0.516,0.368,0.667,-20.069,-8.967,-19.642
-0.643,0.366,0.728,-18.666,11.651,-11.956
-0.612,0.436,0.706,-15.372,29.097,-0.244
-0.443,0.506,0.599,-10.797,38.003,10.492
-0.291,0.534,0.532,-7.32,40.199,16.531
-0.202,0.55,0.504,-7.442,36.905,12.688
-0.177,0.557,0.519,-10.98,36.6,7.747
-0.303,0.519,0.512,-16.226,43.981,6.161
-0.515,0.466,0.555,-23.119,57.34,3.782
-0.633,0.447,0.641,-28.914,70.943,1.952
-0.631,0.429,0.697,-30.317,81.618,5.124
-0.589,0.436,0.693,-28.792,89.548,9.943
-0.556,0.47,0.672,-26.596,95.404,12.81
-0.535,0.496,0.661,-25.437,99.979,15.372
-0.505,0.505,0.685,-25.132,101.87,16.043
-0.471,0.503,0.685,-24.766,99.552,14.518
-0.469,0.498,0.649,-23.851,89.67,11.712
-0.516,0.495,0.635,-22.936,71.614,6.039
-0.592,0.492,0.66,-22.875,52.948,-0.061
-0.673,0.467,0.688,-22.692,40.382,-4.575
-0.717,0.443,0.68,-22.448,31.049,-8.113
-0.742,0.439,0.644,-22.326,28.426,-10.187
-0.778,0.442,0.609,-21.655,35.929,-8.906
-0.814,0.442,0.575,-20.679,50.813,-5.185
-0.816,0.427,0.569,-19.703,63.074,-0.854
-0.824,0.385,0.605,-19.337,67.1,2.745
-0.842,0.347,0.662,-18.971,63.196,5.49
-0.813,0.32,0.712,-18.3,50.325,5.063
-0.784,0.301,0.73,-16.592,31.049,2.745
-0.791,0.296,0.74,-13.237,13.542,-1.22
-0.792,0.314,0.712,-9.943,0.915,-7.747
-0.772,0.323,0.655,-7.259,-8.662,-15.128
-0.745,0.322,0.6,-5.124,-19.398,-20.618
-0.727,0.336,0.562,-3.538,-32.757,-24.095
-0.732,0.35,0.558,-1.952,-42.822,-25.315
-0.761,0.349,0.593,-0.61,-49.898,-26.474
-0.779,0.331,0.666,-0.305,-55.693,-28.243
-0.769,0.31,0.756,0.244,-58.438,-30.561
-0.774,0.302,0.82,2.196,-52.887,-33.123
-0.781,0.305,0.83,6.222,-37.454,-35.563
-0.746,0.334,0.792,10.919,-19.703,-34.953
-0.697,0.392,0.715,16.531,-0.976,-30.866
-0.663,0.459,0.654,23.485,16.47,-27.145
-0.643,0.484,0.63,28.914,26.901,-23.973
-0.666,0.468,0.618,32.757,30.073,-20.618
-0.713,0.466,0.634,35.868,27.023,-17.873
-0.685,0.475,0.663,37.576,16.287,-18.239
-0.581,0.5,0.682,37.393,1.22,-17.995
-0.474,0.5,0.697,34.892,-7.991,-18.788
-0.444,0.475,0.702,29.341,-9.028,-22.265
-0.492,0.46,0.703,22.753,-1.525,-25.742
-0.533,0.457,0.688,17.69,11.102,-28.121
-0.549,0.466,0.664,14.884,24.827,-27.328
-0.551,0.473,0.629,13.664,32.33,-24.583
-0.563,0.482,0.602,14.152,29.463,-21.655
-0.572,0.486,0.612,14.701,18.91,-18.666
-0.564,0.464,0.623,14.396,2.44,-14.396
-0.56,0.445,0.627,14.091,-17.873,-9.577
-0.549,0.442,0.619,13.359,-38.43,-6.771
-0.532,0.437,0.617,12.078,-57.523,-4.88
-0.508,0.421,0.627,9.455,-74.542,-3.355
-0.5,0.406,0.639,5.612,-92.415,-2.745
-0.494,0.402,0.655,1.952,-113.887,-3.294
-0.452,0.399,0.656,-1.037,-142.496,-5.307
-0.404,0.398,0.651,-2.44,-173.179,-5.063
-0.34,0.418,0.621,-2.806,-196.664,-3.294
-0.221,0.447,0.606,-2.135,-211.609,-2.867
-0.098,0.476,0.618,-1.708,-210.206,1.22
-0.036,0.486,0.653,-1.22,-188.368,9.15
-0.037,0.446,0.692,0.122,-148.413,13.603
-0.084,0.414,0.73,1.098,-96.075,17.812
-0.179,0.404,0.739,1.952,-40.443,23.729
-0.306,0.397,0.692,1.708,10.187,29.829
-0.431,0.403,0.644,0.732,49.776,35.258
-0.506,0.428,0.603,0.061,75.518,40.321
-0.518,0.449,0.579,1.159,86.071,45.14
-0.496,0.459,0.639,1.464,82.655,49.471
-0.408,0.494,0.673,1.281,69.601,54.168
-0.345,0.498,0.696,0.976,55.815,58.682
-0.337,0.465,0.724,-1.037,50.264,60.024
-0.349,0.46,0.709,-4.514,53.68,55.388
-0.355,0.49,0.687,-8.052,64.66,50.508
-0.356,0.518,0.683,-10.675,77.897,50.63
-0.421,0.525,0.658,-12.383,92.232,53.009
-0.517,0.532,0.608,-13.725,106.689,54.778
-0.551,0.531,0.586,-13.969,116.693,55.693
-0.591,0.516,0.588,-14.213,121.024,56.303
-0.637,0.499,0.606,-14.213,119.56,56.425
-0.643,0.482,0.633,-14.823,110.105,54.717
-0.595,0.489,0.663,-14.945,96.99,51.728
-0.568,0.488,0.674,-14.701,81.679,48.983
-0.568,0.468,0.702,-13.603,69.418,46.177
-0.578,0.459,0.721,-13.359,59.109,43.371
-0.631,0.464,0.698,-10.858,54.168,43.005
-0.698,0.478,0.669,-6.954,55.205,44.225
-0.754,0.477,0.621,-4.026,57.645,43.127
-0.833,0.475,0.586,-2.257,60.878,41.846
-0.89,0.481,0.588,0.0,60.634,42.456
-0.894,0.487,0.588,2.135,51.911,43.981
-0.848,0.473,0.594,2.684,38.796,43.249
-0.783,0.445,0.624,2.684,22.387,41.846
-0.728,0.422,0.628,2.806,5.551,39.894
-0.7,0.422,0.575,3.477,-6.405,36.783
-0.685,0.456,0.536,5.612,-11.651,33.001
-0.664,0.496,0.549,7.93,-16.775,28.975
-0.663,0.513,0.606,7.93,-22.692,25.62
-0.707,0.493,0.697,7.503,-22.57,21.35
-0.733,0.446,0.771,7.259,-12.993,15.799
-0.719,0.425,0.827,8.479,1.037,8.967
-0.741,0.416,0.862,11.712,14.274,4.026
-0.76,0.425,0.851,17.751,29.219,2.684
-0.737,0.463,0.815,23.241,44.469,2.074
-0.727,0.499,0.778,29.89,56.791,0.549
-0.685,0.528,0.723,36.661,59.902,-0.915
-0.696,0.544,0.664,41.968,55.754,-3.477
-0.705,0.562,0.614,43.92,51.179,-7.137
-0.669,0.592,0.547,43.554,46.36,-11.773
-0.657,0.608,0.496,40.748,40.199,-14.701
-0.632,0.614,0.496,35.563,35.807,-17.263
-0.578,0.609,0.532,30.256,33.062,-19.52
-0.536,0.6,0.548,26.474,26.291,-22.814
-0.478,0.583,0.542,23.241,16.348,-27.084
-0.401,0.598,0.538,19.459,5.307,-31.781
-0.352,0.642,0.506,16.714,-4.941,-35.075
-0.348,0.671,0.49,15.86,-14.152,-35.807
-0.376,0.666,0.498,14.884,-22.448,-34.831
-0.425,0.64,0.498,14.091,-28.304,-33.001
-0.466,0.606,0.516,13.054,-33.55,-30.927
-0.506,0.569,0.531,11.285,-39.65,-29.219
-0.544,0.543,0.529,8.601,-49.288,-27.755
-0.548,0.52,0.524,5.063,-64.843,-26.23
-0.502,0.513,0.504,1.83,-90.097,-24.827
-0.43,0.513,0.492,0.61,-122.61,-24.766
-0.302,0.515,0.506,1.647,-159.088,-24.095
-0.151,0.518,0.532,3.782,-196.359,-22.021
-0.059,0.529,0.542,3.721,-218.014,-17.812
-0.04,0.543,0.544,1.586,-213.866,-12.261
-0.082,0.556,0.561,1.098,-189.344,-8.662
-0.163,0.559,0.594,1.769,-151.951,-5.978
-0.21,0.549,0.62,1.647,-113.643,-3.111
-0.237,0.553,0.633,0.793,-80.337,-1.159
-0.266,0.548,0.653,-1.037,-46.787,3.721
-0.362,0.535,0.67,-2.562,-13.908,8.967
-0.478,0.528,0.653,-2.745,18.727,14.64
-0.519,0.517,0.629,-1.22,42.212,21.594
-0.535,0.51,0.614,0.0,49.288,28.426
-0.556,0.529,0.621,1.159,46.177,34.343
-0.458,0.564,0.635,3.111,38.186,39.65
-0.285,0.588,0.64,4.819,25.193,44.408
-0.183,0.597,0.644,5.185,12.566,46.97
-0.226,0.6,0.639,3.782,11.895,48.19
-0.351,0.6,0.621,1.769,27.938,51.057
-0.455,0.618,0.599,0.427,52.948,52.399
-0.481,0.627,0.569,-1.891,76.677,52.887
-0.481,0.633,0.565,-4.331,91.378,52.216
-0.511,0.641,0.558,-7.381,98.82,52.216
-0.528,0.639,0.554,-8.784,101.504,53.985
-0.656,0.538,0.865,8.296,20.984,-19.642
-0.663,0.53,0.885,13.786,18.605,-22.631
-0.605,0.555,0.894,17.507,18.91,-26.474
-0.519,0.583,0.85,18.971,29.951,-28.67
-0.462,0.627,0.754,19.764,46.909,-29.89
-0.432,0.703,0.646,21.045,61.061,-31.781
-0.404,0.746,0.526,22.448,67.954,-33.001
-0.419,0.737,0.44,23.18,67.954,-35.929
-0.474,0.74,0.373,24.339,58.194,-40.626
-0.505,0.746,0.339,23.851,38.125,-45.75
-0.495,0.72,0.334,21.35,17.934,-49.715
-0.471,0.706,0.356,17.141,3.172,-52.582
-0.447,0.726,0.376,11.59,-5.917,-53.314
-0.44,0.73,0.412,7.93,-14.335,-53.314
-0.393,0.731,0.44,5.551,-25.01,-53.131
-0.319,0.715,0.463,3.477,-35.502,-52.948
-0.267,0.695,0.495,1.83,-44.713,-51.362
-0.258,0.664,0.536,1.159,-55.937,-50.752
-0.282,0.618,0.581,1.769,-73.017,-51.24
-0.313,0.603,0.593,2.928,-99.674,-50.63
-0.366,0.585,0.566,4.514,-136.274,-50.386
-0.407,0.575,0.518,7.503,-175.985,-50.142
-0.428,0.586,0.425,10.126,-221.857,-48.678
-0.404,0.599,0.305,9.577,-271.023,-44.469
-0.271,0.61,0.243,3.904,-299.754,-34.648
-0.032,0.63,0.277,-4.392,-287.676,-21.167
0.143,0.653,0.376,-10.065,-240.584,-13.359
0.173,0.632,0.484,-12.81,-174.887,-10.919
0.107,0.573,0.554,-14.335,-105.774,-8.235
0.017,0.525,0.614,-13.42,-42.639,-4.819
-0.108,0.498,0.627,-10.98,2.318,-3.477
-0.27,0.499,0.607,-8.845,18.91,0.183
-0.383,0.499,0.585,-6.71,14.091,6.283
-0.423,0.508,0.564,-4.27,0.671,13.176
-0.381,0.516,0.59,-1.525,-8.662,21.289
-0.263,0.554,0.66,0.793,-2.196,28.182
-0.126,0.606,0.673,-0.549,19.52,29.585
-0.034,0.625,0.651,-4.026,51.057,29.341
-0.051,0.607,0.642,-7.93,85.522,32.574
-0.176,0.602,0.626,-10.675,117.791,37.759
-0.283,0.617,0.609,-10.492,141.52,42.578
-0.369,0.624,0.621,-8.845,150.731,45.811
-0.455,0.622,0.624,-7.564,148.474,48.8
-0.53,0.621,0.619,-6.466,138.043,51.179
-0.537,0.625,0.612,-5.124,125.233,53.253
-0.498,0.656,0.6,-3.538,113.643,54.046
-0.431,0.686,0.594,-2.989,105.469,54.229
-0.343,0.698,0.59,-4.148,103.944,54.839
-0.272,0.712,0.556,-7.198,111.386,55.449
-0.234,0.726,0.507,-10.309,123.586,55.51
-0.23,0.728,0.484,-12.139,136.701,54.351
-0.291,0.697,0.46,-13.969,145.79,52.765
-0.488,0.645,0.515,-12.993,142.618,49.715
-0.77,0.611,0.59,-9.455,121.756,44.469
-0.935,0.572,0.676,-4.941,89.365,40.382
-0.976,0.572,0.728,-1.037,52.704,38.308
-0.916,0.606,0.734,-0.183,22.57,37.149
-0.786,0.627,0.702,-1.464,10.37,35.014
-0.708,0.62,0.671,-3.111,10.065,31.903
-0.672,0.588,0.644,-4.331,10.858,27.572
-0.68,0.562,0.638,-5.002,7.869,21.777
-0.678,0.574,0.637,-4.392,0.366,16.958
-0.646,0.574,0.655,-2.684,-9.272,12.261
-0.629,0.552,0.667,-0.915,-15.128,6.344
-0.638,0.545,0.642,1.769,-17.202,0.854
-0.646,0.558,0.614,3.965,-19.459,-4.209
-0.627,0.582,0.583,4.758,-21.167,-9.943
-0.614,0.614,0.557,3.721,-24.156,-15.555
-0.604,0.617,0.569,2.562,-27.145,-19.947
-0.608,0.601,0.608,2.501,-27.938,-23.851
-0.601,0.588,0.652,4.392,-25.193,-26.962
-0.578,0.585,0.682,7.747,-21.472,-29.463
-0.538,0.58,0.732,12.139,-14.945,-29.951
-0.489,0.588,0.771,17.141,-3.294,-29.097
-0.484,0.606,0.747,21.655,10.492,-28.792
-0.5,0.627,0.675,25.01,23.058,-28.426
-0.525,0.661,0.587,26.535,27.572,-28.304
-0.482,0.711,0.488,26.23,26.108,-27.206
-0.467,0.733,0.429,25.559,21.35,-26.413
-0.479,0.734,0.429,24.217,14.335,-25.681
-0.498,0.71,0.462,22.326,4.819,-26.108
-0.473,0.684,0.51,20.374,0.366,-25.864
-0.467,0.657,0.541,17.873,-0.183,-26.413
-0.455,0.647,0.559,15.311,-1.952,-28.182
-0.399,0.657,0.563,12.2,-7.564,-30.073
-0.335,0.671,0.559,9.699,-15.555,-32.757
-0.289,0.688,0.523,7.198,-23.912,-33.855
-0.264,0.709,0.489,5.063,-32.513,-33.367
-0.281,0.701,0.486,2.989,-42.883,-33.794
-0.329,0.676,0.509,0.549,-58.804,-35.258
-0.372,0.649,0.513,-3.05,-81.252,-35.38
-0.429,0.636,0.507,-6.1,-109.8,-34.16
-0.467,0.614,0.511,-7.137,-140.544,-33.306
-0.468,0.592,0.523,-7.503,-172.691,-31.903
-0.392,0.587,0.515,-9.455,-197.152,-27.755
-0.199,0.607,0.508,-11.834,-196.481,-20.679
-0.031,0.637,0.506,-11.773,-173.423,-15.86
0.039,0.641,0.487,-10.797,-135.603,-13.481
0.003,0.609,0.46,-10.98,-94.428,-12.993
-0.108,0.582,0.45,-10.736,-59.17,-12.749
-0.241,0.575,0.458,-11.285,-36.6,-12.383
-0.337,0.553,0.496,-11.59,-23.607,-9.76
-0.407,0.528,0.556,-10.919,-16.165,-2.318
-0.443,0.52,0.641,-9.76,-9.699,6.466
-0.369,0.541,0.687,-8.845,1.952,11.041
-0.214,0.567,0.689,-9.272,21.106,12.139
-0.129,0.577,0.674,-10.126,46.177,12.261
-0.127,0.594,0.63,-11.773,71.248,11.468
-0.136,0.614,0.552,-14.274,93.879,10.736
-0.284,0.612,0.493,-16.653,102.541,13.542
-0.532,0.55,0.548,-16.165,93.025,18.605
-0.658,0.516,0.638,-12.932,76.25,23.363
-0.628,0.545,0.672,-9.76,60.756,24.949
-0.55,0.58,0.682,-7.137,53.619,24.644
-0.496,0.594,0.684,-5.978,50.63,23.79
-0.406,0.609,0.669,-6.161,49.532,22.997
-0.298,0.63,0.628,-8.296,53.131,21.777
-0.236,0.654,0.543,-12.383,60.207,18.544
-0.223,0.671,0.465,-16.836,68.137,13.542
-0.246,0.668,0.455,-21.106,76.494,8.54
-0.324,0.622,0.514,-23.546,88.084,3.965
-0.462,0.586,0.556,-24.644,99.979,1.342
-0.636,0.554,0.617,-23.058,107.421,1.22
-0.796,0.522,0.662,-18.178,106.201,1.891
-0.89,0.504,0.694,-12.505,93.696,4.758
-0.896,0.501,0.706,-7.259,71.004,7.869
-0.838,0.505,0.658,-3.66,40.87,10.126
-0.735,0.527,0.606,-0.915,13.176,11.468
-0.624,0.556,0.546,0.183,-5.795,9.577
-0.59,0.559,0.52,-0.549,-20.679,4.941
-0.595,0.536,0.505,-1.83,-32.391,1.891
-0.609,0.526,0.511,-1.891,-40.382,1.952
-0.64,0.53,0.549,-1.952,-42.761,1.769
-0.69,0.525,0.594,-0.976,-39.04,1.342
-0.703,0.519,0.651,1.769,-30.927,1.22
-0.672,0.504,0.707,3.782,-24.217,0.793
-0.63,0.503,0.727,6.161,-18.361,0.793
-0.619,0.518,0.678,8.174,-14.701,1.586
-0.634,0.552,0.637,10.126,-15.86,0.732
-0.666,0.592,0.642,12.688,-20.618,-2.379
-0.67,0.606,0.676,15.799,-26.291,-3.782
-0.638,0.598,0.753,20.496,-27.389,-2.928
-0.569,0.595,0.798,25.681,-18.056,-1.586
-0.526,0.598,0.776,29.097,-4.209,-1.159
-0.552,0.588,0.722,30.988,10.309,0.61
-0.577,0.597,0.656,32.879,19.459,3.965
-0.542,0.621,0.624,32.757,16.287,4.087
-0.466,0.63,0.606,29.646,9.577,1.586
-0.426,0.634,0.585,25.62,4.392,-2.928
-0.434,0.636,0.574,21.472,-2.623,-9.15
-0.428,0.647,0.575,17.812,-10.187,-13.603
-0.381,0.655,0.565,14.701,-13.603,-16.043
-0.321,0.667,0.525,12.688,-12.932,-16.348
-0.277,0.696,0.479,11.102,-12.81,-15.799
-0.264,0.717,0.466,8.418,-18.117,-15.86
-0.305,0.709,0.477,5.612,-29.28,-16.226
-0.348,0.675,0.521,2.257,-47.519,-16.775
-0.383,0.63,0.556,-2.074,-72.163,-17.751
-0.429,0.61,0.562,-6.039,-104.005,-19.215
-0.462,0.595,0.59,-7.381,-135.298,-21.045
-0.468,0.587,0.615,-7.381,-166.591,-22.204
-0.442,0.573,0.589,-7.625,-198.616,-21.289
-0.372,0.572,0.564,-8.784,-224.297,-19.581
-0.282,0.588,0.538,-11.712,-237.473,-18.422
-0.167,0.615,0.51,-14.762,-233.508,-18.178
-0.035,0.636,0.514,-16.287,-208.925,-19.032
0.045,0.633,0.542,-15.616,-169.031,-21.777
0.065,0.613,0.608,-14.335,-122.0,-22.875
0.021,0.569,0.692,-14.03,-76.677,-20.618
-0.091,0.515,0.745,-12.566,-38.796,-18.239
-0.208,0.499,0.744,-10.004,-11.712,-12.2
-0.302,0.501,0.733,-6.527,4.88,-4.575
-0.34,0.504,0.731,-3.05,16.775,2.928
-0.365,0.515,0.691,-1.159,25.315,7.198
-0.33,0.538,0.632,-1.22,32.269,9.089
-0.235,0.568,0.595,-3.294,38.125,9.699
-0.109,0.581,0.601,-6.283,48.617,9.943
-0.071,0.584,0.594,-10.309,65.148,10.492
-0.108,0.582,0.551,-13.969,86.254,11.773
-0.172,0.584,0.557,-16.836,107.421,12.749
-0.277,0.577,0.595,-18.849,122.061,13.115
-0.376,0.555,0.624,-19.337,125.172,15.921
-0.384,0.552,0.66,-18.666,119.804,19.703
-0.334,0.574,0.669,-18.361,116.998,21.045
-0.303,0.6,0.657,-17.629,117.547,23.302
-0.31,0.612,0.634,-16.897,117.486,25.681
-0.28,0.62,0.593,-16.592,117.059,27.816
-0.243,0.619,0.572,-16.47,118.157,28.304
-0.259,0.6,0.552,-16.714,121.817,26.962
-0.312,0.6,0.491,-17.812,125.416,23.973
-0.392,0.597,0.463,-18.605,127.734,21.655
-0.479,0.566,0.454,-17.629,130.113,21.594
-0.611,0.55,0.454,-16.592,124.928,23.546
-0.758,0.546,0.494,-14.701,111.996,27.084
-0.89,0.553,0.549,-11.224,87.23,32.269
-0.948,0.573,0.587,-8.967,50.752,37.454
-0.888,0.576,0.62,-8.54,12.932,39.223
-0.786,0.556,0.644,-8.906,-18.422,35.99
-0.706,0.529,0.663,-8.967,-36.783,31.11
-0.672,0.5,0.69,-8.235,-45.811,27.694
-0.681,0.479,0.73,-6.893,-51.85,24.4
-0.705,0.471,0.763,-4.026,-57.34,20.679
-0.671,0.469,0.79,0.427,-59.78,17.751
-0.594,0.464,0.797,4.636,-52.582,14.64
-0.56,0.461,0.784,8.662,-36.966,9.455
-0.57,0.482,0.75,12.444,-23.424,2.806
-0.606,0.504,0.711,15.433,-18.605,-3.416
-0.632,0.527,0.703,18.544,-21.35,-7.442
-0.657,0.54,0.717,21.472,-29.89,-10.492
-0.645,0.542,0.779,24.522,-37.942,-11.956
-0.561,0.55,0.845,25.132,-37.759,-10.797
-0.491,0.54,0.895,25.742,-23.912,-9.028
-0.447,0.554,0.877,24.766,2.867,-5.002
-0.421,0.596,0.791,23.851,30.5,-2.989
-0.498,0.603,0.722,26.901,51.423,-2.806
-0.521,0.614,0.622,30.012,62.891,-2.013
-0.512,0.636,0.53,31.842,58.987,-4.026
-0.489,0.652,0.491,31.598,44.835,-6.1
-0.423,0.67,0.481,28.731,25.62,-8.601
-0.321,0.686,0.497,24.095,8.54,-12.505
-0.301,0.69,0.527,19.703,-2.074,-17.324
-0.342,0.668,0.536,16.531,-7.32,-19.764
-0.403,0.656,0.557,14.152,-10.614,-20.801
-0.408,0.659,0.56,11.712,-11.529,-21.228
-0.369,0.674,0.536,9.821,-11.956,-20.435
-0.343,0.695,0.531,8.052,-15.982,-19.581
-0.333,0.711,0.529,5.978,-26.413,-19.154
-0.323,0.697,0.536,2.623,-43.127,-19.215
-0.314,0.667,0.558,-1.586,-64.66,-19.886
-0.305,0.638,0.574,-6.1,-89.609,-20.13
-0.298,0.617,0.577,-9.455,-115.29,-20.618
-0.283,0.603,0.593,-11.102,-136.64,-20.801
-0.278,0.581,0.605,-12.505,-152.317,-20.069
-0.27,0.585,0.585,-14.457,-161.528,-19.032
-0.24,0.606,0.544,-16.958,-161.772,-19.459
-0.18,0.623,0.517,-18.727,-148.718,-18.483
-0.121,0.629,0.522,-19.215,-128.1,-17.873
-0.102,0.626,0.537,-19.825,-105.225,-18.178
-0.12,0.595,0.573,-20.252,-78.385,-16.287
-0.149,0.557,0.634,-19.032,-47.275,-13.115
-0.203,0.529,0.695,-15.921,-17.934,-7.686
-0.282,0.505,0.742,-12.627,3.721,-0.183
-0.345,0.491,0.753,-10.126,18.788,6.527
-0.346,0.523,0.747,-8.235,29.341,11.163
-0.276,0.567,0.689,-8.357,35.441,12.505
-0.177,0.581,0.637,-10.065,40.382,10.37
-0.096,0.592,0.577,-13.176,52.216,8.784
-0.072,0.597,0.533,-17.934,75.274,10.858
-0.182,0.577,0.549,-21.411,101.443,14.701
-0.321,0.555,0.582,-21.716,122.854,18.361
-0.443,0.543,0.579,-21.35,128.649,21.106
-0.51,0.552,0.596,-18.178,120.414,25.254
-0.5,0.559,0.626,-14.335,108.702,26.779
-0.483,0.565,0.637,-11.773,92.781,27.267
-0.439,0.567,0.67,-8.784,74.176,30.073
-0.382,0.557,0.711,-4.636,60.451,33.245
-0.319,0.561,0.691,0.0,54.839,33.855
-0.276,0.58,0.644,2.745,55.998,34.404
-0.274,0.605,0.59,2.684,60.268,35.197
-0.286,0.621,0.559,2.135,65.453,34.099
-0.329,0.614,0.556,1.098,73.2,32.147
-0.415,0.601,0.561,-0.366,84.912,30.927
-0.583,0.578,0.583,-0.854,95.892,31.293
-0.728,0.57,0.593,0.122,98.759,34.465
-0.858,0.569,0.582,1.098,85.217,39.284
-0.888,0.569,0.596,2.501,60.634,43.31
-0.81,0.56,0.616,3.416,33.611,43.371
-0.662,0.552,0.621,3.843,14.152,42.151
-0.561,0.541,0.603,3.111,5.246,38.003
-0.528,0.54,0.596,2.44,4.27,33.489
-0.53,0.556,0.61,2.013,6.771,29.097
-0.559,0.56,0.63,2.013,10.919,24.888
-0.625,0.547,0.652,2.562,13.603,20.435
-0.695,0.526,0.676,4.148,13.603,16.348
-0.7,0.519,0.68,6.588,11.59,13.664
-0.659,0.528,0.674,8.235,8.723,10.736
-0.632,0.53,0.656,8.54,8.052,7.625
-0.639,0.539,0.629,10.004,10.614,4.453
-0.687,0.575,0.625,12.871,10.37,1.342
-0.713,0.592,0.658,16.165,8.113,-2.623
-0.704,0.587,0.689,20.74,6.527,-6.466
-0.653,0.58,0.692,25.62,5.124,-8.418
-0.57,0.585,0.693,30.134,4.27,-10.004
-0.517,0.612,0.653,33.855,4.087,-12.383
-0.485,0.664,0.571,34.221,0.732,-16.47
-0.499,0.695,0.515,31.903,-5.673,-21.228
-0.548,0.695,0.499,28.975,-11.041,-24.217
-0.562,0.703,0.481,25.315,-17.995,-24.339
-0.536,0.71,0.481,21.228,-26.23,-25.864
-0.477,0.714,0.471,17.568,-31.049,-27.023
-0.41,0.705,0.489,15.006,-33.306,-26.718
-0.359,0.693,0.543,13.054,-32.818,-26.291
-0.328,0.687,0.578,11.895,-31.11,-28.304
-0.308,0.695,0.584,10.98,-29.829,-29.646
-0.316,0.692,0.552,7.564,-28.304,-27.511
-0.312,0.71,0.516,6.283,-31.415,-28.67
-0.299,0.701,0.503,4.697,-37.82,-28.182
-0.306,0.685,0.508,2.44,-46.36,-28.304
-0.326,0.67,0.522,-0.183,-55.632,-27.999
-0.351,0.654,0.536,-3.538,-66.978,-26.535
-0.366,0.643,0.541,-6.954,-85.4,-24.278
-0.357,0.628,0.564,-10.004,-108.885,-22.57
-0.311,0.619,0.571,-12.688,-128.527,-20.496
-0.268,0.63,0.565,-12.932,-139.08,-17.507
-0.243,0.624,0.58,-12.2,-140.605,-14.823
-0.238,0.61,0.582,-12.566,-137.372,-13.969
-0.255,0.601,0.548,-13.481,-133.773,-13.908
-0.241,0.603,0.521,-14.64,-128.283,-13.176
-0.21,0.61,0.509,-15.921,-122.122,-12.749
-0.194,0.6,0.517,-17.08,-114.009,-11.834
-0.179,0.589,0.545,-16.958,-100.162,-9.333
-0.157,0.578,0.61,-15.494,-78.446,-5.978
-0.163,0.564,0.689,-13.359,-50.081,-0.732
-0.199,0.539,0.725,-11.102,-21.228,5.795
-0.22,0.525,0.722,-8.357,6.405,11.102
-0.213,0.534,0.723,-6.283,31.964,14.64
-0.184,0.567,0.675,-6.954,52.155,15.433
-0.16,0.591,0.615,-9.638,65.758,12.688
-0.141,0.604,0.568,-14.518,78.019,10.492
-0.168,0.607,0.511,-19.947,90.707,9.882
-0.303,0.583,0.525,-22.875,100.589,12.993
-0.494,0.558,0.598,-21.96,104.31,19.032
-0.607,0.546,0.649,-18.788,101.26,21.96
-0.597,0.553,0.671,-15.128,93.757,23.912
-0.512,0.569,0.679,-11.712,86.498,26.962
-0.422,0.586,0.687,-8.723,81.801,29.158
-0.349,0.589,0.699,-6.283,78.629,29.646
-0.294,0.591,0.696,-5.429,73.566,28.731
-0.223,0.602,0.653,-6.771,70.943,27.145
-0.147,0.627,0.606,-8.845,76.616,24.949
-0.13,0.643,0.573,-11.468,90.89,21.167
-0.288,0.625,0.563,-12.871,107.604,16.775
-0.538,0.596,0.598,-12.627,119.438,14.457
-0.706,0.585,0.642,-10.858,123.83,15.86
-0.788,0.551,0.666,-6.71,123.403,18.605
-0.836,0.542,0.653,-2.684,114.314,21.228
-0.846,0.56,0.626,-0.427,93.879,25.193
-0.744,0.571,0.581,1.037,73.017,27.633
-0.588,0.582,0.544,0.793,61.244,27.206
-0.494,0.593,0.487,-1.037,61.244,24.461
-0.499,0.59,0.438,-2.928,66.063,21.228
-0.577,0.583,0.434,-4.331,67.039,17.446
-0.685,0.564,0.478,-5.307,60.146,12.505
-0.74,0.552,0.531,-5.612,49.837,9.089
-0.767,0.534,0.578,-4.758,40.504,6.71
-0.845,0.502,0.622,-2.44,32.025,3.843
-0.915,0.479,0.648,1.403,22.448,2.501
-0.916,0.471,0.642,7.015,5.917,2.501
-0.849,0.468,0.598,12.81,-15.372,2.623
-0.753,0.491,0.538,16.409,-33.245,1.22
-0.694,0.538,0.499,18.605,-43.493,-1.159
-0.653,0.59,0.511,19.581,-44.408,-2.928
-0.596,0.611,0.572,22.265,-37.881,-5.795
-0.541,0.598,0.636,25.986,-28.67,-9.516
-0.493,0.582,0.677,29.829,-14.701,-12.749
-0.481,0.591,0.66,31.537,0.488,-15.982
-0.48,0.616,0.567,31.232,10.858,-18.727
-0.522,0.637,0.482,29.402,12.81,-20.435
-0.581,0.654,0.429,27.511,5.978,-20.13
-0.59,0.661,0.411,25.193,-8.723,-18.727
-0.556,0.644,0.433,23.058,-23.058,-18.91
-0.537,0.633,0.479,20.801,-31.171,-19.032
-0.529,0.637,0.517,17.751,-36.356,-18.727
-0.474,0.648,0.549,14.762,-41.358,-20.252
-0.367,0.652,0.57,11.956,-43.188,-23.424
-0.323,0.651,0.582,10.065,-40.687,-26.169
-0.332,0.661,0.578,8.784,-39.467,-27.389
-0.33,0.678,0.543,8.052,-40.87,-27.755
-0.354,0.68,0.529,7.198,-43.005,-27.511
-0.387,0.684,0.537,6.466,-45.14,-25.864
-0.402,0.678,0.549,5.002,-46.36,-24.522
-0.428,0.665,0.564,1.891,-50.63,-23.729
-0.446,0.651,0.565,-2.928,-59.597,-22.326
-0.453,0.645,0.551,-7.259,-76.555,-20.923
-0.446,0.636,0.529,-9.76,-102.541,-21.472
-0.427,0.623,0.525,-10.858,-134.383,-22.692
-0.389,0.605,0.53,-11.712,-167.018,-21.777
-0.345,0.594,0.537,-13.359,-193.858,-20.618
-0.289,0.596,0.521,-15.189,-209.169,-21.533
-0.216,0.594,0.53,-16.653,-205.936,-21.289
-0.121,0.582,0.568,-18.239,-179.035,-17.751
-0.029,0.57,0.618,-19.215,-129.32,-13.115
0.017,0.558,0.665,-19.337,-66.063,-9.516
-0.041,0.556,0.672,-18.361,-4.88,-7.076
-0.147,0.551,0.643,-17.019,40.687,-4.514
-0.271,0.531,0.602,-16.348,67.222,-1.464
-0.392,0.534,0.56,-15.982,76.555,2.074
-0.498,0.542,0.549,-15.982,72.041,6.466
-0.534,0.538,0.554,-16.836,58.499,10.797
-0.467,0.542,0.569,-18.361,46.97,12.749
-0.362,0.543,0.597,-20.618,48.129,14.274
-0.349,0.529,0.649,-22.753,59.719,18.178
-0.361,0.527,0.682,-22.814,75.884,21.35
-0.325,0.531,0.695,-22.204,90.463,22.814
-0.285,0.538,0.691,-21.106,103.273,24.461
-0.346,0.547,0.648,-19.154,111.752,25.559
-0.47,0.555,0.59,-15.677,111.203,25.254
-0.542,0.568,0.562,-11.773,101.748,23.79
-0.577,0.584,0.552,-8.784,83.082,21.655
-0.582,0.587,0.58,-6.588,61.671,19.642
-0.514,0.598,0.628,-5.368,47.397,19.154
-0.419,0.602,0.658,-5.978,46.238,20.496
-0.389,0.594,0.652,-6.344,57.157,22.082
-0.405,0.594,0.637,-5.734,69.845,21.838
-0.453,0.593,0.622,-5.185,74.725,20.435
-0.559,0.567,0.604,-3.904,74.359,19.52
-0.684,0.548,0.592,-1.586,69.418,19.703
-0.802,0.54,0.601,0.061,55.876,20.252
-0.832,0.537,0.607,1.342,39.894,21.228
-0.803,0.526,0.609,1.037,24.461,21.106
-0.752,0.513,0.606,0.671,12.261,21.106
-0.7,0.494,0.592,0.61,4.514,19.52
-0.679,0.477,0.571,0.549,-0.549,15.982
-0.674,0.464,0.569,1.403,-3.355,13.115
-0.694,0.458,0.588,3.233,-5.307,10.37
-0.715,0.467,0.602,4.819,-9.089,7.381
-0.708,0.485,0.593,6.344,-14.823,4.758
-0.705,0.496,0.569,8.235,-20.496,2.623
-0.736,0.501,0.539,9.699,-29.402,1.708
-0.749,0.499,0.539,10.98,-42.883,1.525
-0.729,0.504,0.553,12.932,-56.242,0.61
-0.695,0.513,0.575,14.823,-63.745,-1.037
-0.665,0.528,0.61,16.714,-63.562,-2.196
-0.623,0.552,0.647,19.947,-58.743,-3.233
-0.569,0.583,0.659,23.485,-54.046,-5.002
-0.509,0.596,0.664,27.084,-48.19,-6.527
-0.42,0.63,0.668,30.073,-40.016,-8.174
-0.356,0.67,0.652,30.683,-31.659,-11.163
-0.349,0.671,0.63,30.256,-20.191,-11.529
-0.364,0.664,0.594,28.426,-5.795,-11.041
-0.46,0.654,0.539,25.498,2.379,-9.76
-0.534,0.661,0.539,24.461,0.549,-6.161
-0.496,0.688,0.555,23.424,-8.113,-4.758
-0.385,0.692,0.58,21.655,-16.226,-5.734
-0.305,0.674,0.616,18.544,-17.812,-7.625
-0.273,0.66,0.63,15.799,-15.189,-9.394
-0.252,0.657,0.633,12.81,-13.237,-12.078
-0.247,0.653,0.63,10.37,-11.895,-14.701
-0.275,0.637,0.616,8.479,-11.895,-16.287
-0.335,0.63,0.576,6.954,-17.019,-16.775
-0.394,0.627,0.56,5.917,-27.145,-15.25
-0.427,0.631,0.558,4.026,-40.87,-13.542
-0.412,0.641,0.551,1.708,-58.926,-12.078
-0.403,0.638,0.522,-0.061,-84.18,-11.956
-0.409,0.632,0.496,-1.403,-115.595,-12.81
-0.404,0.635,0.481,-3.05,-150.67,-15.921
-0.418,0.634,0.479,-4.941,-189.771,-19.764
-0.436,0.622,0.502,-7.015,-227.469,-20.862
-0.356,0.597,0.567,-9.821,-247.66,-18.544
-0.179,0.583,0.673,-12.261,-237.107,-13.298
-0.051,0.586,0.739,-12.505,-200.507,-11.041
-0.034,0.594,0.728,-10.065,-153.232,-9.821
-0.048,0.607,0.69,-7.564,-110.349,-8.723
-0.051,0.611,0.659,-5.795,-77.836,-9.943
-0.037,0.608,0.646,-5.307,-50.508,-10.919
-0.028,0.593,0.654,-5.429,-22.753,-8.601
-0.061,0.569,0.677,-5.185,5.795,-3.477
-0.173,0.546,0.679,-4.392,29.646,1.83
-0.325,0.537,0.675,-2.928,44.835,7.747
-0.417,0.534,0.66,-2.745,51.057,11.59
-0.397,0.544,0.622,-4.575,53.009,13.298
-0.337,0.555,0.627,-5.917,57.889,16.226
-0.319,0.563,0.651,-6.283,63.928,18.422
-0.309,0.572,0.658,-6.832,68.442,19.52
-0.248,0.57,0.665,-6.954,75.03,19.703
-0.162,0.577,0.656,-6.954,87.474,20.069
-0.141,0.595,0.629,-7.686,101.87,20.313
-0.213,0.61,0.601,-8.906,111.142,20.252
-0.341,0.605,0.597,-10.248,110.288,18.971
-0.422,0.613,0.606,-10.675,102.175,16.531
-0.431,0.633,0.627,-11.529,92.842,14.396
-0.409,0.637,0.654,-12.322,87.901,14.518
-0.377,0.632,0.672,-12.383,89.731,16.714
-0.359,0.631,0.687,-12.139,96.99,17.812
-0.364,0.626,0.678,-13.054,104.859,17.141
-0.375,0.624,0.652,-13.664,109.312,15.616
-0.434,0.615,0.636,-13.542,108.092,13.298
-0.512,0.596,0.622,-13.176,103.456,10.98
-0.59,0.579,0.615,-13.298,92.781,10.553
-0.677,0.564,0.632,-11.468,76.799,11.773
-0.733,0.535,0.665,-8.479,56.181,12.139
-0.749,0.513,0.691,-5.978,31.232,11.834
-0.711,0.506,0.702,-4.026,8.296,11.529
-0.654,0.491,0.702,-2.318,-5.124,10.736
-0.645,0.478,0.686,-0.793,-10.919,9.272
-0.633,0.485,0.65,0.671,-13.359,7.869
-0.573,0.511,0.617,1.159,-13.847,6.588
-0.508,0.529,0.592,0.915,-10.126,5.185
-0.482,0.532,0.568,1.464,-4.026,6.344
-0.489,0.543,0.542,3.294,-0.732,8.601
-0.539,0.543,0.559,5.368,-1.342,8.906
-0.587,0.556,0.604,8.174,-3.233,8.235
-0.623,0.555,0.63,10.98,-9.516,6.771
-0.623,0.529,0.654,14.945,-17.629,6.161
-0.579,0.53,0.673,19.093,-22.631,5.368
-0.532,0.559,0.667,22.57,-23.424,3.599
-0.468,0.6,0.648,25.193,-22.57,1.891
-0.401,0.63,0.64,26.474,-21.96,-0.915
-0.33,0.648,0.613,26.108,-20.801,-4.026
-0.346,0.646,0.587,22.936,-18.727,-6.405
-0.157,0.626,0.611,-22.265,-65.697,-14.152
-0.128,0.628,0.631,-22.631,-36.966,-15.677
-0.14,0.609,0.661,-21.411,-7.442,-17.202
-0.2,0.586,0.678,-19.459,17.69,-17.324
-0.281,0.563,0.663,-18.178,37.576,-15.433
-0.408,0.554,0.634,-16.897,47.763,-9.638
-0.522,0.548,0.63,-14.518,48.19,-1.281
-0.566,0.549,0.621,-12.078,40.992,6.527
-0.539,0.548,0.618,-10.553,29.402,10.614
-0.427,0.558,0.65,-9.211,19.337,11.041
-0.256,0.584,0.666,-9.821,17.324,7.442
-0.072,0.605,0.639,-13.725,28.121,4.88
-0.035,0.59,0.619,-18.422,49.349,5.612
-0.129,0.562,0.64,-20.862,73.017,8.052
-0.243,0.558,0.688,-21.35,95.16,10.919
-0.344,0.564,0.718,-21.167,113.155,11.285
-0.484,0.55,0.711,-20.496,124.013,10.614
-0.602,0.555,0.666,-18.666,127.124,12.81
-0.645,0.565,0.645,-15.555,120.658,14.64
-0.606,0.56,0.651,-13.237,107.787,14.579
-0.549,0.545,0.663,-11.956,93.391,15.006
-0.523,0.553,0.643,-10.736,80.52,14.884
-0.51,0.563,0.629,-9.15,68.808,13.176
-0.491,0.557,0.637,-7.869,58.438,11.102
-0.478,0.548,0.63,-6.588,50.996,8.967
-0.479,0.545,0.609,-3.965,48.251,6.771
-0.561,0.537,0.569,-2.196,47.275,4.209
-0.636,0.53,0.549,0.305,49.593,2.501
-0.697,0.536,0.535,2.257,47.397,1.525
-0.742,0.533,0.532,3.111,40.565,2.318
-0.768,0.517,0.536,3.233,35.197,3.233
-0.774,0.507,0.533,3.416,30.439,4.331
-0.766,0.488,0.549,4.392,22.326,5.551
-0.723,0.48,0.57,6.1,12.566,6.222
-0.649,0.493,0.569,8.113,1.342,6.161
-0.594,0.503,0.545,10.431,-12.444,3.965
-0.587,0.514,0.542,13.42,-26.596,1.647
-0.593,0.516,0.529,16.104,-36.722,0.793
-0.614,0.521,0.496,17.507,-44.591,1.403
-0.635,0.54,0.488,18.178,-49.776,2.196
-0.63,0.561,0.506,18.117,-53.009,2.989
-0.603,0.574,0.538,17.568,-55.815,2.379
-0.572,0.588,0.561,16.531,-58.255,2.623
-0.529,0.601,0.562,16.043,-60.512,1.525
-0.479,0.608,0.595,15.921,-58.804,-0.61
-0.437,0.609,0.65,16.836,-49.471,-2.318
-0.454,0.604,0.673,18.056,-38.186,-4.514
-0.471,0.595,0.655,19.337,-27.023,-4.331
-0.499,0.575,0.662,19.703,-16.836,0.244
-0.513,0.577,0.619,20.191,-3.477,7.198
-0.502,0.613,0.571,20.862,4.392,11.407
-0.484,0.637,0.572,22.021,2.257,10.431
-0.437,0.635,0.586,22.082,-5.49,5.246
-0.373,0.627,0.595,19.764,-14.091,-0.671
-0.301,0.626,0.595,16.592,-18.544,-5.307
-0.305,0.619,0.61,14.213,-17.69,-9.638
-0.38,0.622,0.633,13.298,-12.993,-11.224
-0.426,0.644,0.652,12.627,-9.272,-11.651
-0.424,0.653,0.659,12.444,-3.599,-11.712
-0.474,0.66,0.645,13.054,0.854,-10.004
-0.518,0.665,0.627,14.518,-1.769,-7.442
-0.519,0.651,0.596,15.799,-11.285,-6.222
-0.498,0.64,0.57,15.982,-23.485,-5.734
-0.447,0.654,0.551,14.64,-35.441,-6.039
-0.386,0.669,0.527,11.407,-45.506,-7.259
-0.338,0.671,0.549,6.954,-52.277,-9.15
-0.305,0.671,0.57,2.379,-55.51,-11.895
-0.252,0.679,0.551,-0.976,-54.839,-13.298
-0.223,0.676,0.562,-3.904,-51.728,-14.396
-0.2,0.664,0.584,-6.344,-47.946,-15.433
-0.194,0.636,0.599,-8.845,-46.909,-16.531
-0.221,0.621,0.592,-10.431,-51.667,-17.812
-0.269,0.612,0.592,-10.736,-62.708,-19.703
-0.335,0.582,0.612,-11.102,-75.518,-22.57
-0.416,0.565,0.619,-12.078,-91.012,-24.522
-0.472,0.572,0.61,-12.566,-109.678,-25.01
-0.456,0.584,0.588,-12.322,-127.795,-25.559
-0.365,0.598,0.587,-12.688,-135.237,-24.644
-0.234,0.61,0.604,-12.749,-125.843,-22.021
-0.136,0.615,0.628,-12.383,-101.504,-18.971
-0.081,0.602,0.66,-11.529,-64.843,-14.091
-0.086,0.588,0.68,-10.553,-24.522,-8.174
-0.134,0.572,0.687,-9.821,10.431,-3.721
-0.203,0.567,0.674,-9.455,32.086,-1.891
-0.284,0.573,0.635,-10.797,38.003,-1.952
-0.351,0.565,0.597,-13.176,35.624,-0.732
-0.406,0.552,0.581,-14.03,34.465,2.196
-0.411,0.56,0.597,-12.871,38.125,8.479
-0.403,0.551,0.632,-11.651,41.907,13.725
-0.374,0.54,0.657,-10.736,47.458,16.958
-0.326,0.552,0.672,-9.699,52.826,20.496
-0.263,0.569,0.669,-9.272,59.597,23.79
-0.211,0.587,0.657,-9.211,70.272,25.498
-0.219,0.595,0.634,-10.126,80.764,24.583
-0.3,0.601,0.588,-11.59,86.376,22.875
-0.369,0.603,0.565,-13.237,86.437,20.862
-0.43,0.595,0.578,-14.64,85.095,19.215
-0.475,0.589,0.603,-16.165,86.803,18.3
-0.485,0.597,0.618,-17.69,90.158,18.666
-0.485,0.605,0.633,-18.361,92.781,20.13
-0.469,0.606,0.639,-18.056,96.075,22.875
-0.442,0.598,0.637,-17.446,99.125,25.071
-0.445,0.576,0.628,-16.043,100.467,25.803
-0.443,0.581,0.607,-13.176,98.454,24.949
-0.429,0.602,0.566,-11.468,91.988,21.533
-0.41,0.598,0.566,-9.211,88.328,17.019
-0.421,0.59,0.56,-8.906,86.925,12.871
-0.554,0.564,0.55,-9.882,86.193,10.126
-0.776,0.538,0.568,-9.943,83.692,9.516
-0.946,0.536,0.596,-8.662,74.115,12.993
-0.975,0.535,0.6,-7.076,60.024,17.873
-0.951,0.51,0.589,-5.307,46.238,19.825
-0.875,0.492,0.581,-3.477,34.892,21.35
-0.77,0.485,0.577,-2.379,22.021,21.777
-0.683,0.485,0.558,-1.098,9.455,18.91
-0.631,0.5,0.513,0.427,-3.477,14.518
-0.601,0.52,0.475,2.013,-18.727,10.553
-0.612,0.523,0.455,3.416,-34.648,8.052
-0.663,0.527,0.468,4.392,-50.935,7.625
-0.707,0.529,0.533,4.758,-62.098,6.161
-0.706,0.524,0.603,5.734,-63.257,5.063
-0.696,0.505,0.66,8.113,-59.78,4.758
-0.668,0.494,0.674,11.895,-54.9,5.49
-0.614,0.502,0.661,15.433,-50.081,5.795
-0.546,0.528,0.627,18.3,-46.543,5.49
-0.533,0.562,0.586,20.679,-50.02,2.318
-0.483,0.609,0.555,22.326,-55.144,-0.488
-0.432,0.626,0.561,22.814,-58.499,-3.416
-0.459,0.616,0.615,24.095,-58.377,-4.758
-0.435,0.64,0.651,25.925,-53.741,-3.05
-0.308,0.672,0.685,25.925,-43.31,-2.989
-0.219,0.684,0.701,24.034,-25.803,-4.636
-0.18,0.702,0.664,21.533,-4.392,-6.527
-0.187,0.718,0.613,17.69,13.054,-10.004
-0.271,0.71,0.604,14.884,23.058,-12.932
-0.385,0.679,0.621,13.542,23.607,-14.335
-0.441,0.648,0.622,11.834,18.849,-14.396
-0.512,0.644,0.618,10.797,9.211,-13.115
-0.546,0.65,0.616,10.675,-5.063,-10.553
-0.491,0.651,0.598,10.797,-23.302,-7.991
-0.418,0.644,0.591,9.943,-42.09,-6.588
-0.349,0.635,0.593,9.211,-56.486,-5.551
-0.31,0.63,0.593,7.686,-69.235,-5.49
-0.29,0.624,0.582,5.002,-81.679,-7.381
-0.256,0.623,0.568,1.403,-93.757,-8.906
-0.243,0.624,0.535,-3.05,-109.068,-11.895
-0.261,0.633,0.518,-5.917,-124.928,-14.518
-0.304,0.627,0.529,-7.198,-138.897,-16.714
-0.339,0.612,0.53,-7.93,-155.184,-15.921
-0.353,0.598,0.516,-8.967,-177.327,-15.494
-0.324,0.613,0.51,-11.163,-199.531,-14.762
-0.247,0.634,0.537,-13.847,-216.184,-14.823
-0.117,0.637,0.597,-14.884,-217.099,-15.372
0.016,0.638,0.665,-14.823,-197.945,-17.568
0.116,0.628,0.731,-12.627,-160.064,-19.642
0.115,0.6,0.779,-8.967,-113.704,-19.52
0.017,0.58,0.794,-6.283,-67.832,-17.141
-0.083,0.573,0.8,-4.331,-28.487,-14.152
-0.157,0.573,0.782,-2.196,2.562,-11.285
-0.183,0.58,0.744,-1.281,26.108,-6.039
-0.208,0.588,0.69,-1.464,42.883,-0.305
-0.246,0.596,0.637,-0.793,53.07,5.734
-0.268,0.584,0.624,0.427,56.852,11.407
-0.273,0.564,0.622,0.976,55.998,14.152
-0.25,0.564,0.612,-0.305,53.863,13.847
-0.2,0.573,0.607,-2.989,57.218,13.786
-0.184,0.583,0.63,-5.917,68.381,14.335
-0.241,0.576,0.662,-8.296,83.204,14.823
-0.294,0.58,0.671,-10.309,97.966,15.616
-0.271,0.596,0.668,-12.749,110.593,16.958
-0.222,0.605,0.695,-13.298,125.111,21.228
-0.227,0.622,0.672,-13.786,141.703,24.4
-0.286,0.63,0.613,-14.396,152.988,25.376
-0.346,0.619,0.579,-13.725,153.232,24.461
-0.356,0.624,0.555,-13.481,147.193,22.692
-0.36,0.63,0.547,-14.884,140.788,20.862
-0.379,0.621,0.552,-16.47,138.226,18.666
-0.441,0.612,0.576,-17.263,136.945,18.727
-0.545,0.596,0.607,-17.629,133.468,19.703
-0.637,0.569,0.651,-17.629,128.161,19.154
-0.655,0.556,0.671,-16.592,123.098,19.825
-0.646,0.541,0.684,-13.603,118.218,22.204
-0.689,0.541,0.662,-11.59,108.885,22.936
-0.705,0.539,0.636,-8.967,99.674,22.57
-0.674,0.537,0.585,-6.832,91.744,20.679
-0.699,0.535,0.542,-5.856,82.045,17.507
-0.714,0.536,0.522,-5.246,73.749,15.128
-0.698,0.547,0.508,-4.636,64.538,13.42
-0.699,0.539,0.52,-4.026,53.741,11.529
-0.698,0.526,0.523,-3.233,42.883,10.919
-0.654,0.54,0.499,-2.013,33.611,12.261
-0.634,0.565,0.48,-1.586,22.143,12.871
-0.653,0.585,0.463,-2.074,7.198,12.078
-0.665,0.584,0.483,-2.135,-9.455,10.858
-0.655,0.563,0.552,-1.037,-26.413,8.54
-0.616,0.539,0.63,1.159,-39.467,5.734
-0.538,0.519,0.671,4.209,-44.103,3.477
-0.499,0.506,0.681,7.198,-42.029,0.732
-0.504,0.508,0.662,10.126,-35.807,-1.281
-0.518,0.548,0.609,12.139,-29.829,-2.318
-0.535,0.597,0.549,12.993,-27.816,-3.111
-0.546,0.63,0.498,13.603,-30.622,-2.989
-0.556,0.641,0.483,15.067,-38.308,-2.745
-0.585,0.625,0.529,17.202,-49.654,-2.379
-0.526,0.616,0.582,19.215,-59.719,-2.684
-0.413,0.602,0.626,19.703,-66.124,-6.71
-0.341,0.59,0.659,17.751,-65.88,-10.614
-0.319,0.598,0.684,14.884,-60.329,-13.603
-0.29,0.616,0.685,11.407,-52.277,-17.141
-0.287,0.634,0.68,8.54,-43.005,-20.496
-0.321,0.655,0.677,7.259,-34.892,-22.204
-0.352,0.654,0.655,6.466,-28.06,-21.716
-0.42,0.64,0.635,6.954,-24.949,-19.825
-0.49,0.637,0.64,9.211,-28.182,-17.629
-0.489,0.624,0.651,10.736,-38.125,-16.592
-0.436,0.608,0.64,11.224,-49.654,-16.897
-0.424,0.609,0.611,11.346,-63.745,-17.385
-0.436,0.616,0.583,11.895,-85.766,-18.422
-0.397,0.619,0.57,11.224,-110.41,-20.13
-0.326,0.623,0.564,9.577,-130.967,-22.204
-0.256,0.64,0.559,8.479,-144.753,-23.119
-0.2,0.648,0.551,6.588,-152.622,-23.119
-0.185,0.636,0.557,4.148,-157.38,-22.936
-0.19,0.627,0.557,2.379,-158.356,-22.814
-0.171,0.622,0.559,0.305,-156.221,-21.777
-0.16,0.623,0.553,-1.952,-155.794,-21.716
-0.157,0.625,0.561,-3.599,-158.844,-21.655
-0.158,0.633,0.564,-5.734,-168.116,-21.472
-0.162,0.634,0.569,-7.259,-180.316,-20.679
-0.149,0.618,0.612,-7.381,-186.965,-20.13
-0.11,0.606,0.69,-6.527,-182.268,-19.764
-0.074,0.592,0.786,-4.453,-165.737,-18.544
-0.036,0.561,0.85,-1.464,-137.433,-15.25
-0.001,0.541,0.906,2.257,-98.698,-9.821
0.019,0.548,0.921,4.087,-54.595,-3.172
