0.011,1.5573,0.024575,0.60123,0.015,-0.039682,-2.6146,0.0045509
0.021,1.9722,0.097782,0.47177,0.025,-0.081832,-2.7465,-0.032101
0.031,2.2568,0.086007,0.34237,0.035,-0.089162,-2.8174,-0.060812
0.041,2.3156,-0.09879,0.062221,0.045,-0.098936,-2.8369,-0.07364
0.051,2.9507,-0.15964,-0.12373,0.055,-0.088551,-2.7508,-0.087079
0.061,3.5281,-0.17967,0.61628,0.065,-0.037849,-2.4955,-0.062644
0.071,3.4393,-0.32551,0.23837,0.075,0.001857,-2.2138,0.0033292
0.081,3.4369,-0.020652,-0.57277,0.085,0.013463,-1.9616,0.051588
0.091,3.0583,0.39197,-1.0974,0.095,0.0024679,-1.7508,0.070524
0.101,2.9185,0.5776,-1.3982,0.105,-0.021967,-1.5956,0.071135
0.111,2.8042,0.36811,-1.7029,0.115,-0.056175,-1.4741,0.071135
0.121,2.5975,0.032442,-1.7748,0.125,-0.072602,-1.3618,0.062313
0.131,2.5637,-0.31899,-1.7737,0.135,-0.054953,-1.2792,0.036927
0.141,2.4552,-0.3663,-1.2279,0.145,-0.025187,-1.1465,-0.0048477
0.151,2.262,-0.45304,-0.85661,0.155,0.021027,-0.98174,-0.027892
0.161,1.973,-0.57574,-0.57823,0.165,0.077604,-0.73738,-0.020495
0.171,1.6675,-0.61372,-0.59725,0.175,0.10082,-0.58894,-0.0070555
0.181,1.4357,-0.49902,-0.75725,0.185,0.10876,-0.44417,0.013714
0.191,1.146,-0.4164,-0.92336,0.195,0.10876,-0.31039,0.040592
0.201,0.96086,-0.37706,-0.99186,0.205,0.10876,-0.19432,0.068081
0.211,0.8996,-0.31997,-0.96472,0.215,0.10509,-0.07948,0.093737
0.221,0.78864,-0.25713,-1.0029,0.225,0.09593,0.028033,0.11328
0.231,0.73477,-0.23034,-1.0708,0.235,0.07794,0.13486,0.12708
0.241,0.60804,-0.26464,-1.0385,0.245,0.057523,0.23076,0.1342
0.251,0.45039,-0.33182,-1.0002,0.255,0.042174,0.31453,0.14138
0.261,0.23234,-0.38406,-0.94999,0.265,0.026292,0.39394,0.14322
0.271,-0.11721,-0.43643,-0.78825,0.275,0.018795,0.49179,0.15043
0.281,-0.26499,-0.42664,-0.68096,0.285,0.0043005,0.53749,0.15666
0.291,-0.37493,-0.40462,-0.51009,0.295,-0.0066951,0.62729,0.16521
0.301,-0.41549,-0.32384,-0.38598,0.305,-0.020841,0.80011,0.17683
0.311,-0.50847,-0.46324,-0.36242,0.315,-0.019983,0.81045,0.21197
0.321,-0.40007,-0.3803,-0.336,0.325,-0.022578,0.80933,0.23729
0.331,-0.35452,-0.29997,-0.29574,0.335,-0.029294,0.80801,0.25014
0.341,-0.25277,-0.15317,-0.16009,0.345,-0.035406,0.82521,0.23546
0.351,-0.14129,-0.018923,-0.071205,0.355,-0.051288,0.85514,0.2208
0.361,0.014047,0.15717,-0.014444,0.365,-0.065949,0.89668,0.19514
0.371,0.24519,0.29996,0.0003314,0.375,-0.073279,0.92967,0.17376
0.381,0.2234,0.3395,0.04139,0.385,-0.082442,0.96999,0.16093
0.391,0.34492,0.41905,0.056672,0.395,-0.092216,1.006,0.13161
0.401,0.26756,0.40907,-0.057198,0.405,-0.11299,1.0201,0.10779
0.411,0.3043,0.30051,-0.010938,0.415,-0.12826,1.0445,0.090683
0.421,0.10075,0.11722,0.10239,0.425,-0.15758,1.1025,0.078466
0.431,0.12438,0.12516,0.044599,0.435,-0.19667,1.1453,0.050977
0.441,0.012805,0.0068781,0.037401,0.445,-0.21133,1.1606,0.026542
0.451,-0.21269,-0.18044,-0.19858,0.455,-0.20095,1.1154,0.01799
0.461,-0.39802,-0.31498,-0.38253,0.465,-0.1759,1.0408,0.016157
0.471,-0.70543,-0.39218,-0.43698,0.475,-0.14536,0.94616,0.008827
0.481,-0.81792,-0.21533,-0.2273,0.485,-0.095271,0.90646,0.0039401
0.491,-1.0309,-0.075151,-0.19589,0.495,-0.041514,0.89852,0.0033292
0.501,-1.1796,0.050092,-0.35494,0.505,-0.0060842,0.89119,0.013103
0.511,-1.2232,0.15256,-0.48623,0.515,0.034233,0.88935,0.018601
0.521,-1.2935,0.12777,-0.82028,0.525,0.048283,0.86125,0.020433
0.531,-1.4321,0.050642,-0.91205,0.535,0.042174,0.84537,0.027153
0.541,-1.3867,0.044781,-0.90747,0.545,0.037287,0.83315,0.025931
0.551,-1.2426,0.24146,-0.76433,0.555,0.036065,0.81544,0.01127
0.561,-1.0405,0.34398,-0.59668,0.565,0.039731,0.81361,-0.019884
0.571,-0.97495,0.37823,-0.47933,0.575,0.042785,0.83254,-0.067531
0.581,-0.92147,0.37035,-0.31676,0.585,0.05317,0.90585,-0.082192
0.591,-1.001,0.26645,-0.33711,0.595,0.068104,0.9513,-0.079902
0.601,-0.95456,0.23921,-0.56989,0.605,0.083713,0.98526,-0.068142
0.611,-1.0244,0.2481,-0.8183,0.615,0.097152,1.0079,-0.048594
0.621,-1.0841,0.19519,-0.98415,0.625,0.10082,1.0182,-0.021716
0.631,-1.1473,0.16874,-1.0398,0.635,0.1057,1.0286,0.0027183
0.641,-1.1234,0.16295,-0.99408,0.645,0.10905,1.0273,0.014515
0.651,-1.3022,0.21179,-1.0148,0.655,0.10448,1.0274,0.029596
0.661,-1.3754,0.29148,-1.0918,0.665,0.092876,1.0176,0.024709
0.671,-1.2661,0.43569,-1.1343,0.675,0.087378,1.0024,0.013714
0.681,-1.3062,0.56451,-1.1757,0.685,0.075772,1.0005,-0.009499
0.691,-1.2383,0.6741,-1.3058,0.695,0.069052,0.98709,-0.030268
0.701,-1.4169,0.75968,-1.4935,0.705,0.062118,0.97393,-0.046324
0.711,-1.5325,0.75235,-1.6216,0.715,0.054391,0.95105,-0.05959
0.721,-1.6098,0.70929,-1.7812,0.725,0.045155,0.90123,-0.073496
0.731,-1.6183,0.61278,-1.8531,0.735,0.01835,0.80689,-0.080359
0.741,-1.5549,0.43632,-1.7652,0.745,-0.00044493,0.72717,-0.086038
0.751,-1.4109,0.24117,-1.5669,0.755,-0.021107,0.63581,-0.089236
0.761,-1.2652,0.097471,-1.2932,0.765,-0.029908,0.59247,-0.091355
0.771,-1.0795,0.068157,-1.0047,0.775,-0.037849,0.57048,-0.085857
0.781,-0.91096,0.1608,-0.85724,0.785,-0.040904,0.58392,-0.074862
0.791,-0.80529,0.19819,-0.80777,0.795,-0.046401,0.59736,-0.060201
0.801,-0.6708,0.193,-0.77685,0.805,-0.034184,0.59308,-0.040042
0.811,-0.61969,0.14347,-0.74719,0.815,-0.0066951,0.58087,-0.015608
0.821,-0.53588,0.019007,-0.75326,0.825,0.0091874,0.56682,0.0039401
0.831,-0.46614,-0.046771,-0.79553,0.835,0.0079657,0.56682,0.018601
0.841,-0.29073,0.01726,-0.82696,0.845,-0.010971,0.5772,0.010049
0.851,-0.20128,0.16305,-0.87539,0.855,-0.020745,0.5827,-0.013775
0.861,-0.21829,0.25002,-0.90803,0.865,-0.033573,0.56926,-0.036377
0.871,-0.22938,0.28434,-0.83186,0.875,-0.026243,0.53077,-0.060201
0.881,-0.28146,0.23718,-0.82924,0.885,-0.027465,0.49718,-0.069975
0.891,-0.31574,0.10318,-0.79285,0.895,-0.03113,0.48129,-0.069364
0.901,-0.38707,-0.045703,-0.7652,0.905,-0.036017,0.46969,-0.057757
0.911,-0.4223,-0.17949,-0.71686,0.915,-0.040293,0.46053,-0.043097
0.921,-0.44653,-0.22613,-0.63148,0.925,-0.050067,0.4422,-0.040653
0.931,-0.41082,-0.2085,-0.51794,0.935,-0.050067,0.42632,-0.04554
0.941,-0.36668,-0.18385,-0.46388,0.945,-0.060451,0.40066,-0.055314
0.951,-0.29574,-0.11296,-0.59398,0.955,-0.071447,0.35973,-0.065699
0.961,-0.20137,-0.0065063,-0.55635,0.965,-0.071447,0.32064,-0.075472
0.971,-0.071949,0.066697,-0.41392,0.975,-0.06656,0.30903,-0.094409
0.981,0.058575,0.070817,-0.38244,0.985,-0.063506,0.30842,-0.10235
0.991,-0.0071812,-0.013241,-0.55466,0.995,-0.056786,0.3072,-0.10052
1.001,-0.023799,-0.085076,-0.60585,1.005,-0.051899,0.29681,-0.071807
1.011,-0.089373,-0.17909,-0.46372,1.015,-0.007306,0.28887,-0.044929
1.021,-0.15717,-0.20744,-0.35159,1.025,0.014685,0.2791,-0.021716
1.031,-0.17333,-0.19786,-0.19165,1.035,0.020794,0.27727,-0.009499
1.041,-0.17838,-0.17884,-0.086029,1.045,0.015907,0.28399,-0.0064446
1.051,-0.15039,-0.12934,-0.074401,1.055,0.00047412,0.28521,-0.012127
1.061,0.035589,0.14606,-0.12897,1.065,-0.00058643,0.27482,-0.035155
1.071,0.038957,0.22789,-0.20894,1.075,0.011631,0.26505,-0.049205
1.081,-0.043992,0.20614,-0.35651,1.085,0.023848,0.24794,-0.049205
1.091,-0.067409,0.14943,-0.59267,1.095,0.035455,0.21984,-0.047983
1.101,-0.030242,-0.0090382,-0.7106,1.105,0.048283,0.20274,-0.046151
1.111,0.05801,-0.1517,-0.9407,1.115,0.040952,0.17892,-0.042486
1.121,-0.027763,-0.30901,-0.96645,1.125,0.023237,0.16548,-0.02416
1.131,-0.081429,-0.30462,-0.86796,1.135,0.015296,0.14288,0.00088575
1.141,-0.11648,-0.18419,-0.66353,1.145,0.010409,0.11539,0.023488
1.151,-0.099253,0.003152,-0.35155,1.155,0.033011,0.089119,0.038149
1.161,-0.067683,0.14859,-0.1324,1.165,0.045839,0.10439,0.030818
1.171,0.10161,0.39591,-0.20711,1.175,0.042785,0.12821,0.020433
1.181,0.16957,0.4818,-0.63924,1.185,0.01774,0.11111,0.01127
1.191,0.21699,0.43267,-1.0479,1.195,-0.015858,0.067739,0.0076053
1.201,0.24088,0.32149,-1.0608,1.205,-0.037238,0.0262,0.0069944
1.211,0.2735,0.21807,-0.79683,1.215,-0.042125,0.0078741,0.015547
1.221,0.30667,0.096442,-0.56371,1.225,-0.053121,0.0029871,0.021044
1.231,0.31795,0.071333,-0.40318,1.235,-0.065949,0.003598,0.019212
1.241,0.35889,0.046263,-0.24666,1.245,-0.072058,-0.00067806,0.0051618
1.251,0.36475,0.0080506,-0.040291,1.255,-0.071336,-0.0021124,-0.0048215
1.261,0.28994,-0.1053,0.054817,1.265,-0.060451,0.00054367,-0.011332
1.271,0.036226,-0.34636,0.090995,1.275,-0.042125,-0.00067806,-0.011332
1.281,-0.09151,-0.397,-0.063457,1.285,-0.021967,-0.015339,-0.0033903
1.291,-0.14149,-0.41709,-0.18345,1.295,0.016518,-0.061154,0.017379
1.301,-0.18237,-0.43322,-0.23221,1.305,0.04645,-0.081312,0.028375
1.311,-0.24016,-0.44389,-0.22783,1.315,0.072717,-0.099027,0.03937
1.321,-0.19627,-0.41229,-0.16597,1.325,0.097152,-0.10575,0.050366
1.331,-0.12359,-0.39013,-0.19363,1.335,0.11365,-0.11919,0.057696
1.341,-0.041394,-0.33146,-0.17014,1.345,0.12708,-0.13262,0.065027
1.351,0.024029,-0.28219,-0.067246,1.355,0.13808,-0.13507,0.077244
1.361,0.12017,-0.24027,-0.015108,1.365,0.14846,-0.12407,0.082742
1.371,0.26555,-0.16073,-0.014163,1.375,0.15641,-0.11124,0.079687
1.381,0.3471,-0.14031,-0.063656,1.385,0.16496,-0.10147,0.078466
1.391,0.35692,-0.14573,-0.15945,1.395,0.16862,-0.088032,0.068081
1.401,0.26386,-0.1989,-0.2501,1.405,0.17351,-0.077647,0.071746
1.411,0.12296,-0.25849,-0.428,1.415,0.18328,-0.078258,0.077855
1.421,-0.04564,-0.33572,-0.61462,1.425,0.19611,-0.10025,0.091294
1.431,-0.1428,-0.34251,-0.65338,1.435,0.20466,-0.14545,0.10412
1.441,-0.19985,-0.29609,-0.62879,1.445,0.22177,-0.17661,0.11145
1.451,-0.21064,-0.25364,-0.67634,1.455,0.23399,-0.20471,0.11512
1.461,-0.199,-0.21574,-0.75142,1.465,0.23006,-0.2216,0.10949
1.471,-0.092448,-0.026717,-0.88042,1.475,0.2291,-0.25724,0.091905
1.481,-0.13937,-0.006264,-0.95753,1.485,0.22971,-0.29512,0.082742
1.491,-0.24181,-0.0094476,-0.94885,1.495,0.22238,-0.33849,0.071746
1.501,-0.32673,-0.048316,-0.8519,1.505,0.21138,-0.37758,0.065637
1.511,-0.38562,0.066646,-0.80966,1.515,0.20161,-0.41179,0.065027
1.521,-0.3992,0.22324,-0.89091,1.525,0.19,-0.45699,0.061361
1.531,-0.44543,0.28237,-0.98485,1.535,0.1784,-0.49731,0.057696
1.541,-0.58399,0.2572,-1.0734,1.545,0.16251,-0.54007,0.05342
1.551,-1.0819,0.2591,-1.385,1.555,0.14113,-0.58528,0.050366
1.561,-1.4039,0.32523,-1.5658,1.565,0.12657,-0.60983,0.048953
1.571,-1.6758,0.38518,-1.6924,1.575,0.094709,-0.75754,0.059529
1.581,-1.8138,0.40133,-1.8128,1.585,0.055002,-0.85467,0.06014
1.591,-1.9051,0.37456,-1.8015,1.595,0.023237,-0.96707,0.057696
1.601,-1.9897,0.35781,-1.717,1.605,-0.0091385,-1.0795,0.051588
1.611,-2.0866,0.3788,-1.6187,1.615,-0.029297,-1.1913,0.049755
1.621,-2.1439,0.40297,-1.551,1.625,-0.04579,-1.2951,0.056474
1.631,-2.1383,0.44182,-1.4227,1.635,-0.054343,-1.3715,0.064416
1.641,-2.1244,0.50263,-1.2503,1.645,-0.056786,-1.4277,0.069914
1.651,-2.0482,0.54444,-1.145,1.655,-0.059229,-1.4845,0.065637
1.661,-1.9371,0.51623,-0.94583,1.665,-0.063506,-1.5162,0.046701
1.671,-1.8307,0.47489,-0.80289,1.675,-0.07389,-1.5388,0.016157
1.681,-1.6059,0.45232,-0.66669,1.685,-0.093438,-1.57,-0.021716
1.691,-1.4781,0.39457,-0.48394,1.695,-0.12459,-1.5871,-0.053481
1.701,-1.3681,0.3745,-0.29582,1.705,-0.16308,-1.5895,-0.06692
1.711,-1.2235,0.38409,-0.14683,1.715,-0.20523,-1.5767,-0.060201
1.721,-1.0204,0.37715,0.1646,1.725,-0.24677,-1.526,-0.065699
1.731,-0.66392,0.48835,0.59849,1.735,-0.26448,-1.4643,-0.095631
1.741,-0.29245,0.68002,0.82481,1.745,-0.28281,-1.4228,-0.1335
1.751,-0.079819,0.78576,1.0727,1.755,-0.30663,-1.3684,-0.1671
1.761,-0.034019,0.74723,1.3897,1.765,-0.33839,-1.2975,-0.18482
1.771,0.0058752,0.71378,1.5514,1.775,-0.36894,-1.1961,-0.20131
1.781,0.011001,0.32607,1.9094,1.785,-0.38054,-1.0862,-0.2117
1.791,-0.12445,-0.033959,2.1049,1.795,-0.35611,-1.0019,-0.22758
1.801,-0.25773,-0.24967,2.3163,1.805,-0.30663,-0.92736,-0.25385
1.811,-0.57652,-0.40654,2.5615,1.815,-0.25226,-0.87238,-0.26301
1.821,-0.91014,-0.57695,2.5945,1.825,-0.21683,-0.83817,-0.24835
1.831,-0.94219,-0.8293,2.8649,1.835,-0.18934,-0.77159,-0.23063
1.841,-0.72606,-1.071,2.8735,1.845,-0.14597,-0.70867,-0.2288
1.851,-0.83129,-1.4414,2.6757,1.855,-0.086718,-0.66286,-0.15611
1.861,-0.6204,-1.6044,2.7379,1.865,0.035455,-0.6146,-0.062033
1.871,0.041966,-1.349,2.6399,1.875,0.089372,-0.59337,-0.0050513
1.881,0.83633,-0.80953,2.6632,1.885,0.16251,-0.50403,0.022877
1.891,1.302,-0.1887,2.5559,1.895,0.18267,-0.41362,-0.01744
1.901,0.79195,0.045231,2.4416,1.905,0.18389,-0.29695,-0.035766
1.911,0.34635,0.27446,2.0427,1.915,0.16374,-0.15828,-0.035155
1.921,0.17471,0.63724,1.3831,1.925,0.13319,-0.12102,-0.051649
1.931,0.12049,1.0246,0.9472,1.935,0.10448,-0.12163,-0.091355
1.941,0.4241,1.287,0.46643,1.945,0.066609,-0.17722,-0.17138
1.951,0.40605,1.1541,0.28881,1.955,0.031789,-0.25602,-0.24163
1.961,0.62965,0.78994,0.20833,1.965,0.012242,-0.35681,-0.27156
1.971,0.93885,0.36642,0.27937,1.975,-0.0031604,-0.41761,-0.27728
1.981,1.4031,-0.095942,0.35924,1.985,-0.048234,-0.46005,-0.26973
1.991,1.4495,-0.67449,0.5442,1.995,-0.069003,-0.40141,-0.20559
2.001,1.7475,-0.8396,0.47178,2.005,-0.10871,-0.2267,-0.15916
2.011,1.5718,-0.75716,-0.28901,2.015,-0.15025,-0.20471,-0.12007
2.021,1.2591,-0.40525,-0.95424,2.025,-0.18568,-0.23647,-0.11884
2.031,0.85588,-0.026035,-1.3151,2.035,-0.19729,-0.31588,-0.12312
2.041,0.58696,0.12674,-1.1184,2.045,-0.19484,-0.36414,-0.12312
2.051,0.38174,0.15253,-0.76249,2.055,-0.1869,-0.39652,-0.12007
2.061,0.33929,-0.066844,-0.40423,2.065,-0.18385,-0.38247,-0.10174
2.071,0.64491,-0.29612,-0.38768,2.075,-0.1979,-0.37575,-0.088911
2.081,0.89758,-0.40193,-0.43636,2.085,-0.22533,-0.33834,-0.090386
2.091,1.0723,-0.41255,-0.59823,2.095,-0.24066,-0.29084,-0.11029
2.101,0.83112,-0.33784,-0.92061,2.105,-0.26143,-0.2548,-0.12129
2.111,-0.20328,-0.01395,-0.65099,2.115,-0.27731,-0.17477,-0.11335
2.121,-0.10365,-0.020787,-0.24592,2.125,-0.25837,-0.12041,-0.10968
2.131,0.21638,-0.091585,-0.0034948,2.135,-0.22423,-0.026592,-0.11236
2.141,0.78588,-0.1342,0.25339,2.145,-0.19804,0.11921,-0.060809
2.151,1.1018,-0.020274,0.075751,2.155,-0.20497,0.21294,-0.047943
2.161,1.2897,0.14643,-0.34223,2.165,-0.22538,0.28093,-0.065088
2.171,1.1095,0.37557,-0.73541,2.175,-0.24786,0.36054,-0.085472
2.181,1.0973,0.73212,-0.97209,2.185,-0.26416,0.39952,-0.092696
2.191,0.71512,-0.15267,-0.93822,2.195,-0.30033,0.43529,-0.092858
2.201,0.69717,-0.58796,-0.73807,2.205,-0.29474,0.44598,-0.050438
2.211,0.84975,-0.90515,-0.56258,2.215,-0.2568,0.45675,0.0040604
2.221,0.96109,-0.85492,-0.47853,2.225,-0.21256,0.46358,0.045479
2.231,1.1539,-0.54813,-0.57229,2.235,-0.15086,0.47458,0.071746
2.241,1.4266,-0.23407,-0.75572,2.245,-0.1026,0.54421,0.080298
2.251,1.6111,-0.13181,-0.95744,2.255,-0.07389,0.64073,0.08152
2.261,1.7457,-0.17493,-0.96506,2.265,-0.058619,0.7629,0.077855
2.271,1.8733,-0.37618,-0.6842,2.275,-0.064116,0.92234,0.068692
2.281,1.8817,-0.56979,-0.33616,2.285,-0.056602,1.1077,0.045075
2.291,1.7854,-0.65682,-0.093429,2.295,-0.040293,1.2412,0.0069944
2.301,1.5973,-0.68752,0.2577,2.305,-0.016469,1.3298,0.013103
2.311,1.3416,-0.53039,0.44861,2.315,0.0079657,1.4031,0.043646
2.321,1.3615,-0.39526,0.63728,2.325,0.043396,1.4746,0.083353
2.331,1.5557,-0.24427,0.76416,2.335,0.070274,1.5509,0.11573
2.341,1.6082,-0.10459,0.63306,2.345,0.09593,1.6138,0.14688
2.351,1.5233,-0.098453,0.50382,2.355,0.12953,1.6755,0.17254
2.361,1.5635,-0.11242,0.45602,2.365,0.16557,1.7378,0.17926
2.371,1.6908,0.0082017,0.26157,2.375,0.19306,1.7757,0.16521
2.381,1.6569,0.043381,0.096691,2.385,0.20119,1.796,0.15838
2.391,1.5979,0.15587,-0.1358,2.395,0.20222,1.824,0.13222
2.401,0.96677,0.37421,0.084208,2.405,0.18145,1.8258,0.14749
2.411,0.58156,0.57284,0.32944,2.415,0.15396,1.8105,0.17926
2.421,0.18638,0.7996,0.43144,2.425,0.11426,1.7226,0.22691
2.431,-0.09196,0.87409,0.60433,2.435,0.10326,1.6157,0.23973
2.441,-0.14741,0.82321,0.85046,2.445,0.097763,1.5149,0.24034
2.451,0.049503,0.7753,1.0422,2.455,0.10387,1.4397,0.22019
2.461,0.29134,0.76784,1.0325,2.465,0.11101,1.3893,0.18358
2.471,0.46562,0.71802,0.88435,2.475,0.10509,1.3487,0.12856
2.481,0.45525,0.66445,0.69947,2.485,0.08127,1.3347,0.088239
2.491,0.295,0.62088,0.52695,2.495,0.052559,1.3347,0.061972
2.501,0.087738,0.56933,0.41361,2.505,0.02507,1.3341,0.047312
2.511,-0.05877,0.52911,0.48477,2.515,0.0085765,1.342,0.050977
2.521,-0.25261,0.42149,0.45532,2.525,-0.0042516,1.3542,0.07419
2.531,-0.30325,0.30958,0.47878,2.535,-0.01036,1.3805,0.11451
2.541,-0.28098,0.20938,0.45905,2.545,-0.017691,1.4074,0.1591
2.551,-0.14858,0.15119,0.36993,2.555,-0.019523,1.43,0.18292
2.561,-0.06904,0.06571,0.13731,2.565,-0.0097494,1.4275,0.18476
2.571,-0.033171,0.13837,0.012174,2.575,0.0073548,1.364,0.18048
2.581,0.028172,0.072593,-0.36389,2.585,0.0012462,1.3047,0.16826
2.591,0.079696,0.098373,-0.40803,2.595,-0.014267,1.2508,0.1572
2.601,-0.0046492,0.31941,-0.41466,2.605,-0.051899,1.1991,0.15971
2.611,-0.06299,0.4172,-0.26684,2.615,-0.084275,1.1545,0.17743
2.621,-0.029964,0.53509,0.017669,2.625,-0.11237,1.1123,0.18964
2.631,0.0067549,0.57663,0.15688,2.635,-0.12948,1.0647,0.19514
2.641,0.024353,0.54481,0.27979,2.645,-0.13376,1.0079,0.19086
2.651,0.068972,0.49231,0.23204,2.655,-0.13681,0.948,0.17376
2.661,0.144,0.39903,0.26502,2.665,-0.12276,0.90157,0.142
2.671,0.26159,0.31477,0.3451,2.675,-0.091605,0.84965,0.10412
2.681,0.16759,0.07836,0.10421,2.685,-0.062284,0.81177,0.072968
2.691,0.12434,0.032641,-0.176,2.695,-0.052222,0.78052,0.056892
2.701,0.17697,0.019472,-0.15101,2.705,-0.042736,0.69937,0.015547
2.711,0.060162,-0.057527,-0.18297,2.715,-0.041514,0.60713,-0.030879
2.721,-0.041157,-0.12391,-0.14738,2.725,-0.062895,0.5546,-0.040653
2.731,-0.21212,-0.27481,-0.064936,2.735,-0.09466,0.51123,-0.03149
2.741,-0.41386,-0.37651,0.11551,2.745,-0.11971,0.48435,-0.0021686
2.751,-0.6266,-0.45625,0.38635,2.755,-0.13314,0.46053,0.032651
2.761,-0.66109,-0.37415,0.79991,2.765,-0.14475,0.4477,0.059529
2.771,-0.58661,-0.33813,0.81573,2.775,-0.13559,0.40982,0.078466
2.781,-0.53689,-0.36861,0.91108,2.785,-0.12093,0.37134,0.093126
2.791,-0.46765,-0.39431,0.89674,2.795,-0.1275,0.35729,0.098399
2.801,-0.34445,-0.35741,0.76599,2.805,-0.1026,0.28582,0.087018
2.811,-0.30042,-0.31328,0.62568,2.815,-0.099547,0.24122,0.066859
2.821,-0.2951,-0.26031,0.52653,2.825,-0.090384,0.20763,0.044868
2.831,-0.35568,-0.19892,0.45187,2.835,-0.076334,0.17036,0.031429
2.841,-0.38049,-0.13216,0.46424,2.845,-0.064727,0.12272,0.023488
2.851,-0.36152,-0.10852,0.4867,2.855,-0.03113,0.10134,0.020433
2.861,-0.32531,-0.049402,0.54664,2.865,-0.013415,0.075069,0.016768
2.871,-0.2685,0.00017053,0.49625,2.875,0.0019573,0.044658,0.0077908
2.881,-0.20703,0.081476,0.3914,2.885,0.0073548,0.0011545,-0.0088881
2.891,-0.21434,0.096403,0.23906,2.895,0.0061331,-0.036719,-0.022938
2.901,-0.1988,0.090859,0.16198,2.905,-0.0018082,-0.069095,-0.034544
2.911,-0.17853,0.010114,0.11154,2.915,-0.007306,-0.092919,-0.035766
2.921,-0.17663,-0.11704,0.13614,2.925,-0.0011973,-0.11186,-0.037599
2.931,-0.16114,-0.21811,0.094392,2.935,0.0049114,-0.12468,-0.033323
2.941,-0.20721,-0.28533,0.04919,2.945,0.012853,-0.13996,-0.025992
2.951,-0.23463,-0.3292,0.04007,2.955,0.023237,-0.16378,-0.026603
2.961,-0.19234,-0.23201,0.055361,2.965,0.031789,-0.19493,-0.025381
2.971,-0.17648,-0.19841,0.039175,2.975,0.043114,-0.22074,-0.027382
2.981,-0.14749,-0.095285,0.070227,2.985,0.048283,-0.25724,-0.03149
2.991,-0.16051,0.016136,0.090043,2.995,0.048283,-0.3,-0.030268
3.001,-0.19349,0.074056,0.10724,3.005,0.041204,-0.32375,-0.030767
3.011,-0.20853,0.24913,0.093087,3.015,0.040952,-0.36598,-0.03149
3.021,-0.19657,0.31046,0.091249,3.025,0.042785,-0.40874,-0.03821
3.031,-0.15841,0.28512,0.11082,3.035,0.048283,-0.446,-0.04554
3.041,-0.12134,0.20572,0.11539,3.045,0.049505,-0.47227,-0.049816
3.051,-0.14343,0.13325,0.05754,3.055,0.05317,-0.50464,-0.058368
3.061,-0.15931,0.098184,-0.031904,3.065,0.048283,-0.54496,-0.065699
3.071,-0.20985,0.044739,-0.018262,3.075,0.04645,-0.58344,-0.068753
3.081,-0.26267,0.040184,-0.019953,3.085,0.049505,-0.62498,-0.069364
3.091,-0.30683,0.014042,-0.027622,3.095,0.050726,-0.66835,-0.063255
3.101,-0.32079,-0.074864,0.034455,3.105,0.049988,-0.68848,-0.056168
3.111,-0.32442,-0.13452,0.12694,3.115,0.047672,-0.72822,-0.026603
3.121,-0.315,-0.13455,0.23234,3.125,0.056835,-0.76365,-0.0076664
3.131,-0.3513,-0.081484,0.24092,3.135,0.065387,-0.85833,0.0063835
3.141,-0.42105,-0.053627,0.22773,3.145,0.065387,-0.92797,0.011881
3.151,-0.45452,0.076439,0.083169,3.155,0.056224,-1.0025,0.0069944
3.161,-0.34721,0.29453,0.0055594,3.165,0.040952,-1.0685,-0.0058338
3.171,-0.20954,0.44308,0.1229,3.175,0.033622,-1.1161,-0.025381
3.181,-0.13547,0.51038,0.27423,3.185,0.024459,-1.154,-0.034544
3.191,-0.13055,0.46399,0.35082,3.195,0.014685,-1.1845,-0.040042
3.201,-0.044823,0.40614,0.43808,3.205,0.0030788,-1.2303,-0.051649
3.211,-0.052864,0.35036,0.49772,3.215,-0.011582,-1.2969,-0.067531
3.221,-0.10967,0.24732,0.67557,3.225,-0.010971,-1.3739,-0.075472
3.231,-0.14294,0.14551,0.90282,3.235,-0.0048625,-1.4576,-0.088301
3.241,-0.090717,0.058102,1.0586,3.245,0.0073548,-1.5608,-0.10357
3.251,0.087373,-0.074764,1.0239,3.255,0.021405,-1.6916,-0.11396
3.261,0.089616,-0.022913,1.0069,3.265,0.01835,-1.8192,-0.1219
3.271,0.056575,0.086981,1.0038,3.275,-0.00058643,-2.0178,-0.1274
3.281,0.075321,0.026885,1.039,3.285,-0.0048625,-2.154,-0.1164
3.291,0.37714,-0.080687,0.8793,3.295,-0.0011973,-2.2914,-0.10357
3.301,0.85009,-0.13745,0.79134,3.305,-0.0066951,-2.4105,-0.093187
3.311,1.3943,-0.13934,0.74963,3.315,-0.0085277,-2.515,-0.10602
3.321,1.69,-0.16882,0.41009,3.325,0.0024679,-2.6146,-0.13961
3.331,1.5114,-0.36157,0.24832,3.335,-0.002419,-2.6836,-0.16955
3.341,1.6016,-0.69931,0.29901,3.345,-0.01036,-2.7203,-0.16405
3.351,2.2494,-0.82528,0.69449,3.355,-0.007306,-2.694,-0.12251
3.361,2.7977,-0.98712,1.1078,3.365,0.015907,-2.5694,-0.053481
3.371,3.2261,-0.85735,1.1862,3.375,0.042785,-2.355,0.014325
3.381,3.703,-0.60006,0.73099,3.385,0.062944,-2.0782,0.048533
3.391,3.6809,-0.10266,0.26267,3.395,0.083713,-1.7972,0.057696
3.401,3.1742,0.35615,-0.4754,3.405,0.090432,-1.5602,0.058918
3.411,3.0817,0.5699,-1.1078,3.415,0.090485,-1.4733,0.048733
3.421,3.0374,0.41448,-1.3559,3.425,0.048283,-1.253,0.035705
3.431,2.6516,0.013698,-1.2586,3.435,0.037287,-1.1436,0.052809
3.441,2.2311,-0.35286,-1.1264,3.445,0.048283,-1.0391,0.069303
3.451,1.8546,-0.55791,-1.0357,3.455,0.073939,-0.95607,0.080298
3.461,1.5914,-0.52059,-0.98978,3.465,0.10876,-0.87666,0.079076
3.471,1.3745,-0.31265,-0.9369,3.475,0.13625,-0.78259,0.075411
3.481,1.2487,-0.11426,-0.96825,3.485,0.1503,-0.6879,0.077855
3.491,1.1168,-0.045945,-0.92794,3.495,0.15457,-0.58467,0.084574
3.501,1.0671,-0.060743,-0.96175,3.505,0.15702,-0.48204,0.093126
3.511,0.98084,-0.12852,-0.94043,3.515,0.16083,-0.45702,0.099707
3.521,1.0037,-0.12425,-0.9396,3.525,0.13991,-0.25052,0.11817
3.531,1.0338,-0.085935,-0.84565,3.535,0.1277,-0.13873,0.12306
3.541,0.94416,-0.12989,-0.81701,3.545,0.11365,-0.014728,0.12856
3.551,0.78125,-0.15572,-0.79032,3.555,0.10143,0.16181,0.14872
3.561,0.63619,-0.097416,-0.89467,3.565,0.080659,0.25833,0.15788
3.571,0.44616,-0.093631,-1.0481,3.575,0.061722,0.32308,0.16215
3.581,0.22641,-0.11871,-1.0962,3.585,0.048283,0.37012,0.17193
3.591,0.028858,-0.12158,-1.103,3.595,0.031789,0.4141,0.18598
3.601,0.13372,-0.029048,-1.018,3.605,0.020794,0.45136,0.19025
3.611,0.21908,0.011996,-1.0623,3.615,0.014685,0.4477,0.18598
3.621,0.2177,0.034634,-1.0911,3.625,-0.0054734,0.41715,0.18231
3.631,0.25392,0.079576,-0.9646,3.635,-0.021796,0.41084,0.17277
3.641,0.1934,0.081902,-0.8386,3.645,-0.036017,0.3805,0.16704
3.651,0.2823,0.12182,-0.63123,3.655,-0.051899,0.375,0.1591
3.661,0.48578,0.21481,-0.35864,3.665,-0.071447,0.41715,0.14505
3.671,0.49072,0.24725,-0.2575,3.675,-0.10077,0.48007,0.13467
3.681,0.56613,0.18362,-0.15141,3.685,-0.13437,0.53994,0.13955
3.691,0.63212,0.14629,-0.011108,3.695,-0.14353,0.60286,0.13467
3.701,0.65633,0.14561,0.091089,3.705,-0.13925,0.70731,0.1084
3.711,0.59381,0.10678,-0.00048459,3.715,-0.15147,0.75557,0.087018
3.721,0.51499,0.06906,-0.13096,3.725,-0.16904,0.77792,0.072945
3.731,0.45345,0.20961,-0.090876,3.735,-0.17647,0.78148,0.049005
3.741,0.30419,0.25303,-0.12865,3.745,-0.17407,0.75496,0.016768
3.751,0.11535,0.28404,-0.13375,3.755,-0.1698,0.73175,-0.022327
3.761,-0.10733,0.15967,-0.096055,3.765,-0.1588,0.71648,-0.047373
3.771,-0.28315,0.03685,-0.076058,3.775,-0.14719,0.70731,-0.069364
3.781,-0.50639,-0.05155,0.0011492,3.785,-0.13009,0.70426,-0.078527
3.791,-0.7041,-0.18802,-0.011721,3.795,-0.10871,0.72075,-0.076694
3.801,-0.86686,-0.26373,0.096314,3.805,-0.072669,0.75252,-0.060812
3.811,-0.94545,-0.21971,-0.098687,3.815,-0.047623,0.78489,-0.060201
3.821,-1.1555,-0.16785,-0.13623,3.825,-0.028644,0.80217,-0.051943
3.831,-1.0167,-0.053099,-0.059511,3.835,-0.028686,0.87164,-0.021716
3.841,-0.95314,0.020731,-0.12579,3.845,0.024459,0.88874,-0.01744
3.851,-1.0828,0.10485,-0.23299,3.855,0.04645,0.89424,-0.022327
3.861,-1.1868,0.15971,-0.23854,3.865,0.073328,0.90768,-0.034544
3.871,-1.3045,0.31247,-0.26422,3.875,0.083713,0.9199,-0.043097
3.881,-1.4037,0.44826,-0.29061,3.885,0.083713,0.95044,-0.058979
3.891,-1.4521,0.45262,-0.46091,3.895,0.08188,0.99931,-0.080359
3.901,-1.567,0.38251,-0.78159,3.905,0.064776,1.0353,-0.088911
3.911,-1.7459,0.36005,-1.1027,3.915,0.051948,1.0402,-0.083414
3.921,-1.9239,0.35204,-1.2044,3.925,0.047209,1.0347,-0.080452
3.931,-2.0784,0.3168,-1.2872,3.935,0.048894,0.98343,-0.066309
3.941,-2.049,0.2263,-1.3162,3.945,0.058057,0.93089,-0.054703
3.951,-2.1735,0.16112,-1.3509,3.955,0.0605,0.88263,-0.044318
3.961,-2.263,0.15343,-1.5362,3.965,0.048283,0.85087,-0.027825
3.971,-2.1702,0.16788,-1.7292,3.975,0.022016,0.80811,-0.012553
3.981,-2.0797,0.25075,-1.672,3.985,0.0036896,0.73725,-0.011332
3.991,-2.0419,0.36193,-1.6318,3.995,-0.00058643,0.70731,-0.013775
4.001,-2.0795,0.44693,-1.6155,4.005,0.0043005,0.67005,-0.011332
4.011,-1.9306,0.62651,-1.5366,4.015,0.016518,0.63218,-0.014997
4.021,-1.777,0.75969,-1.5272,4.025,0.01774,0.60041,-0.028436
4.031,-1.6447,0.80157,-1.5295,4.035,-0.0054734,0.56559,-0.04554
4.041,-1.4476,0.64462,-1.5007,4.045,-0.034795,0.54177,-0.054703
4.051,-1.3316,0.36545,-1.3689,4.055,-0.060451,0.51917,-0.048594
4.061,-1.1268,0.14569,-1.2254,4.065,-0.071447,0.48435,-0.032101
4.071,-0.825,0.0056784,-1.0865,4.075,-0.080614,0.47225,-0.01249
4.081,-0.55027,-0.027628,-0.86016,4.085,-0.072669,0.48924,-0.00033598
4.091,-0.45842,-0.058814,-0.7086,4.095,-0.061062,0.52894,0.016157
4.101,-0.41142,-0.10298,-0.62605,4.105,-0.039682,0.54727,0.024709
4.111,-0.47532,-0.1205,-0.51497,4.115,-0.016469,0.53872,0.036316
4.121,-0.45271,-0.063571,-0.46446,4.125,0.016518,0.54727,0.043646
4.131,-0.36953,0.0043024,-0.51001,4.135,0.019701,0.54503,0.032319
4.141,-0.20559,-0.016698,-0.66586,4.145,0.0012462,0.53505,0.0069944
4.151,-0.15375,-0.017449,-0.63246,4.155,-0.013415,0.52222,-0.015608
4.161,-0.17117,-0.095486,-0.54171,4.165,-0.028686,0.52161,-0.022938
4.171,-0.16106,-0.1366,-0.41289,4.175,-0.034795,0.53261,-0.020495
4.181,-0.1636,-0.15212,-0.2343,4.185,-0.022578,0.55399,-0.0052229
4.191,-0.19432,-0.14336,-0.13917,4.195,-0.007306,0.58636,0.01127
4.201,-0.19796,-0.15456,-0.13145,4.205,-0.0030299,0.61569,0.01127
4.211,-0.13518,-0.11909,-0.24051,4.215,-0.012804,0.62118,0.027153
4.221,-0.15815,-0.031807,-0.32386,4.225,-0.01708,0.63096,0.027153
4.231,-0.21064,0.020661,-0.3686,4.235,-0.01952,0.64054,0.026903
4.241,-0.22205,0.13984,-0.5373,4.245,-0.0085277,0.62912,0.024099
4.251,-0.2921,0.24748,-0.67738,4.255,-0.0018082,0.59675,0.01799
4.261,-0.27377,0.29773,-0.70862,4.265,-0.0079168,0.57537,0.0076053
4.271,-0.23889,0.29875,-0.79549,4.275,-0.013505,0.56111,0.0012648
4.281,-0.17553,0.19004,-1.0275,4.285,-0.018912,0.53016,-0.00033598
4.291,-0.21918,-0.0011499,-1.1925,4.295,-0.021356,0.49473,0.0076053
4.301,-0.37349,-0.22798,-1.3139,4.305,-0.018302,0.44709,0.027764
4.311,-0.4351,-0.36098,-1.3871,4.315,-0.014025,0.38844,0.03937
4.321,-0.41028,-0.31382,-1.4156,4.325,-0.0054734,0.3243,0.034483
4.331,-0.3423,-0.17004,-1.3958,4.335,-0.0011973,0.24306,0.019212
4.341,-0.069813,0.053267,-1.4057,4.345,-0.0054734,0.16059,-0.010721
4.351,0.26826,0.23225,-1.3509,4.355,-0.020134,0.11172,-0.036988
4.361,0.53965,0.23227,-1.2521,4.365,-0.040904,0.088508,-0.050427
4.371,0.74378,0.13285,-1.0397,4.375,-0.048234,0.098893,-0.05226
4.381,0.72233,-0.081271,-0.42579,4.385,-0.03113,0.1276,-0.049816
4.391,0.49823,-0.21471,-0.39085,4.395,-0.0054734,0.14654,-0.044929
4.401,0.25081,-0.36775,-0.39453,4.405,0.016518,0.16792,-0.030879
4.411,0.025463,-0.46878,-0.60348,4.415,0.04645,0.13493,-0.01011
4.421,-0.17977,-0.50774,-0.60058,4.425,0.070885,0.09706,0.0039401
4.431,-0.33027,-0.55829,-0.53029,4.435,0.1057,0.065906,0.021044
4.441,-0.36634,-0.53,-0.59269,4.445,0.12586,0.04025,0.031429
4.451,-0.3747,-0.34071,-0.62114,4.455,0.13869,0.0060415,0.035094
4.461,-0.28074,-0.1629,-0.57375,4.465,0.15091,-0.026945,0.039981
4.471,-0.030346,0.045685,-0.58363,4.475,0.15702,-0.059321,0.033262
4.481,0.15013,0.11767,-0.65051,4.485,0.16068,-0.078869,0.025931
4.491,0.15795,0.096294,-0.62604,4.495,0.1503,-0.083756,0.028375
4.501,0.13898,0.10196,-0.50393,4.505,0.13747,-0.084977,0.033262
4.511,0.16389,0.14342,-0.29367,4.515,0.12525,-0.069706,0.036927
4.521,0.17639,0.092186,-0.28847,4.525,0.12342,-0.069706,0.038149
4.531,0.14828,0.0073348,-0.55049,4.535,0.11853,-0.069095,0.044868
4.541,0.12121,-0.031804,-0.61565,4.545,0.11037,-0.084714,0.048645
4.551,0.14868,-0.094148,-0.39871,4.555,0.097763,-0.099638,0.036927
4.561,0.060917,-0.087153,-0.43678,4.565,0.08188,-0.09414,0.040592
4.571,0.03827,-0.12124,-0.22406,4.575,0.080659,-0.10697,0.036927
4.581,0.025292,-0.16485,-0.26069,4.585,0.091043,-0.11124,0.049144
4.591,0.0064964,-0.15563,-0.32529,4.595,0.10265,-0.12407,0.058918
4.601,0.060782,-0.14786,-0.29259,4.605,0.11512,-0.1179,0.058046
4.611,0.080523,-0.11405,-0.32337,4.615,0.12159,-0.10941,0.054031
4.621,0.063297,-0.095089,-0.31339,4.625,0.12586,-0.11002,0.047312
4.631,0.0089998,-0.045959,-0.28361,4.635,0.12831,-0.11613,0.041814
4.641,-0.08365,0.007046,-0.30749,4.645,0.13364,-0.12551,0.043338
4.651,-0.13214,0.034682,-0.30013,4.655,0.14113,-0.15339,0.044868
4.661,-0.10899,0.0047101,-0.41518,4.665,0.13564,-0.16928,0.048533
4.671,-0.011763,0.044277,-0.38967,4.675,0.12647,-0.18149,0.050977
4.681,0.023151,0.064675,-0.36421,4.685,0.12342,-0.17783,0.06014
4.691,0.0018435,0.10007,-0.43039,4.695,0.12281,-0.1705,0.06014
4.701,-0.023051,0.17156,-0.63314,4.705,0.12159,-0.18394,0.06014
4.711,-0.10228,0.22182,-0.84538,4.715,0.1112,-0.21326,0.057696
4.721,-0.23711,0.19924,-0.91032,4.725,0.10143,-0.25724,0.052809
4.731,-0.42273,0.16509,-0.86561,4.735,0.093487,-0.30855,0.054031
4.741,-0.54894,0.18687,-0.91802,4.745,0.070274,-0.35376,0.050366
4.751,-0.6117,0.24287,-1.0664,4.755,0.049048,-0.39006,0.043722
4.761,-0.67956,0.33262,-1.141,4.765,0.015296,-0.45089,0.032651
4.771,-0.74536,0.42004,-1.251,4.775,-0.0085277,-0.49853,0.022266
4.781,-0.78982,0.50116,-1.4028,4.785,-0.03113,-0.55901,0.0051618
4.791,-0.85848,0.5501,-1.48,4.795,-0.053121,-0.62071,-0.013775
4.801,-0.96792,0.56193,-1.4434,4.805,-0.074501,-0.68424,-0.032712
4.811,-1.1036,0.53327,-1.2969,4.815,-0.086108,-0.73982,-0.05287
4.821,-1.2378,0.49051,-1.1857,4.825,-0.096492,-0.79419,-0.060201
4.831,-1.3725,0.34555,-1.1155,4.835,-0.10871,-0.8736,-0.048594
4.841,-1.5316,0.16401,-0.99362,4.845,-0.10993,-0.92186,-0.028436
4.851,-1.7411,-0.017059,-0.77705,4.855,-0.11184,-0.94164,-0.017581
4.861,-1.8824,-0.1338,-0.64831,4.865,-0.12215,-0.9915,0.017379
4.871,-1.9051,-0.16165,-0.60651,4.875,-0.12948,-1.0239,0.024709
4.881,-1.8392,-0.099909,-0.60905,4.885,-0.13986,-1.0544,0.019212
4.891,-1.7877,0.0091788,-0.55904,4.895,-0.14719,-1.0801,0.011881
4.901,-1.7697,0.12812,-0.43788,4.905,-0.15086,-1.1039,-0.0040012
4.911,-1.7612,0.27033,-0.22912,4.915,-0.1533,-1.1222,-0.022938
4.921,-1.772,0.38879,-0.084195,4.925,-0.1533,-1.1479,-0.042486
4.931,-1.8592,0.48467,0.04473,4.935,-0.1533,-1.1772,-0.057757
4.941,-1.8719,0.61207,0.092226,4.945,-0.16613,-1.2157,-0.077916
4.951,-1.9872,0.4114,0.39526,4.955,-0.18262,-1.2505,-0.086468
4.961,-2.0587,0.10624,0.72418,4.965,-0.18079,-1.2566,-0.083414
4.971,-1.8026,-0.29316,1.0949,4.975,-0.15147,-1.1968,-0.061423
4.981,-1.6524,-0.57083,1.183,4.985,-0.13498,-1.1613,-0.046151
4.991,-1.4123,-0.6858,1.4977,4.995,-0.11629,-1.133,-0.030103
5.001,-1.0499,-0.65551,2.0079,5.005,-0.067171,-1.0795,-0.028436
5.011,-0.71758,-0.56698,2.4309,5.015,-0.0011973,-1.0037,-0.03882
5.021,-0.26234,-0.47382,2.6815,5.025,0.035455,-0.88704,-0.047373
5.031,-0.062233,-0.33432,2.7428,5.035,0.051948,-0.75449,-0.058979
5.041,-0.00016499,-0.30364,2.5946,5.045,0.059278,-0.62315,-0.058979
5.051,-0.0282,-0.37094,2.5956,5.055,0.092876,-0.51503,-0.05287
5.061,-0.1812,-0.43123,2.7022,5.065,0.13741,-0.40557,-0.032588
5.071,-0.46662,-0.2559,2.2327,5.075,0.1729,-0.29512,-0.00094685
5.081,-0.49913,-0.10475,1.9503,5.085,0.17595,-0.22181,0.014936
5.091,-0.34349,0.14206,1.7689,5.095,0.16374,-0.17844,0.0076053
5.101,-0.35592,0.029045,1.7073,5.105,0.18084,-0.17905,0.014936
5.111,-0.31418,0.11342,1.7249,5.115,0.21871,-0.15584,0.035705
5.121,-0.12513,0.34493,1.5768,5.125,0.23399,-0.165,0.016768
5.131,0.36817,0.42057,1.2991,5.135,0.23154,-0.17905,-0.024771
5.141,0.66321,0.28904,1.2553,5.145,0.21505,-0.12468,-0.076694
5.151,0.65966,0.12695,1.1013,5.155,0.18512,-0.081923,-0.12251
5.161,0.41888,0.05589,0.91164,5.165,0.16909,-0.064459,-0.14418
5.171,0.36871,0.074472,0.76006,5.175,0.1448,-0.063597,-0.14939
5.181,0.31189,0.23005,0.73615,5.185,0.13564,-0.061154,-0.14817
5.191,0.53797,0.43637,0.67504,5.195,0.12159,-0.059932,-0.15916
5.201,0.90561,0.60948,0.50494,5.205,0.11365,-0.089254,-0.17565
5.211,0.76887,0.5973,0.29465,5.215,0.068441,-0.095973,-0.15672
5.221,0.41006,0.61112,0.16289,5.225,0.010409,-0.080091,-0.12434
5.231,0.58999,0.21567,0.57162,5.235,-0.014025,-0.057489,-0.085246
5.241,0.95783,0.053996,0.52997,5.245,-0.023799,0.0023763,-0.060812
5.251,1.3323,0.011182,0.20017,5.255,-0.023188,0.066517,-0.090133
5.261,1.4032,-0.064915,-0.49488,5.265,-0.055564,0.038417,-0.1164
5.271,1.4422,-0.12436,-0.7726,5.275,-0.082442,0.00054367,-0.16038
5.281,1.3135,-0.28859,-0.80137,5.285,-0.083053,-0.049547,-0.19948
5.291,1.0321,-0.41078,-0.70678,5.295,-0.089162,-0.083145,-0.21475
5.301,0.83872,-0.2783,-0.73911,5.305,-0.11543,-0.11735,-0.20925
5.311,0.75609,-0.14795,-0.73669,5.315,-0.15208,-0.13201,-0.19154
5.321,0.91927,-0.10618,-0.71215,5.325,-0.17774,-0.15706,-0.17688
5.331,1.1225,-0.1507,-0.78302,5.335,-0.18751,-0.1876,-0.16344
5.341,1.4593,-0.16291,-0.73587,5.345,-0.17652,-0.19493,-0.16893
5.351,1.5543,-0.09052,-0.56844,5.355,-0.1698,-0.16806,-0.18237
5.361,1.4982,-0.070848,-0.47319,5.365,-0.16247,-0.099638,-0.18421
5.371,1.3225,-0.13419,-0.46339,5.375,-0.15147,-0.012895,-0.15488
5.381,0.94537,-0.38135,-0.54249,5.385,-0.13803,0.064074,-0.12068
5.391,0.60074,-0.50165,-0.50522,5.395,-0.11299,0.11722,-0.086468
5.401,0.48758,-0.59385,-0.4047,5.405,-0.081832,0.21312,-0.070585
5.411,0.8971,-0.60007,-0.29973,5.415,-0.072058,0.24489,-0.05226
5.421,1.2631,-0.574,0.025097,5.425,-0.04518,0.27727,-0.021716
5.431,1.363,-0.37229,-0.054541,5.435,-0.027348,0.30966,-0.00054251
5.441,1.4803,-0.078794,-0.17377,5.445,-0.021121,0.35836,0.00906
5.451,1.518,0.1133,-0.31962,5.455,-0.029297,0.44342,0.008827
5.461,1.5067,0.03201,-0.31736,5.465,-0.037849,0.54116,0.0045509
5.471,1.4896,-0.082813,-0.32813,5.475,-0.049644,0.64605,0.0035985
5.481,1.3328,-0.35317,-0.29484,5.485,-0.061062,0.81238,0.0069944
5.491,1.2323,-0.53274,0.036053,5.495,-0.047623,0.93333,0.01066
5.501,1.52,-0.52484,0.43847,5.505,-0.018302,1.0408,0.0039401
5.511,1.4601,-0.44059,0.72812,5.515,0.006744,1.1435,0.0039401
5.521,1.2373,-0.35728,0.7039,5.525,0.020183,1.2375,0.008827
5.531,1.0617,-0.39664,0.84551,5.535,0.037287,1.3243,0.030818
5.541,1.1611,-0.35954,1.0081,5.545,0.062944,1.4,0.040592
5.551,1.2162,-0.26281,1.0803,5.555,0.078826,1.4471,0.052198
5.561,1.0815,-0.27516,0.98712,5.565,0.089211,1.4758,0.072357
5.571,1.2745,-0.28211,0.83371,5.575,0.097144,1.482,0.07944
5.581,1.5012,-0.27946,0.71686,5.585,0.12464,1.5228,0.085185
5.591,1.7614,-0.30169,0.62475,5.595,0.13319,1.5802,0.096792
5.601,1.8629,-0.2136,0.44144,5.605,0.1338,1.6432,0.11634
5.611,1.6642,0.020895,0.029603,5.615,0.12525,1.6786,0.13955
5.621,1.2516,0.10886,-0.16058,5.625,0.13197,1.6786,0.16948
5.631,0.88963,0.16216,-0.21911,5.635,0.13503,1.6474,0.20003
5.641,0.64621,0.19865,-0.026821,5.645,0.13686,1.6059,0.22324
5.651,0.37269,0.1949,0.20954,5.655,0.13197,1.5521,0.2263
5.661,0.10221,0.078559,0.31846,5.665,0.12647,1.4953,0.21408
5.671,-0.097317,-0.045156,0.5135,5.675,0.12403,1.4459,0.2043
5.681,-0.18231,-0.011391,0.62751,5.685,0.11914,1.3744,0.18659
5.691,-0.27189,0.19782,0.63413,5.695,0.10509,1.3273,0.17254
5.701,-0.32662,0.32685,0.63691,5.705,0.08127,1.2797,0.17193
5.711,-0.311,0.50715,0.5484,5.715,0.059278,1.2174,0.17498
5.721,-0.30813,0.66349,0.56307,5.725,0.042785,1.1673,0.17315
5.731,-0.19959,0.81903,0.68974,5.735,0.029346,1.1361,0.18048
5.741,-0.061464,0.90996,0.78037,5.745,0.0073548,1.1477,0.1872
5.751,0.04601,0.94352,0.89211,5.755,-0.0018082,1.1581,0.19453
5.761,0.0089006,0.88836,0.91596,5.765,-0.0054734,1.163,0.19942
5.771,-0.032789,0.74815,1.0258,5.775,-0.002419,1.1728,0.20247
5.781,-0.055565,0.6396,1.0703,5.785,-0.0058706,1.1718,0.20081
5.791,-0.072551,0.47919,0.95912,5.795,-0.01708,1.1581,0.18842
5.801,-0.14739,0.57482,0.64927,5.805,-0.03113,1.1172,0.17132
5.811,-0.15008,0.65952,0.48366,5.815,-0.040293,1.0152,0.14444
5.821,-0.11555,0.75291,0.34659,5.825,-0.050677,0.93883,0.12672
5.831,-0.11962,0.69758,0.32128,5.835,-0.058008,0.86064,0.11573
5.841,0.037418,0.62357,0.40188,5.845,-0.058991,0.78408,0.094691
5.851,0.07384,0.45694,0.58993,5.855,-0.062895,0.7348,0.07419
5.861,0.054461,0.31231,0.55308,5.865,-0.059229,0.667,0.049144
5.871,0.05757,0.14459,0.49423,5.875,-0.049852,0.61724,0.028954
5.881,-0.03887,0.0069785,0.27122,5.885,-0.054073,0.60624,0.017149
5.891,-0.18885,-0.10221,0.23455,5.895,-0.076945,0.51917,0.0033292
5.901,-0.32087,-0.23345,0.11941,5.905,-0.067171,0.4367,0.01066
5.911,-0.37274,-0.30027,0.037927,5.915,-0.061673,0.35423,0.018601
5.921,-0.35185,-0.3673,0.062159,5.925,-0.060451,0.28765,0.018601
5.931,-0.27573,-0.41975,0.12243,5.935,-0.056786,0.23573,0.020433
5.941,-0.16324,-0.44047,0.13141,5.945,-0.05984,0.20152,0.016768
5.951,-0.1125,-0.43257,0.095691,5.955,-0.078129,0.18247,0.013514
5.961,-0.11409,-0.39752,0.16825,5.965,-0.10055,0.15596,0.013225
5.971,-0.23792,-0.39333,0.35392,5.975,-0.10739,0.15102,0.017697
5.981,-0.36328,-0.35144,0.50029,5.985,-0.10664,0.13491,0.028825
5.991,-0.38548,-0.34794,0.52774,5.995,-0.098325,0.11233,0.035094
6.001,-0.36601,-0.28142,0.45575,6.005,-0.075139,0.073291,0.030954
6.011,-0.37193,-0.25029,0.37856,6.015,-0.05759,0.041802,0.015895
6.021,-0.36619,-0.18056,0.25513,6.025,-0.054341,0.0063984,0.00175
6.031,-0.31506,-0.11087,0.21445,6.035,-0.055846,-0.024732,-0.017034
6.041,-0.18883,-0.0013436,0.20865,6.045,-0.05984,-0.058099,-0.035766
6.051,-0.15302,0.062827,0.21806,6.055,-0.064727,-0.083756,-0.046151
6.061,-0.19851,0.03298,0.30334,6.065,-0.066009,-0.10775,-0.049703
6.071,-0.27307,-0.011557,0.3636,6.075,-0.054279,-0.13278,-0.044229
6.081,-0.36175,-0.095282,0.21041,6.085,-0.046102,-0.17155,-0.040028
6.091,-0.37951,-0.15162,0.207,6.095,-0.040801,-0.19045,-0.040752
6.101,-0.41486,-0.22393,0.15068,6.105,-0.01036,-0.27496,-0.029047
6.111,-0.34929,-0.22361,0.14605,6.115,0.0006353,-0.31405,-0.021716
6.121,-0.23535,-0.17589,0.12924,6.125,0.011803,-0.3605,-0.023058
6.131,-0.11262,-0.096143,0.11436,6.135,0.012853,-0.39224,-0.035766
6.141,-0.063049,0.026096,0.097546,6.145,0.0097983,-0.42523,-0.049816
6.151,-0.065503,0.13106,0.080564,6.155,0.0012462,-0.46432,-0.065088
6.161,-0.11364,0.19539,0.13125,6.165,-0.007306,-0.50098,-0.074251
6.171,-0.15541,0.17919,0.17903,6.175,-0.0054734,-0.53213,-0.074251
6.181,-0.13239,0.093745,0.17081,6.185,-0.0042516,-0.56145,-0.071196
6.191,-0.10503,-0.061634,0.16974,6.195,0.0091874,-0.59138,-0.064477
6.201,-0.081792,-0.20077,0.19341,6.205,0.02507,-0.61826,-0.060812
6.211,-0.10147,-0.28874,0.1715,6.215,0.041563,-0.64758,-0.05959
6.221,-0.11916,-0.27437,0.097966,6.225,0.050115,-0.68301,-0.062644
6.231,-0.16273,-0.1862,0.031368,6.235,0.048283,-0.71539,-0.063255
6.241,-0.14455,-0.028631,-0.015625,6.245,0.042785,-0.75632,-0.07364
6.251,-0.18134,0.076425,0.045057,6.255,0.035455,-0.82107,-0.083414
6.261,-0.21099,0.11484,0.083831,6.265,0.033622,-0.86688,-0.084025
6.271,-0.24482,0.11124,0.17094,6.275,0.029346,-0.90842,-0.077916
6.281,-0.19636,0.11299,0.28921,6.285,0.034844,-0.94446,-0.073029
6.291,-0.13958,0.047984,0.31947,6.295,0.042174,-0.98845,-0.071196
6.301,-0.088592,0.030074,0.35096,6.305,0.047672,-1.0416,-0.079748
6.311,0.019818,-0.051775,0.37567,6.315,0.05317,-1.0923,-0.085246
6.321,-0.019757,-0.12398,0.44691,6.325,0.048894,-1.1363,-0.089522
6.331,-0.025557,-0.13158,0.56933,6.335,0.041563,-1.1766,-0.08097
6.341,-0.025026,-0.083066,0.77318,6.345,0.041563,-1.2151,-0.070585
6.351,-0.088108,0.02274,0.95644,6.355,0.044007,-1.2633,-0.069364
6.361,-0.25359,0.15106,0.91173,6.365,0.042174,-1.3489,-0.073029
6.371,-0.27512,0.099418,1.0216,6.375,0.048283,-1.4558,-0.079748
6.381,-0.24325,0.014681,0.95336,6.385,0.049505,-1.6476,-0.11274
6.391,-0.148,-0.034674,0.84291,6.395,0.030568,-1.7954,-0.13534
6.401,-0.096485,0.066148,0.97466,6.405,0.020656,-1.934,-0.16121
6.411,0.5234,0.23185,0.45097,6.415,-0.011582,-2.1369,-0.22391
6.421,0.63856,0.28622,0.34956,6.425,-0.037849,-2.289,-0.25201
6.431,1.0468,0.48444,0.39407,6.435,-0.055564,-2.4044,-0.27034
6.441,1.4762,0.56253,0.44891,6.445,-0.05984,-2.4667,-0.29294
6.451,1.5943,0.17783,0.63731,6.455,-0.05251,-2.4545,-0.27095
6.461,1.7367,-0.29827,0.86544,6.465,-0.033573,-2.3629,-0.20742
6.471,2.3235,-0.56541,1.1122,6.475,0.001857,-2.223,-0.15733
6.481,2.7397,-0.6919,1.4847,6.485,0.051337,-2.0055,-0.10724
6.491,3.2607,-0.40583,1.2949,6.495,0.093487,-1.7435,-0.066309
6.501,3.7128,0.06184,0.492,6.505,0.10282,-1.5568,-0.070692
6.511,3.2763,-0.021083,-0.316,6.515,0.10754,-1.3183,-0.067531
6.521,2.5533,-0.20875,-0.89331,6.525,0.1112,-1.2029,-0.03821
6.531,2.1234,-0.25228,-1.3742,6.535,0.094098,-1.1253,0.026542
6.541,1.9829,-0.24544,-1.51,6.545,0.080048,-1.0618,0.055253
6.551,2.0061,-0.10932,-1.5179,6.555,0.07455,-0.9915,0.064416
6.561,2.0179,-0.050352,-1.5698,6.565,0.066609,-0.93408,0.055253
6.571,1.9593,-0.065549,-1.6437,6.575,0.061722,-0.8846,0.049755
6.581,1.8135,-0.13523,-1.5316,6.585,0.051337,-0.82046,0.060751
6.591,1.6869,-0.2422,-1.2796,6.595,0.040342,-0.71844,0.087629
6.601,1.6482,-0.32267,-0.99191,6.605,0.029957,-0.59261,0.11267
6.611,1.542,-0.36287,-0.88556,6.615,0.022016,-0.46799,0.14138
6.621,1.5619,-0.37551,-0.83103,6.625,0.016518,-0.35009,0.1481
6.631,1.5129,-0.34491,-0.82183,6.635,0.006744,-0.24197,0.1481
6.641,1.3799,-0.15597,-0.92734,6.645,-0.0011973,-0.15706,0.13894
6.651,1.0299,-0.15813,-0.87199,6.655,-0.0054734,-0.090475,0.13161
6.661,0.85614,-0.21446,-0.82103,6.665,-0.011582,-0.03733,0.13711
6.671,0.77025,-0.28464,-0.79756,6.675,-0.019523,0.034752,0.14994
6.681,0.71805,-0.34757,-0.7818,6.685,-0.031741,0.088508,0.17376
6.691,0.64604,-0.3472,-0.77794,6.695,-0.046401,0.1441,0.20369
6.701,0.62243,-0.35846,-0.67014,6.705,-0.044569,0.18747,0.22446
6.711,0.67133,-0.30001,-0.67774,6.715,-0.050677,0.20518,0.2324
6.721,0.61483,-0.28649,-0.64092,6.725,-0.053732,0.22656,0.24829
6.731,0.6587,-0.24201,-0.66848,6.735,-0.061791,0.24646,0.2606
6.741,0.7634,-0.16828,-0.66754,6.745,-0.084275,0.28215,0.27028
6.751,0.76018,-0.13534,-0.59013,6.755,-0.10382,0.3243,0.26844
6.761,0.78868,-0.013849,-0.52581,6.765,-0.12704,0.37439,0.26295
6.771,0.89785,0.079193,-0.41527,6.775,-0.14414,0.41899,0.24462
6.781,0.90105,0.09446,-0.27078,6.785,-0.1588,0.43853,0.22935
6.791,0.91237,0.11268,-0.17876,6.795,-0.17224,0.44342,0.20919
6.801,0.98225,0.11434,0.020063,6.805,-0.18201,0.44892,0.17315
6.811,0.84483,0.017931,0.22494,6.815,-0.18521,0.48173,0.14251
6.821,0.73171,0.014553,0.4828,6.825,-0.1698,0.56437,0.098013
6.831,0.52656,-0.022442,0.55106,6.835,-0.15147,0.63035,0.064416
6.841,0.35947,-0.055515,0.5172,6.845,-0.1307,0.67738,0.035094
6.851,-0.091908,-0.25119,0.29695,6.855,-0.12704,0.69143,0.017379
6.861,-0.3276,-0.15149,-0.16861,6.865,-0.14047,0.64684,0.0045509
6.871,-0.76354,-0.056601,-0.4399,6.875,-0.15208,0.58209,-0.004612
6.881,-1.0561,0.15103,-0.48628,6.885,-0.15147,0.51611,-0.004612
6.891,-1.3992,0.28437,-0.17101,6.895,-0.14292,0.50206,-0.0064446
6.901,-1.4619,0.44486,-0.03323,6.905,-0.12826,0.49779,-0.009499
6.911,-1.5602,0.43379,0.033381,6.915,-0.10875,0.49055,-0.012927
6.921,-1.7446,0.31382,0.20576,6.925,-0.069003,0.52833,-0.00033598
6.931,-1.7733,0.0015748,0.3877,6.935,-0.034795,0.57537,0.014936
6.941,-1.7038,-0.16371,0.3057,6.945,0.006744,0.60713,0.014936
6.951,-1.5288,-0.25417,0.093419,6.955,0.052559,0.64562,0.033872
6.961,-1.5234,-0.28829,-0.1501,6.965,0.06722,0.66761,0.038759
6.971,-1.5439,-0.18271,-0.38174,6.975,0.047061,0.69388,0.055253
6.981,-1.3725,0.17554,-0.38048,6.985,0.033011,0.71953,0.059529
6.991,-1.208,0.55133,-0.36068,6.995,0.033011,0.73603,0.041814
7.001,-1.1138,0.84399,-0.34542,7.005,0.04645,0.73419,0.010049
7.011,-1.217,0.91321,-0.37719,7.015,0.053781,0.73969,-0.016829
7.021,-1.2924,0.91116,-0.43056,7.025,0.050726,0.76229,-0.037599
7.031,-1.4943,0.79962,-0.4671,7.035,0.043396,0.79589,-0.041264
7.041,-1.6199,0.63077,-0.67819,7.045,0.034844,0.82582,-0.035155
7.051,-1.7493,0.51759,-0.90475,7.055,0.030568,0.83987,-0.026603
7.061,-1.7226,0.3883,-1.1323,7.065,0.020794,0.82277,-0.01744
7.071,-1.7446,0.3913,-1.3951,7.075,0.0091874,0.78856,-0.022938
7.081,-1.691,0.45199,-1.5067,7.085,-0.018302,0.75374,-0.033934
7.091,-1.6985,0.55186,-1.2988,7.095,-0.046401,0.68655,-0.064477
7.101,-1.6536,0.68761,-1.15,7.105,-0.054953,0.65234,-0.091355
7.111,-1.6053,0.70531,-1.0149,7.115,-0.05984,0.61752,-0.11029
7.121,-1.5143,0.68481,-1.0673,7.125,-0.048845,0.58025,-0.12251
7.131,-1.4694,0.58425,-1.185,7.135,-0.039682,0.55277,-0.12373
7.141,-1.4573,0.46586,-1.2771,7.145,-0.034795,0.53139,-0.10418
7.151,-1.3297,0.31391,-1.368,7.155,-0.034795,0.49779,-0.082192
7.161,-1.2531,0.14421,-1.3159,7.165,-0.028075,0.48801,-0.049816
7.171,-1.1072,-0.1099,-1.1107,7.175,-0.022578,0.48007,-0.021716
7.181,-0.90283,-0.2062,-0.95806,7.185,-0.0030299,0.48374,-0.0052229
7.191,-0.74802,-0.21762,-0.66141,7.195,0.013463,0.50451,-0.0052229
7.201,-0.52808,-0.11828,-0.45287,7.205,0.028124,0.52833,-0.022938
7.211,-0.34134,0.024884,-0.55504,7.215,0.016518,0.53688,-0.046762
7.221,-0.2168,0.0016513,-0.69994,7.225,0.006744,0.54177,-0.062033
7.231,-0.21515,-0.068703,-0.75462,7.235,0.006744,0.532,-0.062033
7.241,-0.3033,-0.091191,-0.76544,7.245,0.0091874,0.53077,-0.03882
7.251,-0.37195,-0.095653,-0.64171,7.255,0.022016,0.54177,-0.022938
7.261,-0.43898,-0.0017517,-0.54994,7.265,0.033622,0.54849,-0.013775
7.271,-0.49249,0.00071502,-0.55659,7.275,0.040952,0.55215,-0.011942
7.281,-0.53616,-0.0027195,-0.61657,7.285,0.035455,0.55093,-0.016829
7.291,-0.51624,-0.059151,-0.71946,7.295,0.01774,0.54177,-0.022938
7.301,-0.51423,-0.038129,-0.79113,7.305,-0.0042516,0.53322,-0.029047
7.311,-0.51223,0.041093,-0.85063,7.315,-0.027465,0.54055,-0.033323
7.321,-0.46223,0.12589,-0.9984,7.325,-0.02889,0.55375,-0.029894
7.331,-0.42062,0.20642,-1.2084,7.335,-0.073279,0.53444,-0.051649
7.341,-0.47032,0.2831,-1.3074,7.345,-0.086718,0.4984,-0.05287
7.351,-0.5026,0.39143,-1.259,7.355,-0.089773,0.44831,-0.048594
7.361,-0.53307,0.39066,-1.1002,7.365,-0.08061,0.39761,-0.03882
7.371,-0.42046,0.27915,-1.1147,7.375,-0.068392,0.3408,-0.032712
7.381,-0.087219,0.062975,-1.393,7.385,-0.086718,0.24122,-0.046151
7.391,0.27915,-0.13562,-1.6226,7.395,-0.10749,0.18991,-0.058368
7.401,0.46277,-0.291,-1.4966,7.405,-0.11421,0.17525,-0.056536
7.411,0.50149,-0.39714,-1.2334,7.415,-0.11299,0.18258,-0.040653
7.421,0.5538,-0.46248,-0.99506,7.425,-0.10443,0.20274,-0.027214
7.431,0.60852,-0.46481,-0.89914,7.435,-0.094049,0.22656,-0.018051
7.441,0.60135,-0.35491,-0.95721,7.445,-0.079999,0.25222,-0.013164
7.451,0.50068,-0.20162,-1.0458,7.455,-0.062895,0.26016,-0.012553
7.461,0.32356,-0.079928,-1.0399,7.465,-0.034184,0.25039,-0.0052229
7.471,0.18834,-0.0050361,-0.86998,7.475,-0.018302,0.22412,-0.0052229
7.481,0.13434,0.058366,-0.76837,7.485,-0.0066951,0.21068,-0.01011
7.491,0.028909,0.17556,-0.47357,7.495,0.016518,0.21679,-0.013164
7.501,-0.25103,-0.083705,-0.56629,7.505,0.022626,0.20274,-0.0088881
7.511,-0.1779,-0.28715,-0.73237,7.515,0.028735,0.14532,-0.0082772
7.521,-0.15331,-0.41465,-0.79903,7.525,0.035455,0.10378,-0.01011
7.531,-0.21188,-0.45422,-0.74442,7.535,0.043577,0.086085,-0.0062859
7.541,-0.41797,-0.31655,-0.86574,7.545,0.043396,0.057965,-0.00094685
7.551,-0.46636,-0.18773,-0.97041,7.555,0.040342,0.0097067,0.01127
7.561,-0.36337,-0.054356,-1.039,7.565,0.036676,-0.045882,0.01799
7.571,-0.1898,0.052075,-0.95633,7.575,0.034844,-0.095362,0.021655
7.581,-0.030376,0.20503,-0.87414,7.585,0.037898,-0.11247,0.016157
7.591,0.16649,0.41478,-0.86844,7.595,0.047061,-0.12224,0.0039401
7.601,0.31176,0.50385,-1.0448,7.605,0.050115,-0.1424,-0.0070555
7.611,0.39351,0.43446,-1.0148,7.615,0.045839,-0.15584,-0.011332
7.621,0.42664,0.25047,-0.86546,7.625,0.036676,-0.15034,-0.0076664
7.631,0.38648,0.034942,-0.68415,7.635,0.030997,-0.13955,-0.00058369
7.641,0.2576,-0.21118,-0.60502,7.645,0.0324,-0.1143,0.016157
7.651,0.12471,-0.38333,-0.68674,7.655,0.040952,-0.11491,0.038149
7.661,0.055724,-0.45585,-0.76431,7.665,0.047061,-0.14484,0.071746
7.671,0.059916,-0.41531,-0.82558,7.675,0.048894,-0.16195,0.082742
7.681,0.14087,-0.23689,-0.81239,7.685,0.04645,-0.17844,0.079687
7.691,0.2064,0.022175,-0.68586,7.695,0.040342,-0.18394,0.057085
7.701,0.20144,0.24172,-0.53572,7.705,0.037898,-0.17966,0.035094
7.711,0.12238,0.37274,-0.50942,7.715,0.025681,-0.17844,0.014325
7.721,0.051739,0.42302,-0.50767,7.725,0.014685,-0.18882,-0.0064446
7.731,-0.054898,0.41701,-0.56303,7.735,0.013617,-0.19009,-0.01506
7.741,-0.12161,0.32195,-0.55537,7.745,-0.0042516,-0.23647,-0.014997
7.751,-0.19269,0.16315,-0.54395,7.755,-0.014025,-0.26457,-0.0082772
7.761,-0.22006,0.040631,-0.51489,7.765,-0.015247,-0.29267,0.0033292
7.771,-0.19338,0.055215,-0.51517,7.775,-0.010971,-0.31466,0.0094379
7.781,-0.25156,0.23278,-0.50581,7.785,2.4433e-05,-0.33482,0.008827
7.791,-0.39104,0.26845,-0.55108,7.795,0.01774,-0.35437,0.0051618
7.801,-0.52994,0.29893,-0.70318,7.805,0.026292,-0.41057,0.0057727
7.811,-0.62696,0.2754,-0.89588,7.815,0.031179,-0.47288,0.0057727
7.821,-0.71197,0.21229,-0.91561,7.825,0.029957,-0.54007,0.011881
7.831,-0.81476,0.082881,-0.90928,7.835,0.031179,-0.59933,0.019212
7.841,-0.90765,-0.064655,-0.97221,7.845,0.03912,-0.65614,0.030207
7.851,-0.91867,-0.1712,-1.0959,7.855,0.049505,-0.71722,0.039981
7.861,-0.91953,-0.10892,-1.2489,7.865,0.044007,-0.78381,0.039981
7.871,-0.99033,0.015682,-1.2715,7.875,0.019572,-0.84306,0.031429
7.881,-1.1214,0.12019,-1.2264,7.885,-0.0048625,-0.89865,0.022877
7.891,-1.2407,0.22477,-1.127,7.895,-0.013415,-0.94569,0.019212
7.901,-1.3984,0.34411,-1.0834,7.905,-0.010971,-1.0037,0.013103
7.911,-1.5273,0.45154,-1.0374,7.915,-0.0079168,-1.0813,0.0045509
7.921,-1.6834,0.51098,-0.84228,7.925,-0.014636,-1.1625,-0.012553
7.931,-1.8414,0.44529,-0.46367,7.935,-0.032351,-1.2346,-0.029047
7.941,-1.9282,0.37936,-0.14734,7.945,-0.075112,-1.2768,-0.041264
7.951,-1.8563,0.28229,0.45574,7.955,-0.097103,-1.2688,-0.05226
7.961,-1.6335,0.28109,0.84743,7.965,-0.11482,-1.2401,-0.079138
7.971,-1.496,0.25631,1.1128,7.975,-0.12704,-1.1955,-0.10357
7.981,-1.5089,0.11383,1.1485,7.985,-0.13376,-1.1528,-0.096242
7.991,-1.5814,-0.0027125,0.99417,7.995,-0.1478,-1.1149,-0.079138
8.001,-1.5216,-0.025497,0.79276,8.005,-0.16124,-1.0905,-0.067531
8.011,-1.3285,0.10228,0.73335,8.015,-0.16308,-1.0764,-0.080359
8.021,-1.1672,0.29536,0.77423,8.025,-0.16124,-1.0721,-0.11396
8.031,-1.1466,0.44025,0.69189,8.035,-0.18201,-1.0923,-0.139
8.041,-1.2314,0.29598,0.653,8.045,-0.20945,-1.1088,-0.15
8.051,-1.2599,0.038761,0.81029,8.055,-0.25715,-1.1076,-0.14817
8.061,-1.1387,-0.32201,1.5628,8.065,-0.25715,-1.0618,-0.14694
8.071,-0.93253,-0.25799,1.7804,8.075,-0.2205,-1.0123,-0.15733
8.081,-0.69433,-0.21606,1.8114,8.085,-0.17468,-0.99333,-0.14511
8.091,-0.28347,-0.18685,1.8573,8.095,-0.12887,-1.0141,-0.13228
8.101,0.11384,-0.17872,2.1641,8.105,-0.12948,-0.96035,-0.1445
8.111,0.1802,-0.37441,2.496,8.115,-0.12459,-0.84062,-0.15855
8.121,0.27534,-0.55551,2.5476,8.125,-0.12642,-0.70562,-0.15916
8.131,0.36899,-0.70752,2.6234,8.135,-0.10688,-0.57306,-0.15
8.141,0.30341,-0.85634,2.4747,8.145,-0.092101,-0.52345,-0.15297
8.151,0.27432,-0.974,2.521,8.155,0.0012462,-0.48204,-0.05226
8.161,0.3232,-0.75995,2.8776,8.165,0.070885,-0.38858,0.00088575
8.171,0.32141,-0.59905,3.0222,8.175,0.14541,-0.24136,0.039981
8.181,0.44177,-0.48226,2.541,8.185,0.20161,-0.15034,0.062583
8.191,0.66583,-0.29974,2.0207,8.195,0.22971,-0.08681,0.057085
8.201,0.71676,-0.22976,1.6478,8.205,0.24254,-0.048326,0.010049
8.211,0.52461,-0.3059,1.3439,8.215,0.25842,-0.053823,-0.039431
8.221,0.16334,-0.3496,1.2816,8.225,0.26881,-0.059321,-0.091355
8.231,-0.20073,-0.41591,1.1688,8.235,0.29019,-0.070928,-0.13778
8.241,-0.45115,-0.28541,0.90867,8.245,0.27308,-0.12346,-0.14878
8.251,-0.32191,0.0077131,0.55318,8.255,0.2346,-0.18882,-0.15855
8.261,0.14669,0.39789,0.55102,8.265,0.22788,-0.23586,-0.18909
8.271,0.57815,0.64845,0.82999,8.275,0.22543,-0.25174,-0.22086
8.281,0.90841,0.79943,0.79574,8.285,0.19794,-0.23403,-0.22636
8.291,0.97048,0.78505,0.61545,8.295,0.1503,-0.1705,-0.19337
8.301,0.42738,0.59863,0.21916,8.305,0.092876,-0.096584,-0.13656
8.311,0.40901,0.43541,-0.015717,8.315,0.071496,-0.062375,-0.088911
8.321,0.10206,0.029257,0.038168,8.325,0.070885,-0.066041,-0.063866
8.331,0.26261,-0.35439,-0.045703,8.335,0.071496,-0.084977,-0.046762
8.341,0.99738,-0.703,-0.15412,8.345,0.058057,-0.097195,-0.046762
8.351,1.1288,-0.79396,-0.048536,8.355,0.034022,-0.10257,-0.063777
8.361,1.4724,-0.13636,-0.71064,8.365,-0.015858,-0.13812,-0.11884
8.371,0.96408,0.15746,-0.85622,8.375,-0.12398,-0.16439,-0.19154
8.381,0.57971,0.37098,-0.93029,8.385,-0.18934,-0.17172,-0.20803
8.391,0.27463,0.34065,-0.88359,8.395,-0.22538,-0.17477,-0.18665
8.401,0.24392,0.10318,-0.5934,8.405,-0.21378,-0.16989,-0.13412
8.411,0.54962,-0.33233,-0.34683,8.415,-0.17713,-0.13934,-0.089522
8.421,0.91691,-0.66538,-0.29,8.425,-0.14719,-0.080091,-0.069975
8.431,1.3176,-0.69722,-0.5895,8.435,-0.15086,0.0084849,-0.075472
8.441,1.3139,-0.60715,-0.6733,8.445,-0.1698,0.09706,-0.07364
8.451,1.1382,-0.32449,-0.85848,8.455,-0.20394,0.1719,-0.057764
8.461,0.93185,0.053285,-0.97199,8.465,-0.23638,0.23389,-0.029658
8.471,0.90755,0.28522,-0.8975,8.475,-0.24738,0.26444,-0.009499
8.481,1.1244,0.28863,-0.6379,8.485,-0.24371,0.29865,-0.0021686
8.491,1.1777,0.098765,-0.53845,8.495,-0.23394,0.32491,-0.0064446
8.501,1.2772,-0.26341,-0.5385,8.505,-0.20828,0.36523,-0.01011
8.511,1.1351,-0.72048,-0.35339,8.515,-0.16674,0.48435,0.021655
8.521,1.1953,-0.74555,-0.39846,8.525,-0.14353,0.58025,0.050977
8.531,0.95916,-0.66385,-0.26095,8.535,-0.10321,0.65783,0.054642
8.541,1.1704,-0.55788,-0.17711,8.545,-0.061673,0.7287,0.040592
8.551,1.3137,-0.46905,-0.19644,8.555,-0.040648,0.74997,0.026383
8.561,1.1773,-0.40023,-0.35957,8.565,-0.047623,0.84476,0.03204
8.571,1.0609,-0.35733,-0.24973,8.575,-0.055564,0.93211,0.050366
8.581,1.0152,-0.35713,-0.029223,8.585,-0.04518,1.0201,0.07419
8.591,0.90772,-0.33179,0.12958,8.595,-0.026243,1.0854,0.10412
8.601,0.90193,-0.2329,0.31077,8.605,0.0010134,1.1494,0.13326
8.611,0.96316,-0.04474,0.41018,8.615,0.023848,1.2406,0.15482
8.621,1.137,0.048156,0.43734,8.625,0.042174,1.317,0.15971
8.631,1.4716,-0.085988,0.82386,8.635,0.066609,1.3958,0.14933
8.641,1.6106,-0.2496,0.75612,8.645,0.089211,1.4843,0.13344
8.651,1.4466,-0.48509,0.54351,8.655,0.12586,1.5931,0.10046
8.661,1.3232,-0.54279,0.33836,8.665,0.15213,1.634,0.096792
8.671,1.5207,-0.3812,0.21741,8.675,0.17534,1.678,0.10168
8.681,1.809,-0.098668,0.18995,8.685,0.20161,1.7513,0.11878
8.691,1.9729,0.23055,0.038341,8.695,0.2236,1.8478,0.15238
8.701,1.7699,0.57873,-0.24369,8.705,0.2346,1.9333,0.19575
8.711,1.3738,0.65687,-0.32791,8.715,0.23521,1.9694,0.23851
8.721,0.876,0.51762,-0.13636,8.725,0.21627,1.9608,0.27822
8.731,0.42492,0.44455,-0.032451,8.735,0.17718,1.8881,0.29654
8.741,0.18884,0.43349,0.15714,8.745,0.1393,1.747,0.28188
8.751,0.15369,0.39434,0.53824,8.755,0.1167,1.6096,0.2434
8.761,0.16791,0.33411,0.7498,8.765,0.10648,1.5143,0.20399
8.771,0.30448,0.3881,0.6974,8.775,0.086767,1.4098,0.16521
8.781,0.42751,0.50142,0.62776,8.785,0.061111,1.3237,0.13711
8.791,0.40279,0.63824,0.68462,8.795,0.019572,1.2137,0.12306
8.801,0.1424,0.69852,0.93463,8.805,2.4433e-05,1.1435,0.13528
8.811,-0.052763,0.81735,1.4236,8.815,-0.014025,1.0934,0.14749
8.821,-0.29985,0.69426,1.6085,8.825,-0.016469,1.0494,0.15238
8.831,-0.51754,0.56413,1.7437,8.835,-0.01036,1.0066,0.1536
8.841,-0.57658,0.4075,1.7224,8.845,2.4433e-05,0.98098,0.14933
8.851,-0.45762,0.23362,1.6868,8.855,0.014074,0.95777,0.13772
8.861,-0.27809,0.095973,1.4635,8.865,0.021399,0.94266,0.12087
8.871,-0.24172,-0.015556,1.1239,8.875,0.016518,0.92417,0.10962
8.881,-0.24083,-0.051421,0.7797,8.885,-0.00058643,0.92417,0.11206
8.891,-0.226,0.026448,0.57535,8.895,-0.014025,0.9425,0.12184
8.901,-0.091526,0.11786,0.45797,8.905,-0.025021,0.94677,0.13039
8.911,-0.073505,0.15074,0.38674,8.915,-0.037849,0.95655,0.14749
8.921,-0.048396,0.19049,0.33098,8.925,-0.053732,0.95716,0.1646
8.931,0.0097609,0.2143,0.25736,8.935,-0.070225,0.94983,0.17681
8.941,0.006423,0.20515,0.048342,8.945,-0.086718,0.92845,0.17498
8.951,-0.026632,0.18679,-0.26946,8.955,-0.097714,0.88385,0.16277
8.961,0.014876,0.1531,-0.45369,8.965,-0.10169,0.85431,0.15645
8.971,0.0010109,0.14424,-0.43348,8.975,-0.10566,0.77451,0.12917
8.981,0.082927,0.16009,-0.4175,8.985,-0.090994,0.73664,0.11573
8.991,0.18429,0.13713,-0.27529,8.995,-0.076945,0.70915,0.097402
9.001,0.22759,0.13603,-0.18892,9.005,-0.065949,0.67372,0.080298
9.011,0.23532,0.11395,-0.097891,9.015,-0.074501,0.64073,0.068081
9.021,0.11422,0.079224,-0.064776,9.025,-0.089162,0.60347,0.064416
9.031,-0.038828,0.05325,-0.053431,9.035,-0.10138,0.54299,0.07419
9.041,-0.23644,0.0073337,-0.0045428,9.045,-0.10688,0.47396,0.088239
9.051,-0.28988,-0.0045607,0.11267,9.055,-0.08794,0.41288,0.097402
9.061,-0.31145,-0.01963,0.14032,9.065,-0.065949,0.35423,0.098013
9.071,-0.27522,-0.037827,0.16417,9.075,-0.051899,0.28948,0.076022
9.081,-0.16508,0.027004,0.2898,9.085,-0.042736,0.26322,0.050366
9.091,-0.086145,0.088991,0.34905,9.095,-0.04579,0.22901,0.023488
9.101,-0.074303,0.11515,0.34898,9.105,-0.05251,0.19907,0.0014966
9.111,-0.21562,-0.010003,0.35515,9.115,-0.056786,0.17281,0.0033292
9.121,-0.36375,-0.20054,0.40673,9.125,-0.049456,0.15143,0.013714
9.131,-0.43938,-0.34109,0.48618,9.135,-0.035406,0.1331,0.023488
9.141,-0.42198,-0.42947,0.55235,9.145,-0.015247,0.12394,0.028375
9.151,-0.40112,-0.41605,0.50516,9.155,-0.007306,0.10622,0.030207
9.161,-0.36752,-0.30916,0.52379,9.165,-0.0011973,0.086676,0.024709
9.171,-0.31216,-0.23012,0.56709,9.175,-0.0018286,0.070444,0.0097773
9.181,-0.1993,-0.077852,0.49949,9.185,-0.010971,0.046359,-0.0033903
9.191,-0.23734,-0.069721,0.37222,9.195,-0.022578,0.028033,-0.011942
9.201,-0.27613,-0.12658,0.30419,9.205,-0.033573,-0.00067806,-0.01744
9.211,-0.34232,-0.19063,0.32017,9.215,-0.037238,-0.03,-0.01744
9.221,-0.33409,-0.18743,0.38655,9.225,-0.026698,-0.066973,-0.015159
9.231,-0.32485,-0.16285,0.40362,9.235,-0.0091385,-0.09353,-0.014386
9.241,-0.26745,-0.12264,0.31974,9.245,0.0006353,-0.11552,-0.013775
9.251,-0.17567,-0.082233,0.17001,9.255,0.0036896,-0.14484,-0.016218
9.261,-0.096766,-0.0061031,0.057472,9.265,0.0036896,-0.176,-0.025992
9.271,-0.04281,0.057272,-0.040454,9.275,-0.0020763,-0.19591,-0.033574
9.281,-0.083108,0.10085,-0.0534,9.285,-0.0036408,-0.24808,-0.05226
9.291,-0.12159,0.094793,-0.003566,9.295,-0.0030299,-0.27862,-0.062644
9.301,-0.14093,0.068347,0.027597,9.305,0.0043005,-0.30917,-0.069364
9.311,-0.16731,-0.0079964,0.065008,9.315,0.010409,-0.33116,-0.063866
9.321,-0.14504,-0.069387,0.15287,9.325,0.019572,-0.34582,-0.061423
9.331,-0.15404,-0.08862,0.15999,9.335,0.026292,-0.36353,-0.063866
9.341,-0.17548,-0.067389,0.094235,9.345,0.033622,-0.38736,-0.064477
9.351,-0.20611,-0.035651,0.010442,9.355,0.036676,-0.43867,-0.06692
9.361,-0.20018,0.018341,-0.014687,9.365,0.031789,-0.4796,-0.076083
9.371,-0.14374,0.12538,-0.02007,9.375,0.028735,-0.51747,-0.089522
9.381,-0.11966,0.19464,-0.029751,9.385,0.028735,-0.56206,-0.10174
9.391,-0.13148,0.18728,-0.027975,9.395,0.022626,-0.5981,-0.10663
9.401,-0.16937,0.10362,0.00038385,9.405,0.021405,-0.63048,-0.10479
9.411,-0.23544,0.0034454,0.12627,9.415,0.022626,-0.65736,-0.09502
9.421,-0.22629,-0.095693,0.24932,9.425,0.0324,-0.67141,-0.082192
9.431,-0.17513,-0.13634,0.21793,9.435,0.03912,-0.69645,-0.073029
9.441,-0.18529,-0.087646,0.088258,9.445,0.042683,-0.72875,-0.07037
9.451,-0.19841,0.024599,0.13183,9.455,0.040952,-0.78442,-0.077916
9.461,-0.2088,0.1146,0.19525,9.465,0.035455,-0.85528,-0.096853
9.471,-0.22079,0.16211,0.19006,9.475,0.032502,-0.93737,-0.11517
9.481,-0.23573,0.14237,0.18797,9.485,0.031488,-1.0282,-0.1337
9.491,-0.25249,0.024286,0.32561,9.495,0.02507,-1.1155,-0.1445
9.501,-0.29191,-0.0055327,0.41221,9.505,0.014685,-1.2371,-0.13961
9.511,-0.30176,0.046112,0.54818,9.515,0.0085765,-1.3269,-0.12984
9.521,-0.242,0.15582,0.57653,9.525,0.006744,-1.402,-0.12373
9.531,-0.01816,0.25616,0.57418,9.535,-0.0011973,-1.482,-0.13228
9.541,0.0038137,0.27886,0.75454,9.545,-0.015247,-1.573,-0.13778
9.551,0.062043,0.28045,0.98761,9.555,-0.020134,-1.6628,-0.14328
9.561,0.11991,0.31218,1.0796,9.565,-0.028686,-1.7661,-0.14939
9.571,0.13449,0.22937,1.3088,9.575,-0.035406,-1.8907,-0.14939
9.581,0.060859,0.2391,1.4489,9.585,-0.0339,-1.9736,-0.14498
9.591,0.23989,-0.13001,1.6275,9.595,-0.025021,-2.1008,-0.12984
9.601,0.56238,-0.20713,1.471,9.605,-0.026854,-2.1912,-0.12556
9.611,0.89315,-0.089538,1.2243,9.615,-0.032962,-2.2786,-0.14328
9.621,1.5185,0.15156,1.1169,9.625,-0.041514,-2.3342,-0.19154
9.631,2.1134,0.090866,0.7651,9.635,-0.04518,-2.3904,-0.23246
9.641,2.1299,-0.22328,0.58295,9.645,-0.023799,-2.3989,-0.18848
9.651,2.1089,-0.48405,0.60486,9.655,-0.0066951,-2.2988,-0.12251
9.661,2.6036,-0.45273,0.59314,9.665,0.014074,-2.1491,-0.086468
9.671,3.2265,-0.20737,0.45511,9.675,0.045228,-1.9664,-0.064477
9.681,3.5219,0.24247,0.20152,9.685,0.062383,-1.8448,-0.056084
9.691,3.6841,0.47495,-0.32726,9.695,0.052559,-1.537,-0.065699
9.701,3.742,0.34337,-0.50091,9.705,0.055613,-1.3702,-0.058368
9.711,3.3794,-0.072034,-0.62934,9.715,0.06783,-1.2291,-0.025992
9.721,2.8643,-0.46665,-0.81654,9.725,0.06783,-1.1063,0.019823
9.731,2.5148,-0.65375,-1.0035,9.735,0.083102,-1.0135,0.058918
9.741,2.1108,-0.67358,-1.1878,9.745,0.11481,-0.9642,0.070103
9.751,1.88,-0.56476,-1.298,9.755,0.1619,-0.93652,0.051588
9.761,1.515,-0.35116,-1.3342,9.765,0.19061,-0.90476,0.034483
9.771,1.4118,-0.29905,-1.2465,9.775,0.20528,-0.851,0.038759
9.781,1.4344,-0.24871,-1.2453,9.785,0.19672,-0.76304,0.073579
9.791,1.4752,-0.2215,-1.2373,9.795,0.15946,-0.62743,0.091905
9.801,1.6077,-0.20957,-1.187,9.805,0.13564,-0.53702,0.099846
9.811,1.728,-0.1734,-1.146,9.815,0.10998,-0.42523,0.09557
9.821,1.7078,-0.11052,-1.0807,9.825,0.080659,-0.29939,0.096181
9.831,1.5099,-0.10554,-1.0751,9.835,0.050726,-0.15095,0.10779
9.841,1.1851,-0.13943,-1.0927,9.845,0.024459,-0.015339,0.12795
9.851,0.759,-0.16101,-1.217,9.855,0.0006353,0.086676,0.15543
9.861,0.47992,-0.13963,-1.2063,9.865,-0.0077828,0.13993,0.17099
9.871,0.23368,-0.080955,-1.1019,9.875,-0.0066951,0.18197,0.17681
9.881,0.19892,-0.031499,-1.0241,9.885,-0.01036,0.21374,0.17437
9.891,0.20995,0.0031678,-1.1371,9.895,-0.034427,0.20987,0.17173
9.901,0.20793,-0.03846,-0.77705,9.905,-0.050067,0.17831,0.16704
9.911,0.19859,-0.077202,-0.5768,9.915,-0.070225,0.19113,0.16826
9.921,0.21294,-0.082493,-0.48606,9.925,-0.098936,0.21312,0.1701
9.931,0.30469,-0.042694,-0.36911,9.935,-0.13925,0.27116,0.16704
9.941,0.33798,-0.0099483,-0.21388,9.945,-0.16002,0.32308,0.15849
9.951,0.28412,-0.017686,-0.12204,9.955,-0.16613,0.39211,0.16154
9.961,0.337,-0.07906,-0.089916,9.965,-0.17102,0.41471,0.16093
9.971,0.34415,-0.12128,-0.13689,9.975,-0.16247,0.41899,0.15299
9.981,0.48533,-0.14248,0.083252,9.985,-0.14231,0.41715,0.12245
9.991,0.47201,-0.23436,0.20224,9.995,-0.12742,0.42842,0.095754
10.001,0.40692,-0.23533,0.30845,10.005,-0.12154,0.48557,0.06747
10.011,0.37337,-0.2242,0.35727,10.015,-0.12337,0.5265,0.03937
10.021,0.30701,-0.1918,0.35178,10.025,-0.11848,0.58942,0.008827
10.031,0.21838,-0.17777,0.58665,10.035,-0.092216,0.6505,-0.015608
10.041,-0.34364,-0.14768,-0.1796,10.045,-0.070836,0.65295,-0.036377
10.051,-0.72335,-0.097588,-0.4042,10.055,-0.073279,0.61691,-0.03882
10.061,-1.0723,-0.064315,-0.41017,10.065,-0.072058,0.58331,-0.019884
10.071,-1.4096,-0.023079,-0.19096,10.075,-0.047623,0.58025,0.0063835
10.081,-1.3896,0.11307,-0.27991,10.085,-0.027465,0.5772,0.01799
10.091,-1.5487,0.13072,-0.11229,10.095,-0.016427,0.571,0.027424
10.101,-1.5723,0.20396,0.010784,10.105,0.020794,0.59492,0.04609
10.111,-1.5166,0.25178,0.097115,10.115,0.033011,0.6444,0.052198
10.121,-1.5447,0.31196,0.012065,10.125,0.033622,0.67311,0.049755
10.131,-1.4949,0.37034,0.02626,10.135,0.029346,0.70365,0.054031
10.141,-1.4652,0.44671,0.028429,10.145,0.034233,0.75191,0.050977
10.151,-1.4474,0.48163,-0.10036,10.155,0.02507,0.81238,0.042425
10.161,-1.379,0.50911,-0.30484,10.165,0.0073548,0.86858,0.024099
10.171,-1.4277,0.5317,-0.4835,10.175,-0.0060842,0.92112,0.0039401
10.181,-1.5264,0.49306,-0.58903,10.185,-0.0085277,0.95533,-0.014386
10.191,-1.6544,0.42823,-0.8167,10.195,-0.0011973,0.97487,-0.032712
10.201,-1.7152,0.41366,-1.09,10.205,0.0036896,0.96082,-0.040042
10.211,-1.8643,0.4542,-1.2602,10.215,0.012853,0.92906,-0.047373
10.221,-2.0816,0.44442,-1.243,10.225,0.0324,0.91012,-0.046762
10.231,-2.1692,0.4403,-1.2168,10.235,0.050726,0.89546,-0.044929
10.241,-2.285,0.35967,-1.2206,10.245,0.059278,0.87652,-0.03882
10.251,-2.3204,0.31684,-1.3344,10.255,0.061111,0.83987,-0.034544
10.261,-2.3627,0.28539,-1.3951,10.265,0.064776,0.79284,-0.025381
10.271,-2.2756,0.29446,-1.4226,10.275,0.084324,0.7403,-0.022938
10.281,-2.137,0.2562,-1.4056,10.285,0.10631,0.6786,-0.022938
10.291,-1.9184,0.30052,-1.5043,10.295,0.11365,0.61569,-0.027214
10.301,-1.6772,0.30847,-1.5953,10.305,0.10824,0.58752,-0.02818
10.311,-1.4385,0.32464,-1.625,10.315,0.085546,0.52222,-0.029658
10.321,-1.1724,0.30005,-0.9897,10.325,0.083102,0.50878,-0.024771
10.331,-0.77916,0.057927,-0.8459,10.335,0.091654,0.52467,-0.0082772
10.341,-0.62605,-0.046251,-0.80095,10.345,0.10262,0.54547,0.0095619
10.351,-0.35155,-0.055612,-0.92141,10.355,0.11303,0.61446,0.032651
10.361,-0.14705,0.00073957,-1.025,10.365,0.11059,0.61324,0.028986
10.371,-0.099174,0.035314,-0.95124,10.375,0.1112,0.6053,0.014936
10.381,-0.17805,0.011239,-0.85662,10.385,0.11059,0.59675,0.0057727
10.391,-0.27234,0.022319,-0.78176,10.395,0.10082,0.59247,-0.0064446
10.401,-0.39038,0.070588,-0.6793,10.405,0.09104,0.59937,-0.0093891
10.411,-0.38964,0.17082,-0.73647,10.415,0.062333,0.59492,-0.025992
10.421,-0.39721,0.21457,-0.78713,10.425,0.053781,0.5662,-0.027214
10.431,-0.37248,0.16356,-0.88588,10.435,0.047672,0.52894,-0.018662
10.441,-0.34665,0.054935,-0.84936,10.445,0.043396,0.51184,-0.0088881
10.451,-0.33629,-0.089351,-0.76373,10.455,0.051948,0.51489,0.0063835
10.461,-0.37948,-0.14796,-0.8728,10.465,0.051337,0.51734,0.018601
10.471,-0.35065,-0.12366,-0.91359,10.475,0.048894,0.50878,0.021655
10.481,-0.32417,-0.16691,-0.99382,10.485,0.043396,0.50023,0.025931
10.491,-0.32643,-0.12568,-1.0749,10.495,0.031789,0.45564,0.023488
10.501,-0.3758,-0.065362,-1.0458,10.505,0.023848,0.42387,0.021044
10.511,-0.3834,0.020466,-0.9655,10.515,0.022626,0.40127,0.016768
10.521,-0.32441,0.13995,-0.87493,10.525,0.023848,0.38661,0.010049
10.531,-0.2714,0.20512,-0.88928,10.535,0.028124,0.36523,0.0014966
10.541,-0.26532,0.20916,-0.93775,10.545,0.031789,0.33469,-0.0015577
10.551,-0.26923,0.16116,-1.1037,10.555,0.031179,0.28521,-0.0040012
10.561,-0.22716,0.11283,-1.2579,10.565,0.028124,0.22779,-0.00094685
10.571,-0.19428,0.066052,-1.3455,10.575,0.027513,0.1667,0.00027489
10.581,-0.15021,-0.022266,-1.2962,10.585,0.030568,0.11905,0.0082161
10.591,-0.11262,-0.15005,-1.1839,10.595,0.04645,0.088508,0.024709
10.601,-0.032166,-0.3044,-1.2338,10.605,0.043396,0.050635,0.038759
10.611,0.07735,-0.29454,-1.2542,10.615,0.031789,0.022535,0.041203
10.621,0.14107,-0.18975,-1.0576,10.625,0.028735,-6.7193e-05,0.036316
10.631,0.1897,-0.09795,-1.0526,10.635,0.015907,-0.016561,0.014936
10.641,0.23805,-0.020232,-1.216,10.645,0.012853,-0.040995,0.0039401
10.651,0.38062,0.097925,-1.2691,10.655,0.017129,-0.075814,-0.014997
10.661,0.50483,0.20164,-1.1039,10.665,0.01835,-0.086199,-0.034544
10.671,0.52844,0.20486,-0.87457,10.675,0.021405,-0.064819,-0.043707
10.681,0.40402,0.11962,-0.70518,10.685,0.034844,-0.035497,-0.043097
10.691,0.14245,-0.064757,-0.67247,10.695,0.050726,-0.020226,-0.027214
10.701,-0.085385,-0.29005,-0.80352,10.705,0.070274,-0.049547,-0.0064446
10.711,-0.17832,-0.38003,-0.72357,10.715,0.086358,-0.073902,0.01261
10.721,-0.1687,-0.3953,-0.57193,10.725,0.095319,-0.11308,0.030818
10.731,-0.15357,-0.3914,-0.34475,10.735,0.10448,-0.11674,0.051588
10.741,0.0023365,-0.23653,-0.29933,10.745,0.10754,-0.12285,0.061361
10.751,0.10125,-0.11092,-0.21199,10.755,0.1112,-0.11063,0.066248
10.761,0.11079,-0.030643,-0.19321,10.765,0.1112,-0.091697,0.06747
10.771,0.071519,0.052009,-0.3122,10.775,0.11303,-0.09353,0.055864
10.781,-0.019313,0.090596,-0.46119,10.785,0.10143,-0.11186,0.049144
10.791,-0.097173,0.091934,-0.55278,10.795,0.097152,-0.13629,0.03937
10.801,-0.14777,0.11321,-0.61234,10.805,0.096541,-0.16683,0.034483
10.811,-0.17462,0.15118,-0.55993,10.815,0.10082,-0.18638,0.030818
10.821,-0.1779,0.14749,-0.50351,10.825,0.098995,-0.19791,0.034332
10.831,-0.13022,0.021373,-0.52532,10.835,0.092265,-0.21265,0.032651
10.841,-0.074422,-0.012674,-0.53743,10.845,0.090432,-0.22364,0.033872
10.851,-0.060428,-0.053374,-0.52238,10.855,0.086767,-0.23647,0.035094
10.861,-0.077456,-0.064826,-0.51119,10.865,0.093487,-0.25235,0.038149
10.871,-0.1267,-0.066103,-0.50959,10.875,0.10265,-0.26824,0.043646
10.881,-0.13993,-0.057085,-0.58528,10.885,0.11303,-0.28473,0.046701
10.891,-0.23935,-0.068998,-0.97905,10.895,0.11181,-0.30672,0.047312
10.901,-0.33833,-0.086054,-1.1314,10.905,0.10387,-0.34276,0.048533
10.911,-0.43851,-0.047799,-1.2335,10.915,0.091654,-0.38308,0.054031
10.921,-0.53151,-0.010603,-1.3704,10.925,0.064165,-0.46371,0.054642
10.931,-0.62557,0.019288,-1.5129,10.935,0.047061,-0.5303,0.057085
10.941,-0.69555,0.081227,-1.597,10.945,0.026903,-0.59749,0.058307
10.951,-0.77596,0.20515,-1.5921,10.955,-0.0011973,-0.65919,0.059529
10.961,-0.86547,0.37163,-1.5794,10.965,-0.024523,-0.71207,0.063141
10.971,-0.97586,0.50167,-1.6133,10.975,-0.035406,-0.78686,0.072357
10.981,-1.0842,0.5466,-1.5344,10.985,-0.032962,-0.85833,0.083963
10.991,-1.2297,0.51173,-1.4469,10.995,-0.026854,-0.92492,0.096792
11.001,-1.3894,0.41202,-1.3003,11.005,-0.029297,-0.97928,0.10962
11.011,-1.538,0.28848,-1.1105,11.015,-0.029908,-1.0245,0.11878
11.021,-1.6158,0.19795,-1.0012,11.025,-0.036627,-1.0648,0.12184
11.031,-1.7746,0.059345,-0.73351,11.035,-0.042125,-1.1033,0.11817
11.041,-1.89,-0.020915,-0.53632,11.045,-0.047623,-1.143,0.11756
11.051,-2.0074,-0.026471,-0.27402,11.055,-0.046401,-1.1821,0.11695
11.061,-2.0274,0.059193,-0.042545,11.065,-0.029908,-1.2255,0.11573
11.071,-1.9941,0.12829,0.11935,11.075,-0.021356,-1.253,0.11084
11.081,-1.916,0.15406,0.22694,11.085,-0.019523,-1.2756,0.10412
11.091,-1.7859,0.16483,0.39476,11.095,-0.019523,-1.2829,0.093737
11.101,-1.5754,0.21751,0.52252,11.105,-0.035406,-1.2756,0.076022
11.111,-1.3324,0.37764,0.65822,11.115,-0.058619,-1.2462,0.048533
11.121,-1.1838,0.51611,0.64984,11.125,-0.10798,-1.1999,-0.0017094
11.131,-0.87664,0.8314,0.73669,11.135,-0.15086,-1.1668,-0.051038
11.141,-0.78593,0.97497,0.87557,11.145,-0.1947,-1.1306,-0.10722
11.151,-0.8275,0.95552,1.2134,11.155,-0.20156,-1.0721,-0.14572
11.161,-0.87786,1.0053,1.5479,11.165,-0.19301,-1.0049,-0.17871
11.171,-0.88049,0.92893,1.5791,11.175,-0.18873,-0.96218,-0.18543
11.181,-0.6653,0.36755,1.8077,11.185,-0.19362,-0.91759,-0.1726
11.191,-0.35032,0.12414,2.2423,11.195,-0.20034,-0.84917,-0.15488
11.201,0.02893,-0.086021,2.6902,11.205,-0.20339,-0.67507,-0.16527
11.211,0.10849,-0.38651,2.9363,11.215,-0.17881,-0.55429,-0.16966
11.221,0.13388,-0.62483,2.877,11.225,-0.15825,-0.47787,-0.16665
11.231,0.13707,-0.64005,2.6292,11.235,-0.093438,-0.34582,-0.16038
11.241,0.054329,-0.50137,2.4062,11.245,-0.05251,-0.27557,-0.16649
11.251,-0.23686,-0.34213,1.858,11.255,-0.03113,-0.24747,-0.16588
11.261,-0.50649,-0.2776,1.5705,11.265,-0.022578,-0.25297,-0.14755
11.271,-0.59706,-0.15009,1.6537,11.275,-0.027465,-0.23586,-0.12801
11.281,-0.70929,-0.21457,1.8904,11.285,-0.0066951,-0.21876,-0.090744
11.291,-0.4708,-0.22227,1.8591,11.295,0.043396,-0.22548,-0.060812
11.301,-0.036668,-0.066151,1.744,11.305,0.083713,-0.22059,-0.057146
11.311,0.25286,0.035229,1.4765,11.315,0.08188,-0.18516,-0.071196
11.321,0.55394,0.063629,1.1909,11.325,0.066867,-0.16815,-0.082977
11.331,0.60024,0.051696,1.1173,11.335,0.048894,-0.15339,-0.10113
11.341,0.82782,0.29574,0.99483,11.345,0.05317,-0.14606,-0.14083
11.351,0.96376,0.48185,0.74618,11.355,0.05317,-0.13324,-0.18604
11.361,0.95766,0.35422,0.51798,11.365,0.062944,-0.13201,-0.2062
11.371,1.0373,0.17224,0.34336,11.375,0.076383,-0.12591,-0.22391
11.381,1.1618,0.024055,0.25225,11.385,0.10326,-0.12957,-0.20803
11.391,1.0466,-0.19222,0.10547,11.395,0.10693,-0.12713,-0.15061
11.401,0.86982,-0.31608,-0.017785,11.405,0.091043,-0.10758,-0.10418
11.411,1.154,-0.14372,0.091915,11.415,0.069052,-0.05871,-0.11151
11.421,1.0506,0.0093763,0.2373,11.425,0.051337,-0.0080084,-0.15183
11.431,0.99848,0.1713,-0.009014,11.435,0.030568,-0.028778,-0.20131
11.441,0.28097,0.17416,-0.27119,11.445,0.020794,-0.088643,-0.23674
11.451,0.16217,0.10962,-0.46191,11.455,0.01835,-0.15217,-0.25934
11.461,0.42797,-0.059726,-0.40719,11.465,0.020183,-0.21265,-0.27523
11.471,0.86661,-0.2754,-0.39025,11.475,0.023848,-0.26824,-0.274
11.481,1.0064,-0.3669,-0.30253,11.485,0.011631,-0.27068,-0.23124
11.491,1.0612,-0.26619,-0.29759,11.495,-0.01708,-0.20226,-0.18176
11.501,1.0656,-0.076055,-0.42736,11.505,-0.064116,-0.10697,-0.15122
11.511,0.85841,0.15027,-0.70098,11.515,-0.11604,-0.033054,-0.14389
11.521,0.81112,0.31592,-0.83879,11.525,-0.15514,0.0042089,-0.17321
11.531,0.56956,0.25538,-0.81438,11.535,-0.17379,0.021737,-0.19139
11.541,0.36492,0.05689,-0.79295,11.545,-0.18934,0.048802,-0.19337
11.551,0.49188,-0.24336,-0.5652,11.555,-0.19301,0.095839,-0.1836
11.561,0.82833,-0.44803,0.037138,11.565,-0.17102,0.20702,-0.15672
11.571,1.1298,-0.62035,0.10788,11.575,-0.15575,0.34568,-0.12923
11.581,1.0879,-0.82723,0.025251,11.585,-0.13192,0.45381,-0.09502
11.591,0.8905,-0.92516,-0.2889,11.595,-0.12028,0.54812,-0.03534
11.601,0.68992,-0.89958,-0.37994,11.605,-0.097103,0.58575,-0.004612
11.611,1.0996,-0.60983,-0.53462,11.615,-0.093438,0.63462,0.0027183
11.621,1.2738,-0.573,-0.33834,11.625,-0.08061,0.74336,0.013103
11.631,1.6006,-0.45371,-0.1957,11.635,-0.066414,0.80703,0.028025
11.641,1.77,-0.43018,-0.26832,11.645,-0.055564,0.97243,0.050366
11.651,1.9485,-0.4747,-0.20651,11.655,-0.048845,1.1001,0.063194
11.661,1.9004,-0.60629,-0.14077,11.665,-0.047623,1.207,0.072357
11.671,1.7512,-0.60518,-0.066589,11.675,-0.053121,1.284,0.071135
11.681,1.5302,-0.56942,-0.031306,11.685,-0.057397,1.3261,0.061361
11.691,1.3761,-0.57757,-0.019308,11.695,-0.062895,1.3567,0.059529
11.701,1.2927,-0.58224,0.059958,11.705,-0.071447,1.4055,0.063194
11.711,1.3668,-0.69486,0.35012,11.715,-0.060451,1.4807,0.079687
11.721,1.2463,-0.84937,0.67962,11.725,-0.040293,1.5821,0.12856
11.731,1.238,-0.81033,0.77375,11.735,-0.013415,1.6878,0.18781
11.741,1.5796,-0.47947,0.76189,11.745,0.026292,1.794,0.23973
11.751,1.7439,-0.15505,0.48346,11.755,0.064165,1.8906,0.26906
11.761,1.6225,-0.0066408,0.29098,11.765,0.10998,2.017,0.26661
11.771,1.5533,0.080154,0.12831,11.775,0.13197,2.0787,0.24829
11.781,1.4965,0.11289,-0.096567,11.785,0.14785,2.1038,0.21835
11.791,1.4222,0.11572,-0.28526,11.795,0.15335,2.0799,0.19209
11.801,1.1853,0.19892,-0.37125,11.805,0.13686,2.039,0.18537
11.811,0.95086,0.33077,-0.2372,11.815,0.12281,1.995,0.19942
11.821,0.58325,0.45572,-0.066489,11.825,0.12403,1.9504,0.22324
11.831,0.36716,0.52072,0.09515,11.835,0.13136,1.8796,0.24523
11.841,0.2857,0.54576,0.2017,11.845,0.13503,1.7916,0.25623
11.851,0.15075,0.62287,0.40214,11.855,0.1222,1.7238,0.24034
11.861,0.20938,0.69845,0.51086,11.865,0.10937,1.6456,0.19331
11.871,0.13546,0.6173,0.78693,11.875,0.099595,1.5863,0.13467
11.881,0.12886,0.51159,1.0085,11.885,0.10754,1.5363,0.075411
11.891,0.082657,0.41244,1.0138,11.895,0.12264,1.4705,0.029658
11.901,0.0063572,0.45076,0.83376,11.905,0.11853,1.4086,0.022877
11.911,-0.15503,0.53659,0.79982,11.915,0.096501,1.3748,0.033928
11.921,-0.32998,0.52119,0.85739,11.925,0.083102,1.3548,0.057085
11.931,-0.40619,0.52223,0.99502,11.935,0.0605,1.342,0.084574
11.941,-0.46243,0.55984,1.0378,11.945,0.045479,1.3284,0.10024
11.951,-0.28825,0.4872,1.1083,11.955,0.020794,1.2663,0.098013
11.961,-0.2153,0.44551,1.2116,11.965,0.010409,1.2314,0.077244
11.971,-0.29454,0.33411,1.2819,11.975,0.0012462,1.185,0.055864
11.981,-0.53651,0.20314,1.4753,11.985,0.0006353,1.1392,0.06014
11.991,-0.64667,0.045471,1.2157,11.995,0.017129,1.0665,0.057696
12.001,-0.5986,-0.10516,1.0264,12.005,-0.002208,1.0095,0.051173
12.011,-0.50715,-0.072233,1.0228,12.015,-0.0018082,0.94738,0.040592
12.021,-0.27303,0.20755,0.89784,12.025,-0.0079168,0.90951,0.024709
12.031,0.1017,0.27898,0.8082,12.035,-0.020745,0.87897,0.011881
12.041,0.12158,0.1488,0.67426,12.045,-0.028581,0.86521,0.0056386
12.051,0.046687,-0.045784,0.56035,12.055,-0.059229,0.73847,0.00027489
12.061,-0.15188,-0.20825,0.44317,12.065,-0.065338,0.68532,0.010049
12.071,-0.32793,-0.39547,0.56087,12.075,-0.062284,0.66272,0.029596
12.081,-0.48758,-0.49082,0.54799,12.085,-0.047623,0.63462,0.052809
12.091,-0.58792,-0.47055,0.35459,12.095,-0.042346,0.59619,0.069484
12.101,-0.50325,-0.21755,0.32046,12.105,-0.022578,0.52344,0.056474
12.111,-0.29849,0.13796,0.34348,12.115,-0.013415,0.49412,0.0069944
12.121,-0.31645,0.30345,0.23431,12.125,-0.0076641,0.48854,-0.026644
12.131,-0.42894,0.32584,-0.020787,12.135,-0.045357,0.41585,-0.06429
12.141,-0.54366,0.21887,0.0089655,12.145,-0.071447,0.34874,-0.061423
12.151,-0.66291,0.51137,-0.56637,12.155,-0.093863,0.37617,-0.10305
12.161,-0.66902,0.38999,-0.39006,12.165,-0.086108,0.30353,-0.042486
12.171,-0.4956,-0.14258,0.4846,12.175,-0.070402,0.23394,0.024142
12.181,-0.37745,-0.18396,0.58927,12.185,-0.048845,0.22779,0.025931
12.191,-0.29778,-0.14354,0.51178,12.195,-0.037083,0.1687,0.025464
12.201,-0.18283,0.0010076,0.42249,12.205,-0.041157,0.13009,0.0084135
12.211,-0.087578,0.26308,0.23847,12.215,-0.05406,0.084508,-0.024996
12.221,-0.22091,0.4228,0.15639,12.225,-0.071447,0.053689,-0.037599
12.231,-0.40122,0.42724,0.15702,12.235,-0.08794,0.024367,-0.03882
12.241,-0.4842,0.29211,0.24648,12.245,-0.090384,-0.011063,-0.03821
12.251,-0.47067,0.084162,0.29754,12.255,-0.081584,-0.048581,-0.02646
12.261,-0.49589,-0.15971,0.30433,12.265,-0.07389,-0.077647,-0.014997
12.271,-0.48089,-0.313,0.31193,12.275,-0.061673,-0.1088,-0.0088881
12.281,-0.42808,-0.43995,0.36354,12.285,-0.046401,-0.13385,-0.0033903
12.291,-0.34944,-0.45753,0.44881,12.295,-0.028075,-0.15278,0.00027489
12.301,-0.26347,-0.3209,0.48066,12.305,-0.01708,-0.17477,-0.013775
12.311,-0.27013,-0.0057653,0.38335,12.315,-0.015476,-0.21054,-0.031217
12.321,-0.29716,0.10629,0.36565,12.325,-0.020745,-0.23647,-0.047983
12.331,-0.39667,0.11587,0.3145,12.335,-0.025021,-0.28901,-0.068753
12.341,-0.5023,0.057348,0.30375,12.345,-0.019523,-0.32077,-0.068142
12.351,-0.50417,-0.021135,0.30281,12.355,-0.010857,-0.35756,-0.063626
12.361,-0.43173,-0.10837,0.29358,12.365,0.0036896,-0.39591,-0.057757
12.371,-0.30136,-0.21882,0.29022,12.375,0.023848,-0.41668,-0.042486
12.381,-0.1361,-0.23612,0.22629,12.385,0.040952,-0.43073,-0.030268
12.391,-0.048403,-0.24701,0.18085,12.395,0.061111,-0.43745,-0.018051
12.401,-0.021787,-0.2133,0.11961,12.405,0.072717,-0.43989,-0.009499
12.411,0.029655,-0.084259,0.02689,12.415,0.071836,-0.45614,-0.011622
12.421,0.072647,0.094955,0.041942,12.425,0.070225,-0.48009,-0.024851
12.431,0.070025,0.10944,0.096171,12.435,0.070274,-0.49914,-0.033323
12.441,0.049842,0.092564,0.14568,12.445,0.070274,-0.50831,-0.034544
12.451,0.033129,0.10741,0.015374,12.455,0.073557,-0.51686,-0.036435
12.461,-0.14138,0.089307,-0.1199,12.465,0.07455,-0.56145,-0.033323
12.471,-0.40237,0.043908,-0.043422,12.475,0.080659,-0.64209,-0.026603
12.481,-0.51683,-0.0083505,0.079153,12.485,0.082491,-0.69584,-0.018662
12.491,-0.56788,0.00025955,0.16789,12.495,0.080659,-0.75571,-0.018662
12.501,-0.55941,0.073575,0.18389,12.505,0.076383,-0.82229,-0.019884
12.511,-0.53705,0.14445,0.18403,12.515,0.063554,-0.89071,-0.020495
12.521,-0.46599,0.21912,0.1685,12.525,0.054391,-0.95302,-0.021105
12.531,-0.34607,0.29014,0.31208,12.535,0.050115,-0.98661,-0.025381
12.541,-0.25841,0.30913,0.39072,12.545,0.045839,-1.0196,-0.027825
12.551,-0.21513,0.29185,0.38834,12.555,0.040952,-1.0587,-0.028436
12.561,-0.27958,0.22788,0.33957,12.565,0.039731,-1.1057,-0.021105
12.571,-0.30639,0.14664,0.38339,12.575,0.037287,-1.1589,-0.014386
12.581,-0.36326,0.051917,0.41084,12.585,0.031789,-1.2224,-0.0070555
12.591,-0.31408,0.10176,0.33859,12.595,0.036676,-1.292,-0.0027794
12.601,-0.25223,0.12791,0.47965,12.605,0.044007,-1.3916,-0.0064446
12.611,-0.19956,0.15102,0.76638,12.615,0.062333,-1.5376,-0.020495
12.621,-0.05504,0.26893,0.94281,12.625,0.073939,-1.6506,-0.055314
12.631,0.11543,0.31946,0.88391,12.635,0.070274,-1.7899,-0.099907
12.641,0.30932,0.31295,0.88647,12.645,0.059278,-1.9536,-0.14145
12.651,0.38635,0.25349,1.0094,12.655,0.050726,-2.1259,-0.17321
12.661,0.42593,0.21612,1.1304,12.665,0.033804,-2.265,-0.18973
12.671,0.73595,0.070497,1.1015,12.675,0.010409,-2.3971,-0.21475
12.681,1.0636,-0.052533,1.0058,12.685,-0.021356,-2.4753,-0.25018
12.691,1.4713,-0.31133,0.93707,12.695,-0.035406,-2.5437,-0.28622
12.701,1.4545,-0.75075,0.69609,12.705,-0.048845,-2.6152,-0.28683
12.711,1.4397,-0.98646,0.55107,12.715,-0.055564,-2.6836,-0.26056
12.721,1.3521,-0.93283,0.28566,12.725,-0.043958,-2.7312,-0.21597
12.731,0.73376,-0.98673,0.42289,12.735,0.0012462,-2.7099,-0.1274
12.741,0.52247,-0.6949,0.43952,12.745,0.044618,-2.5981,-0.028436
12.751,1.3678,-0.14468,0.3015,12.755,0.077604,-2.3971,0.028375
12.761,2.4739,0.34853,0.2657,12.765,0.086617,-2.2992,0.031514
12.771,3.5345,0.54601,-0.052958,12.775,0.022626,-2.0947,-0.026603
12.781,3.8547,0.53938,-0.35497,12.785,-0.031741,-1.9011,-0.054703
12.791,3.2323,0.11259,-0.49505,12.795,-0.059229,-1.6818,-0.014386
12.801,2.5402,-0.072349,-0.85214,12.805,-0.067782,-1.4906,0.021655
12.811,2.5215,0.085747,-1.3148,12.815,-0.061673,-1.3495,0.027153
12.821,2.7701,0.087377,-1.4627,12.825,-0.048845,-1.212,0.010049
12.831,2.8847,0.15195,-1.411,12.835,-0.041514,-1.0905,-0.016829
12.841,2.6301,0.090693,-1.4433,12.845,-0.040904,-0.98967,-0.03149
12.851,2.0938,-0.00063771,-1.5427,12.855,-0.032351,-0.93164,-0.022938
12.861,1.615,-0.08492,-1.512,12.865,-0.028686,-0.87605,0.0014966
12.871,1.3887,-0.11167,-1.3354,12.875,-0.032351,-0.80458,0.029596
12.881,1.3905,-0.13577,-1.1458,12.885,-0.034795,-0.72394,0.05342
12.891,1.358,-0.15161,-1.0889,12.895,-0.047012,-0.65064,0.065637
12.901,1.3365,-0.11389,-1.0872,12.905,-0.064116,-0.57917,0.080298
12.911,1.3499,-0.0201,-1.1054,12.915,-0.081832,-0.5303,0.077244
12.921,1.2764,0.077689,-1.1627,12.925,-0.1081,-0.46616,0.071135
12.931,1.1097,0.15141,-1.1373,12.935,-0.14047,-0.37941,0.075411
12.941,0.90178,0.12651,-0.993,12.945,-0.16735,-0.27007,0.091294
12.951,0.66533,0.032981,-0.92833,12.955,-0.19729,-0.15095,0.11817
12.961,0.39056,-0.045469,-0.91862,12.965,-0.21317,-0.055045,0.14566
12.971,0.24866,-0.085051,-0.87044,12.975,-0.21072,0.0072632,0.16704
12.981,0.066788,-0.18249,-0.6505,12.985,-0.19545,0.0543,0.17804
12.991,-0.079378,-0.30627,-0.46683,12.995,-0.17713,0.11111,0.19086
13.001,-0.15013,-0.38865,-0.40103,13.005,-0.1698,0.17647,0.20491
13.011,-0.030754,-0.41178,-0.33193,13.015,-0.15636,0.22534,0.2153
13.021,-0.034498,-0.39748,-0.26517,13.025,-0.15269,0.26566,0.21774
13.031,-0.0055504,-0.32167,-0.25859,13.035,-0.14964,0.28215,0.21286
13.041,0.00034142,-0.18166,-0.20942,13.045,-0.14231,0.29437,0.20247
13.051,-0.062243,-0.070227,-0.12205,13.055,-0.15025,0.32919,0.19209
13.061,-0.043069,0.037596,0.030788,13.065,-0.15636,0.375,0.1927
13.071,-0.0041083,0.070577,-0.029909,13.075,-0.164,0.41622,0.1815
13.081,0.29774,0.3176,0.075772,13.085,-0.16002,0.46969,0.16032
13.091,0.25192,0.25984,0.1224,13.095,-0.1533,0.51795,0.1481
13.101,0.30939,0.15917,0.20591,13.105,-0.13192,0.56804,0.12733
13.111,0.32413,-0.0087459,0.42075,13.115,-0.11054,0.65417,0.12611
13.121,0.24772,-0.19882,0.55493,13.125,-0.090994,0.7403,0.12795
13.131,0.15701,-0.26723,0.40408,13.135,-0.073279,0.80383,0.13222
13.141,0.083755,-0.25335,0.26256,13.145,-0.042125,0.81238,0.12367
13.151,-0.053604,-0.12358,-0.039871,13.155,-0.036017,0.78184,0.096181
13.161,-0.42225,0.13893,-0.19959,13.165,-0.030519,0.73175,0.059529
13.171,-0.67948,0.19071,-0.2184,13.175,-0.027389,0.70877,0.043432
13.181,-0.82802,0.20984,-0.14943,13.185,-0.0066951,0.66211,0.0045509
13.191,-1.0368,0.14153,-0.13435,13.195,0.016518,0.66944,0.0045509
13.201,-1.1913,0.099836,-0.31695,13.205,0.041563,0.67311,0.0069944
13.211,-1.2579,0.073032,-0.59439,13.215,0.055002,0.65417,0.012492
13.221,-1.4853,0.050537,-0.56701,13.225,0.0605,0.64806,0.028986
13.231,-1.5169,0.0010901,-0.38872,13.235,0.074355,0.66697,0.044462
13.241,-1.4947,-0.024656,-0.24682,13.245,0.099595,0.6841,0.060751
13.251,-1.467,-0.059769,-0.086847,13.255,0.13197,0.72075,0.06747
13.261,-1.4251,-0.060058,-0.12704,13.265,0.15763,0.75557,0.068081
13.271,-1.3747,-0.073158,-0.18508,13.275,0.17229,0.78673,0.071135
13.281,-1.121,-0.070152,-0.33898,13.285,0.17656,0.80078,0.065027
13.291,-1.0886,-0.084701,-0.31396,13.295,0.18084,0.83499,0.058307
13.301,-1.0911,-0.11529,-0.36571,13.305,0.17962,0.87286,0.052809
13.311,-1.0885,-0.13437,-0.38494,13.315,0.18817,0.92967,0.054031
13.321,-1.1393,-0.089861,-0.57499,13.325,0.21199,0.98648,0.048533
13.331,-1.2531,0.036601,-0.8895,13.335,0.21749,0.9877,0.047922
13.341,-1.4905,0.21268,-1.1839,13.345,0.21077,0.9706,0.04609
13.351,-1.5152,0.40535,-1.3416,13.355,0.20528,0.92967,0.037538
13.361,-1.6112,0.57762,-1.331,13.365,0.19672,0.88874,0.037538
13.371,-1.6385,0.58793,-1.1749,13.375,0.18756,0.86492,0.014325
13.381,-1.627,0.60243,-0.9755,13.385,0.18934,0.86223,0.0064354
13.391,-1.4517,0.44477,-0.8161,13.395,0.1955,0.88019,-0.0033903
13.401,-1.3297,0.30695,-0.91166,13.405,0.19428,0.91257,-0.0052229
13.411,-1.1678,0.24915,-1.2238,13.415,0.19184,0.92173,-0.009499
13.421,-1.0367,0.17422,-1.6776,13.425,0.1729,0.89119,-0.011942
13.431,-1.025,0.086304,-1.8584,13.435,0.15091,0.85331,-0.00033598
13.441,-1.2202,-0.055642,-1.3527,13.445,0.14602,0.81422,0.014325
13.451,-1.2223,-0.050454,-1.0706,13.455,0.15702,0.77451,0.033262
13.461,-1.1894,0.049038,-0.93807,13.465,0.17168,0.74397,0.055864
13.471,-0.99582,0.1827,-0.93126,13.475,0.19,0.72014,0.049755
13.481,-0.88834,0.28161,-1.0185,13.485,0.20592,0.68696,0.041439
13.491,-0.77488,0.31791,-1.0602,13.495,0.21444,0.63462,0.03204
13.501,-0.73573,0.24774,-1.0013,13.505,0.21871,0.60225,0.028986
13.511,-0.76,0.11164,-0.97647,13.515,0.2181,0.57903,0.037538
13.521,-0.70397,-0.015929,-1.0684,13.525,0.21261,0.56498,0.049755
13.531,-0.61665,-0.093786,-1.1126,13.535,0.20283,0.55643,0.057696
13.541,-0.53879,-0.06271,-1.1774,13.545,0.19306,0.53139,0.056474
13.551,-0.48847,-0.044615,-1.0453,13.555,0.18756,0.51978,0.054031
13.561,-0.50392,-0.055235,-1.0122,13.565,0.18817,0.49473,0.052198
13.571,-0.54572,-0.061059,-0.94188,13.575,0.19672,0.47335,0.052198
13.581,-0.55039,-0.039342,-0.85873,13.585,0.19787,0.45175,0.052456
13.591,-0.55986,-0.0077868,-0.61032,13.595,0.21261,0.41654,0.065637
13.601,-0.51043,0.044799,-0.25198,13.605,0.22177,0.42265,0.076022
13.611,-0.39587,0.037093,-0.047104,13.615,0.25048,0.45014,0.077244
13.621,-0.28199,-0.010338,-0.24887,13.625,0.24315,0.44037,0.069303
13.631,-0.13094,-0.06443,-0.56148,13.635,0.23154,0.41776,0.058918
13.641,-0.041123,-0.14684,-0.61781,13.645,0.2346,0.41105,0.050977
13.651,-0.11285,-0.21906,-0.50392,13.655,0.23308,0.42539,0.044355
13.661,-0.16503,-0.16019,-0.59768,13.665,0.22971,0.43304,0.026542
13.671,-0.22944,-0.099363,-0.73191,13.675,0.22299,0.41715,0.013714
13.681,-0.26521,-0.033796,-0.91646,13.685,0.21933,0.3805,-0.004612
13.691,-0.31097,0.031244,-0.98023,13.695,0.21444,0.33957,-0.019884
13.701,-0.31699,0.094231,-1.1037,13.705,0.20833,0.29315,-0.030268
13.711,-0.28765,0.1382,-1.1568,13.715,0.19611,0.23817,-0.035155
13.721,-0.045938,-0.02997,-1.0198,13.725,0.18512,0.18564,-0.025992
13.731,0.23955,-0.10359,-0.85765,13.735,0.17595,0.14104,-0.016829
13.741,0.50668,-0.085196,-0.77798,13.745,0.17718,0.11416,-0.014386
13.751,0.62877,-0.059435,-0.62967,13.755,0.17718,0.12211,-0.018051
13.761,0.60266,-0.081959,-0.50024,13.765,0.17901,0.15448,-0.020495
13.771,0.50767,-0.19911,-0.40619,13.775,0.18634,0.18319,-0.021105
13.781,0.41431,-0.27304,-0.55125,13.785,0.18328,0.17769,-0.03149
13.791,0.36006,-0.30216,-0.58218,13.795,0.17459,0.16319,-0.042585
13.801,0.35893,-0.29509,-0.55455,13.805,0.17473,0.13738,-0.064477
13.811,0.39541,-0.32922,-0.55226,13.815,0.17718,0.10683,-0.077305
13.821,0.43151,-0.27369,-0.49729,13.825,0.18024,0.083473,-0.081109
13.831,0.35484,-0.26381,-0.35305,13.835,0.18817,0.087897,-0.074862
13.841,0.23888,-0.2452,-0.21631,13.845,0.19184,0.11722,-0.060201
13.851,0.1163,-0.2385,-0.23635,13.855,0.18878,0.13616,-0.044318
13.861,-0.023862,-0.17999,-0.30159,13.865,0.18878,0.13616,-0.032712
13.871,-0.16751,-0.097805,-0.336,13.875,0.19,0.12638,-0.024771
13.881,-0.27529,-0.025905,-0.27767,13.885,0.19184,0.11478,-0.016218
13.891,-0.29572,-0.010935,-0.16488,13.895,0.20115,0.10272,-0.012986
13.901,-0.2432,-0.054655,-0.022748,13.905,0.20955,0.099504,-0.016829
13.911,-0.19424,-0.15159,0.059156,13.915,0.21016,0.10195,-0.016218
13.921,-0.19307,-0.24248,0.011204,13.925,0.20405,0.11905,-0.011332
13.931,-0.1976,-0.25613,-0.076793,13.935,0.19428,0.12944,0.0021075
13.941,-0.23062,-0.23122,-0.10358,13.945,0.19123,0.11722,0.019823
13.951,-0.23616,-0.14357,-0.14963,13.955,0.18695,0.12455,0.036316
13.961,-0.32291,-0.09389,-0.16524,13.965,0.17656,0.14104,0.049755
13.971,-0.45723,0.0013342,-0.14892,13.975,0.16313,0.13982,0.059529
13.981,-0.48976,0.06639,-0.31671,13.985,0.14969,0.10561,0.0748
13.991,-0.40778,0.17716,-0.29912,13.995,0.14282,0.079877,0.081547
14.001,-0.21714,0.23915,-0.26117,14.005,0.1277,0.093395,0.11023
14.011,-0.068135,0.15095,-0.36303,14.015,0.11548,0.095839,0.15055
14.021,0.038017,0.17912,-0.23875,14.025,0.098374,0.091563,0.18048
14.031,0.036549,0.17316,-0.23843,14.035,0.10815,0.090341,0.18598
14.041,0.012354,0.13872,-0.31216,14.045,0.10815,0.073237,0.17804
14.051,0.051305,0.12973,-0.36254,14.055,0.10143,0.051245,0.16338
14.061,0.17721,0.1456,-0.40575,14.065,0.092876,0.0262,0.14627
14.071,0.3122,0.18135,-0.36496,14.075,0.080659,0.0060415,0.12917
14.081,0.45876,0.27051,-0.2587,14.085,0.065387,0.0023763,0.11206
14.091,0.52975,0.34604,-0.17961,14.095,0.051337,0.013983,0.098624
14.101,0.49857,0.38622,-0.18375,14.105,0.034233,0.015204,0.085796
14.111,0.41754,0.45544,-0.17886,14.115,0.019572,0.018259,0.071746
14.121,0.31803,0.45986,-0.18494,14.125,0.012242,0.010928,0.048533
14.131,0.22773,0.41498,-0.35733,14.135,0.0043005,-0.021447,0.021044
14.141,0.13195,0.3161,-0.41477,14.145,-0.0097494,-0.06543,-0.0076664
14.151,0.12049,0.21231,-0.36514,14.155,-0.013415,-0.10147,-0.035766
14.161,0.12888,0.14917,-0.37352,14.165,-0.02441,-0.13201,-0.061423
14.171,0.092754,0.086626,-0.26403,14.175,-0.048845,-0.13262,-0.077305
14.181,0.04617,-0.0051283,-0.16204,14.185,-0.054343,-0.11674,-0.069364
14.191,0.025383,-0.087123,-0.074008,14.195,-0.05251,-0.11186,-0.058368
14.201,-0.0035581,-0.11907,-0.017141,14.205,-0.04458,-0.11006,-0.047879
14.211,-0.04001,-0.1891,0.11884,14.215,-0.030519,-0.11063,-0.03821
14.221,0.015697,-0.2294,0.21165,14.225,-0.017691,-0.10636,-0.039431
14.231,0.11468,-0.20494,0.2614,14.235,-0.00058643,-0.091086,-0.048594
14.241,0.087008,-0.18236,0.16549,14.245,0.0079657,-0.085588,-0.062033
14.251,-0.014839,-0.20978,-0.0052607,14.255,0.0085765,-0.099027,-0.071807
14.261,-0.11926,-0.30434,-0.074085,14.265,0.015296,-0.12224,-0.082192
14.271,-0.20598,-0.40106,-0.042625,14.275,0.026292,-0.13507,-0.086468
14.281,-0.23051,-0.43334,-0.02221,14.285,0.0324,-0.13934,-0.090133
14.291,-0.32683,-0.43464,-0.062554,14.295,0.033011,-0.13812,-0.083414
